codigo,planificador,dia planificado,consignador,direccion,zona,tipo,precio,texto facebook 1,texto facebook 2,texto facebook 3,texto whatsapp,imagenes
AL3,LISTA 3,Lunes,Jazmín Heresi,"Av. Villarroel, casi Oblitas",Queru Queru,Consultorio dental ,"2,800 Bs.","Consultorio amoblado y equipado en alquiler 🏣

📍Zona Norte
Avenida Villarroel y oblitas 
📐Superficie 39 m²    
💰2800 Bs. 

Información 📱

🚽 1 Baño
✅️ 1 Recepción 

#AL3 #cochabamba #consultorio #alquier #zonanorte #inmobiliarias #bienesraices
",,,"Consultorio en alquiler amoblado y equipado 

📍Zona norte 
Avenida Villarroel y Oblitas 
📐Superficie 39 m²    
💰2.800 Bs. 

🚽 1 Baño
✅️  Recepción 
✅️Muebles ,escritorio,libreros, estantes, equipos dentales, sillones, etc.

Piso 6 (Expensas incluidas)

Agenda tu visita ❗
","https://drive.google.com/file/d/1Q2vVZwpO0JCMUQM6I2M8sgM3QgbtQNu8/view?usp=drive_link, https://drive.google.com/file/d/1vuxUBsTe-KDZm8A4DkLKEzVGlYWkph1S/view?usp=drive_link, https://drive.google.com/file/d/1rP4iys-NR-5McyKcTg9MzKGTXljeqzDp/view?usp=drive_link, https://drive.google.com/file/d/1GMCRtngXImxFHagZyPyWiRDF2k-kOdpX/view?usp=drive_link, "
AL4,LISTA 1,Martes,Gabriel Cañipa,"Av. Juan de la Rosa, esq. Inti Raymi",Sarco,Departamento,"3,500 Bs.","🚨𝐃𝐞𝐩𝐚𝐫𝐭𝐚𝐦𝐞𝐧𝐭𝐨 𝐭𝐨𝐭𝐚𝐥𝐦𝐞𝐧𝐭𝐞 𝐀𝐦𝐨𝐛𝐥𝐚𝐝𝐨 𝐲 𝐞𝐪𝐮𝐢𝐩𝐚𝐝𝐨 𝐞𝐧 𝐚𝐥𝐪𝐮𝐢𝐥𝐞𝐫 🚨

📍 Zona Sarco 
Av. Juan de la Rosa 
📏 187 m²
💵 3.500Bs.
🛏️ 3 Dormitorios (1 en suite)
🛻 𝐏𝐚𝐫𝐪𝐮𝐞𝐨 𝐬𝐮𝐛𝐭𝐞𝐫𝐫𝐚́𝐧𝐞𝐨 𝐢𝐧𝐜𝐥𝐮𝐢́𝐝𝐨

📲 Mayor info y agenda de visitas al:

#AL4 #Departamento #3Dormitorios #Alquiler
#Amoblado #Equipado #Cochabamba #Sarco #Inmobiliaria #BienesRaices #90Noventa #AsesoresInmobiliarios
",,,"🚨𝐃𝐞𝐩𝐚𝐫𝐭𝐚𝐦𝐞𝐧𝐭𝐨 𝐭𝐨𝐭𝐚𝐥𝐦𝐞𝐧𝐭𝐞 𝐀𝐦𝐨𝐛𝐥𝐚𝐝𝐨 𝐲 𝐞𝐪𝐮𝐢𝐩𝐚𝐝𝐨 𝐞𝐧 𝐚𝐥𝐪𝐮𝐢𝐥𝐞𝐫 🚨

📍 Zona Sarco 
Av. Juan de la Rosa 
📏 187 m²
💵 3.500Bs.
🗺️Viene con cortinas en sala y dormitorios

🛌🏻 3 dormitorios, 1 en suite, alfombrados con camas de 1.5, 2 y 2,5 plazas, con 5 almohadas, veladores, colgadores y otros.
🛀🏻 3 baños: de visitas, compartido y privado; Con cajonería en los lavamanos, boxes de vidrio. 
🫕 Cocina cerrada con cajonería alta y baja y equipada con refrigerador, cocina de 6 hornillas, microondas y comedor de diario con mesa y 4 sillas, reloj de pared
🫧 Área de servicio con balcón, lavandería y calefón, además cuarto de lavado con lavadora y secadora, incluye también aspiradoras.
🛋️ Living comedor alfombrados con juego de 4 sillones (3 individuales y 1 triple) almohadones, mesita central y 2 laterales.
-Juego de comedor con mesa larga y 12 sillas.
-Vitrina, estante, aparador y equipo de sonido.
-Adornos y cuadros

🛻 𝐏𝐚𝐫𝐪𝐮𝐞𝐨 𝐬𝐮𝐛𝐭𝐞𝐫𝐫𝐚́𝐧𝐞𝐨 𝐢𝐧𝐜𝐥𝐮𝐢́𝐝𝐨

Para tomar el departamento:
1 mes de alquiler
1 mes de garantía 
50% (del alquiler) comisión inmobiliaria.

Su consulta no molesta! 🫵🏻","https://drive.google.com/file/d/1ebAITlxgrnfHVFbGlM8Jwh1-guDTftws/view?usp=drive_link, https://drive.google.com/file/d/1K_4FfAxNouGx6clskdwjtUT2IW1lLfqy/view?usp=drive_link, https://drive.google.com/file/d/1-jfLMKcQnBvAgShFkq1DUpUzdzLoXGa-/view?usp=drive_link, https://drive.google.com/file/d/1PyNXnwVMuI43_4tCkYT2sBYhoeCL3VuF/view?usp=drive_link, https://drive.google.com/file/d/1Zk96zGKyGEY1FEMPp9c6YuYscU9gOn9J/view?usp=drive_link, https://drive.google.com/file/d/1vVNLoq-HMKhuNU_Ii_HGbOukYiCN-Y_P/view?usp=drive_link, https://drive.google.com/file/d/1jiKmuOu2ICOlCKDkOfasGPxO2b1D6NqF/view?usp=drive_link, "
AL6,LISTA 2,Miercoles,Jazmín Heresi,c. Roberto Prada y Luis Taborga,Mayorazgo,Casa,"3,500 Bs.","CASA EN ALQUILER A MEDIAS AGUAS INDEPENDIENTE 

📌 Zona Mayorazgo 
📍 Roberto Prada ( inmediaciones Hipermaxi)
💰 3,500 bs.
📐 500 m²

Más información 📱

🏠 3 dormitorios 
1 suite (con tina)
2 dormitorios 
🎛️ Cocina cerrada
🚗🚕 Parqueo
🪴 Amplio Jardín

#AL6 #Garzonier #Monoambiente #Inversion #90 #Inmobiliaria #Lote #Viral #Oficina #Asesores #Bienes #Compra #Raices #Comercial #Norte #Ambiente #Bolivia #Inmobiliarios #Terreno #Venta #Departamento #Cochabamba #ViralBolivia #Anticretico #Local #Noventa #Alquiler #Casa #Zona
",,,"CASA EN ALQUILER A MEDIAS AGUAS INDEPENDIENTE 

📌 Zona Mayorazgo 
📍 Roberto Prada ( inmediaciones Hipermaxi)
💰 3,500 bs.
📐 500 m²

🏠 3 dormitorios 
1 suite (con tina)
2 dormitorios 
🎛️ Cocina cerrada 
🛋️Living comedor 
🧽Área de lavado 
🧺 lavandería 
🚗🚕 Parqueo
🪴 Amplio Jardín 
🌳 Árboles frutales (papaya, mandarina, uva, guayaba)
🥩 Parrillero
 🛝 Parque infantil 


Pagos:
Mes de adelanto: 3.500 Bs.
Mes de garantía: 3.500 Bs.
Comisión inmobiliaria: 1.750 Bs.

Si tiene alguna consulta o desea agendar una visita estoy a su servicio
","https://drive.google.com/file/d/1-0p6r28Mq9lGwcqlw05mF3RC8_KnD6M_/view?usp=drive_link, https://drive.google.com/file/d/1E2ST-17KhLKzXa3ZAtEpeM9JP0W6nJoz/view?usp=drive_link, https://drive.google.com/file/d/1nTIVsSeznwkMJ9IsHMQRUPkS4tS0Wkav/view?usp=drive_link, https://drive.google.com/file/d/12h2sWrtc_NCVzlx52TUb2gbAJ2cpiCVU/view?usp=drive_link, https://drive.google.com/file/d/1f5yiFP5Wv6lwfY_ymc1nKJdrA7cvsyo2/view?usp=drive_link, "
AL7,LISTA 3,Jueves,Jazmín Heresi,c. Ecuador y lanza ,Centro,Local Comercial,"3,000 Bs.","𝐋𝐨𝐜𝐚𝐥 𝐂𝐨𝐦𝐞𝐫𝐜𝐢𝐚𝐥 𝐞𝐧 𝐚𝐥𝐪𝐮𝐢𝐥𝐞𝐫

📍 Lanza inmediaciones seduca
📐 32m²
💰3.000Bs
🚽Baño  

👉 Mayor información y agenda de visitas al:      
📲 

#AL7 #locales #cochabamba #Bolivia #Cochabamba #inmobiliaria #localcomercial
",,,"𝐋𝐨𝐜𝐚𝐥 𝐂𝐨𝐦𝐞𝐫𝐜𝐢𝐚𝐥 𝐞𝐧 𝐚𝐥𝐪𝐮𝐢𝐥𝐞𝐫
📌 Zona central 
📍 Ecuador y lanza (inmediaciones seduca)
📐 32m²
💰3.000Bs
🚽Baño  
🎛️ Cocina amplia 
(No cuenta con gas domiciliario)

Ideal para cafetería, tiendas, snacks.

Mes adelantado 3000bs
Garantía 3000bs 
Comisión inmobiliaria 50% del canon de alquiler 

Agenda tu visita ❗

","https://drive.google.com/file/d/1F6ZagDQqb115szED041hIZFMFha37A4g/view?usp=drive_link, https://drive.google.com/file/d/1G2s5PTVSmMJ8hHey8iSF0wer04ckoxZ-/view?usp=drive_link, https://drive.google.com/file/d/1IJ2LyoktNnNjcCNuo005SJw4TOblFKvm/view?usp=drive_link, https://drive.google.com/file/d/1lck6l6xx7cgtF3Kfr-RgW6Wd1ITjWxhE/view?usp=drive_link, https://drive.google.com/file/d/12DHFfscdcz0C7KVCtGk4QHtJiAhtq3_Q/view?usp=drive_link, "
AL9,LISTA 1,Viernes,,Av. Rafael Urquidi,Cala Cala,Departamento,"3,000 Bs.","𝐃𝐞𝐩𝐚𝐫𝐭𝐚𝐦𝐞𝐧𝐭𝐨 𝐝𝐞 𝟑 𝐝𝐨𝐫𝐦𝐢𝐭𝐨𝐫𝐢𝐨𝐬 𝐞𝐧 𝐚𝐥𝐪𝐮𝐢𝐥𝐞𝐫

📍  Zona Cala Cala (plaza de las banderas)
📐Superficie de 121 m² 
💰 3.000 Bs. Expensas incluidas
🚗 𝐏𝐚𝐫𝐪𝐮𝐞𝐨 𝐈𝐧𝐜𝐥𝐮𝐢𝐝𝐨

Contacto 📱

🛏️3 Dormitorios (1 suite, 2 dormitorios con baño compartido)

🛋️  Living - comedor 
🍲 Cocina cerrada con cajonería alta y baja 

#AL9 #Garzonier #Monoambiente #Inversion #90 #Inmobiliaria #Lote #Viral #Oficina #Asesores #Bienes #Compra #Raices #Comercial #Norte #Ambiente #Bolivia #Inmobiliarios #Terreno #Venta #Departamento #Cochabamba #ViralBolivia #Anticretico #Local #Noventa #Alquiler #Casa #Zona
",,,"𝐃𝐞𝐩𝐚𝐫𝐭𝐚𝐦𝐞𝐧𝐭𝐨 𝐝𝐞 𝟑 𝐝𝐨𝐫𝐦𝐢𝐭𝐨𝐫𝐢𝐨𝐬 𝐞𝐧 𝐚𝐥𝐪𝐮𝐢𝐥𝐞𝐫

📍  Cala Cala (plaza de las banderas)
📐Superficie de 121 m² 
3.000 Bs. Expensas Incluidas
🚗 𝐏𝐚𝐫𝐪𝐮𝐞𝐨 𝐈𝐧𝐜𝐥𝐮𝐢𝐝𝐨

🛏️3 Dormitorios (1 suite, 2 dormitorios con baño compartido)
🚪Roperos empotrados 
🛋️  Living - comedor 
🍲 Cocina cerrada con cajonería alta y baja 
Area de lavado



           Precio 3.000Bs. 
           Garantía 3.000 Bs. 
           Comisión 2.100 Bs.
","https://drive.google.com/file/d/1GEs45ki8ed0UIE2t1kZ3HUFwYDZ6BcY7/view?usp=drive_link, https://drive.google.com/file/d/1ZrV1OUCkha5HnQXLm0QkokRxHcAPJil9/view?usp=drive_link, https://drive.google.com/file/d/1-Mee6Bs5Xoi_Jdkk7ZTpmOUs_lzTCHSJ/view?usp=drive_link, https://drive.google.com/file/d/1rPDSY_xwaliUBQ59u39QikluiJ17zmsJ/view?usp=drive_link, https://drive.google.com/file/d/1JRiVHrOc17O6od0_1G2vJ-v6qNST49fw/view?usp=drive_link, https://drive.google.com/file/d/1RLlF0pj_p5r9Me4QVKWIQ5fABymlcXrb/view?usp=drive_link, "
AL10,LISTA 2,Sabado,,"Av. Beijing, equina Mejillones",Sarco,Departamento,"2,700 Bs.","EN ALQUILER DEPARTAMENTO DE 3 DORMITORIOS

📍 Beijing y Tadeo 
📐 140m2
💰Costo 2.700 Bs.

Más información 📱

🛏️ 1 Dormitorio suite con cama empotrada de dos plazas 
🛏️ 2 dormitorios simples 
🚿1 Baño compartido 
🛋️ Living Comedor 
🚿1 baño de vistas 
🍴 Cocina cerrada
🧼Área de lavado 
⬆️ Ascensor 

🚙 Parqueo extra 250 bs. Mensual 
✨Sin expensas 

#AL10 #Garzonier #Monoambiente #Inversion #90 #Inmobiliaria #Lote #Viral #Oficina #Asesores #Bienes #Compra #Raices #Comercial #Norte #Ambiente #Bolivia #Inmobiliarios #Terreno #Venta #Departamento #Cochabamba #ViralBolivia #Anticretico #Local #Noventa #Alquiler #Casa #Zona
",,,"EN ALQUILER DEPARTAMENTO DE 3 DORMITORIOS
📍Beijing y Tadeo 
📐140m2
🏙️Piso 5

🛏️ 1 Dormitorio suite con cama empotrada de dos plazas y baño privado 
🛏️ 2 dormitorios simples 
🚿1 Baño compartido 
🛋️ Living Comedor 
🚿1 baño de vistas 
🍴 Cocina cerrada
🧼Área de lavado 
⬆️ Ascensor 
📞Portero eléctrico 
(sin áreas comunes)

🚙 Parqueo extra 250 bs. Mensual 
✨no se paga expensas
(el agua se prorratea por persona)
 
Precio: 2.700 Bs.-
Garantía: 2.700 Bs.-
Comisión: 1.350 Bs.-

","https://drive.google.com/file/d/1AWoRenivA1DvN18iif_65uH-mJekkCBM/view?usp=drive_link, https://drive.google.com/file/d/13_JziNG6TDzpa0qgkx2U5dKQQEXHYJ41/view?usp=drive_link, https://drive.google.com/file/d/1xsNnWqiwNG9_qrCMC5G7CnI-6h541kiA/view?usp=drive_link, https://drive.google.com/file/d/1_Ubp6T9xOFBuZnkQ_sSzD2sSxwZTzJUH/view?usp=drive_link, https://drive.google.com/file/d/1CLBCCyvYF_Hsx16ZGWDaqcwUg4rhTciK/view?usp=drive_link, "
AL11,LISTA 3,Domingo,,Av. Rafael Urquidi,Cala Cala,Mezanine Comercial,"6,000 Bs.","✨‼️♦️𝐌𝐞𝐳𝐚𝐧𝐢𝐧𝐞 𝐂𝐨𝐦𝐞𝐫𝐜𝐢𝐚𝐥 𝐞𝐧 𝐚𝐥𝐪𝐮𝐢𝐥𝐞𝐫♦️‼️✨

💵 Precio es de 6.000 Bs.
🧱 Superficie total 121.66 m² 
📍Ubicada en la Av. RAFAEL URQUIDI a pasos del Surtidor Ayacucho

𝐀𝐠𝐞𝐧𝐝𝐚 𝐭𝐮 𝐯𝐢𝐬𝐢𝐭𝐚❗
📲

#AL11 #Garzonier #Monoambiente #Inversion #90 #Inmobiliaria #Lote #Viral #Oficina #Asesores #Bienes #Compra #Raices #Comercial #Norte #Ambiente #Bolivia #Inmobiliarios #Terreno #Venta #Departamento #Cochabamba #ViralBolivia #Anticretico #Local #Noventa #Alquiler #Casa #Zona
",,,"✨‼️♦️𝐌𝐞𝐳𝐚𝐧𝐢𝐧𝐞 𝐂𝐨𝐦𝐞𝐫𝐜𝐢𝐚𝐥 𝐞𝐧 𝐚𝐥𝐪𝐮𝐢𝐥𝐞𝐫♦️‼️✨

💵 Precio es de 6.000 Bs.
🧱 Superficie total 121.66 m² 
📍Ubicada en la Av. RAFAEL URQUIDI 

CARACTERÍSTICAS:
✔️ Baño privado 
✔️ Primer piso
✔️ Vista a la calle

Alquiler 6.000 bs
Garantía 6.000 bs
Comisión 4.200bs
","https://drive.google.com/file/d/1hxLj5tCBaQoYin7Gq_S19jfTjUZ4yM3H/view?usp=drive_link, https://drive.google.com/file/d/1xEwVC5TJvsXqm6ueu-bEFarLTReH_Z7F/view?usp=drive_link, https://drive.google.com/file/d/17VXtKne3a1Kmg4BteYVWQCSUEj4vKKTU/view?usp=drive_link, https://drive.google.com/file/d/1DCGpzbHOL-xcdOv4teIXlNFBLz3H4pDd/view?usp=drive_link, "
AL12,LISTA 1,Lunes,Cecilia Ardaya,c. Innominada,Arocagua,Departamento,"3,200 Bs.","𝐃𝐞𝐩𝐚𝐫𝐭𝐚𝐦𝐞𝐧𝐭𝐨 𝐝𝐞 𝟑 𝐝𝐨𝐫𝐦𝐢𝐭𝐨𝐫𝐢𝐨𝐬 𝐞𝐧 𝐚𝐥𝐪𝐮𝐢𝐥𝐞𝐫

📍  Arocagua
📐Superficie de 110 m² 
💰 3.200 Bs. 𝐄𝐱𝐩𝐞𝐧𝐬𝐚𝐬 𝐈𝐧𝐜𝐥𝐮𝐢𝐝𝐚𝐬
🚗 𝐏𝐚𝐫𝐪𝐮𝐞𝐨 𝐈𝐧𝐜𝐥𝐮𝐢𝐝𝐨

Cualquier duda o consulta estoy a su servicio 🤝 contacto al 📱

🛏️3 Dormitorios 
🛋️  Living - comedor 
🍲 Cocina abierta

Areas comunes 

#AL12 #Cochabamba #alquiler #departamento#3dormitorios #Arocagua #aestrenar#90Noventa #bienesraices #inmobiliaria #Sacaba#departamentonuevo#nuevo#parqueo
",,,"𝐃𝐞𝐩𝐚𝐫𝐭𝐚𝐦𝐞𝐧𝐭𝐨 𝐝𝐞 𝟑 𝐝𝐨𝐫𝐦𝐢𝐭𝐨𝐫𝐢𝐨𝐬 𝐞𝐧 𝐚𝐥𝐪𝐮𝐢𝐥𝐞𝐫

📍  Arocagua
📐Superficie de 110 m² 
💰 3.200 Bs. 𝐄𝐱𝐩𝐞𝐧𝐬𝐚𝐬 𝐈𝐧𝐜𝐥𝐮𝐢𝐝𝐚𝐬
🚗 𝐏𝐚𝐫𝐪𝐮𝐞𝐨 𝐈𝐧𝐜𝐥𝐮𝐢𝐝𝐨

🛏️3 Dormitorios (1 suite, 2 dormitorios con baño compartido)
🚪Roperos empotrados 
🛋️  Living - comedor 
🍲 Cocina abierta

Areas comunes :
🫧Piscina
💪 Gym equipado
🥩 3 parrilleros
🌆 Salón de copropietarios
🛝 Parque infantil 

                  Precio 3.200 Bs. 
                  Garantía 3.200 Bs. 
                  Comisión 1.600 Bs. 

Cualquier duda o consulta estoy a su servicio 🤝
","https://drive.google.com/file/d/1dbClpa1a5b0T87xnEwWwZUnCOjCyx3UE/view?usp=drive_link, https://drive.google.com/file/d/1cipdcHq_jWOGKj1kVWkt_yySIchEgXoi/view?usp=drive_link, https://drive.google.com/file/d/12JFNIzXBChu05PPonEJLKJs_mn0X5BMD/view?usp=drive_link, https://drive.google.com/file/d/1X375xqadGz8tSS6XkCSI-BJmzqQqWSJh/view?usp=drive_link, https://drive.google.com/file/d/13Rz7BD0VYKXK08HXQSTyewX6N9mjznIt/view?usp=drive_link, https://drive.google.com/file/d/1reef_grt1C_zO5pycPGiNDyLx67YlpkX/view?usp=drive_link, "
AL13,LISTA 2,Martes,Cecilia Ardaya,c. Pedro Blanco Nº 414,Queru Queru,Departamento,"3,000 Bs.","📍Departamento 2 dormitorios 
cerca a  Av. Santa Cruz 

Zona Queru Queru
Excelente Ubicación!! 
🚘 Incluye parqueo 
💵 Alquiler Bs 3.000 

Mayor información 📱:

💵 Incluye expensas y agua

📍Áreas comunes

#AL13 #centro #departamento #cochabamba  #domicilio #Noventa##zona #zonanorte #Bolivia #bolivia #excelentezona #2dormitorios#90Noventa #calacala#alquiler# Queruqueru
",,,"📍Departamento 2 dormitorios 
cerca a  Av. Santa Cruz

💵 Alquiler Bs.3.000 (incluye expensas)


🛋️ Living – comedor con iluminación natural
🍲Cocina americana cajoneria alta y baja
🫧 Área de lavado
🛏️ 2 dormitorios con roperos empotrados
🚽 Baño compartido con roperos empotrados

Áreas comunes 
🥩Parrillero 
🌆 Salón de copropietarios 
🎽 Jaulas de secado


                     Alquiler 3.000 Bs
                   Garantía 3.000 Bs. 
           Comisión Inmobiliaria 1.500Bs


Cualquier duda o consulta estoy a su servicio 🤝","https://drive.google.com/file/d/1JCQX1r7kcMHs_h_NRY1TJhYIdxW_ty5s/view?usp=drive_link, https://drive.google.com/file/d/1YkP-WBnsyMiee7nij-b5XBz8JZXkHUJ0/view?usp=drive_link, https://drive.google.com/file/d/1Jcjxd3fIPMtYp6zmJmZy-lfwL-sqQisl/view?usp=drive_link, https://drive.google.com/file/d/1iorPAPF5jT8DrIB9MmywnVp5O-e7gVh1/view?usp=drive_link, https://drive.google.com/file/d/14Ljxop7g-tkZKZGsXsw_eYxyp-shw6y6/view?usp=drive_link, "
AL14,LISTA 3,Miercoles,,"c. 25 de Mayo, entre Bolívar y Sucre",Centro,Oficinas,"1,300 Bs.","🏢 OFICINAS EN ALQUILER 
𝐎𝐟𝐢𝐜𝐢𝐧𝐚𝐬 𝐜𝐨𝐧 𝐛𝐚ñ𝐨 𝐩𝐫𝐢𝐯𝐚𝐝𝐨 𝐲 𝐞𝐬𝐩𝐚𝐜𝐢𝐨 𝐞𝐥𝐞𝐠𝐚𝐧𝐭𝐞 🔹
📍Zona Central
Más información 📱
📌 25 de mayo
 📐Desde 21 m²
 💰Desde 1.300 Bs (alquiler + expensas)
 🧾 Facturado
 🚗 Parqueo opcional 
#AL14 #Garzonier #Monoambiente #Inversion #90 #Inmobiliaria #Lote #Viral #Oficina #Asesores #Bienes #Compra #Raices #Comercial #Norte #Ambiente #Bolivia #Inmobiliarios #Terreno #Venta #Departamento #Cochabamba #ViralBolivia #Anticretico #Local #Noventa #Alquiler #Casa #Zona
",,,"🏢 OFICINAS EN ALQUILER
 Desde 21 m² | Con baño privado | Alfombradas
💰Desde 1.300 Bs (incluye expensas)
 ✔️ Facturado
 ✔️ Ambiente profesional
 ✔️ Ideal para consultoras, servicios, oficinas médicas
 🚗 Parqueo opcional (300 Bs.)
Agende su visita ❗
","https://drive.google.com/file/d/1uLY_oNLQfh2yJvV14rL8sqkBZie0hfAO/view?usp=drive_link, https://drive.google.com/file/d/1J4JwaYOhSvgEng8IAZFwRrWkOp-ONCro/view?usp=drive_link, https://drive.google.com/file/d/198dH2RIsMxUuamaCXmsdcXNdbZqeL3CV/view?usp=drive_link, https://drive.google.com/file/d/1k80SiHTTQal_tBfGR2scXKgzUMBx0231/view?usp=drive_link, https://drive.google.com/file/d/1jH45WS-nGUslgXLatvydXecEeTZkX_2w/view?usp=drive_link, "
AL15,LISTA 1,Jueves,,"c. 25 de Mayo, entre Bolívar y Sucre",Centro,Local Comercial,"8,000 Bs.","🏬 LOCAL COMERCIAL EN ALQUILER
𝐋𝐨𝐜𝐚𝐥 𝐞𝐧 𝐚𝐥𝐪𝐮𝐢𝐥𝐞𝐫 – 𝐏𝐥𝐚𝐧𝐭𝐚 𝐁𝐚𝐣𝐚 🔹
 ¡Ideal para tu tienda o showroom!
Más información 📱

📍Zona céntrica
 📐56.21 m²
 💰8.000 Bs 
 🧾 Facturado
 🚗 Parqueo opcional
✨ Frente hacia la calle
 ✨ Excelente visibilidad

#Al15 #Garzonier #Monoambiente #Inversion #90 #Inmobiliaria #Lote #Viral #Oficina #Asesores #Bienes #Compra #Raices #Comercial #Norte #Ambiente #Bolivia #Inmobiliarios #Terreno #Venta #Departamento #Cochabamba #ViralBolivia #Anticretico #Local #Noventa #Alquiler #Casa #Zona
",,,"🏬 LOCAL COMERCIAL EN ALQUILER
📌 Zona central 
📍Av. 25 de mayo y Sucre 
 LOCAL EN ALQUILER – PLANTA BAJA
 Ideal para tienda, showroom o atención al cliente.
📐56.21 m²
 💰8.000 Bs
 ✔️ Facturado
 ✔️ Sin expensas
 ✔️ Frente al ingreso del edificio
 🚗 Parqueo opcional (300 Bs adicional)
Agende su visita ❗
","https://drive.google.com/file/d/1TqcX2_ZVOEjpJSCf2WsOlWLjrb3hMSkR/view?usp=drive_link, https://drive.google.com/file/d/1CNTq9IwQtiL8LBp4ka3E2-JTSJUBkIPO/view?usp=drive_link, https://drive.google.com/file/d/1MlAU2_aMdR4Agbe2SbSw_ct_pTPwjNlG/view?usp=drive_link, https://drive.google.com/file/d/1I8Ne6w6Q7heKFZG_CZkNaeaMsxrFy81a/view?usp=drive_link, "
AN1,LISTA 2,Viernes,Jazmín Heresi,Av. Niceto Rodriguez,Colquiri Sud,Departamento,"35,000 $us.","Departamento de 3 dormitorios en Anticretico 

📍Inmediaciones América oeste final 
 Avenida Niceto Rodríguez 3 cuadras al norte 
💰 35.000 $us.
📐133m²
🪙𝐓𝐢𝐩𝐨 𝐝𝐞 𝐜𝐚𝐦𝐛𝐢𝐨: 𝟔,𝟗𝟔 𝐁𝐬.

Más información: 📱❗

𝟑 𝐝𝐨𝐫𝐦𝐢𝐭𝐨𝐫𝐢𝐨𝐬 𝐜𝐨𝐧 𝐫𝐨𝐩𝐞𝐫𝐨𝐬 𝐞𝐦𝐩𝐨𝐭𝐫𝐚𝐝𝐨𝐬
1 Suite
2 Dormitorios 
2 Baños 
🍴Cocina estilo americana
🛋️Living comedor
✨Balcón con área de lavado

#AT1 #Garzonier #Monoambiente #Inversion #90 #Inmobiliaria #Lote #Viral #Oficina #Asesores #Bienes #Compra #Raices #Comercial #Norte #Ambiente #Bolivia #Inmobiliarios #Terreno #Venta #Departamento #Cochabamba #ViralBolivia #Anticretico #Local #Noventa #Alquiler #Casa #Zona
",,,"Departamento de 3 dormitorios en Anticretico 

📍Inmediaciones América oeste final 
 Avenida Niceto Rodríguez 3 cuadras al norte 
💰 35.000 $us.
📐133m²
🪙𝐓𝐢𝐩𝐨 𝐝𝐞 𝐜𝐚𝐦𝐛𝐢𝐨: 𝟔,𝟗𝟔 𝐁𝐬.

𝟑 𝐝𝐨𝐫𝐦𝐢𝐭𝐨𝐫𝐢𝐨𝐬 𝐜𝐨𝐧 𝐫𝐨𝐩𝐞𝐫𝐨𝐬 𝐞𝐦𝐩𝐨𝐭𝐫𝐚𝐝𝐨𝐬
1 Suite
2 Dormitorios 
1 Baño compartido 
1 Baño de Visitas 
🍴Cocina estilo americana con cajonería alta y baja
🛋️Living comedor
✨Balcón con área de lavado
Piso 8 A orientación norte
🗃️ Expensas 350bs (incluye agua, mantenimiento edificio, ascensor y portería 24/7
🥳Sala de Copropietarios
🧼Área de lavado

𝐀𝐠𝐞𝐧𝐝𝐚 𝐭𝐮 𝐯𝐢𝐬𝐢𝐭𝐚❗
","https://drive.google.com/file/d/10q9KON4RRf1WbBzQYuj_xtEJAfw3IsLw/view?usp=drive_link, https://drive.google.com/file/d/1NWujOzfcmzxtV2fbeIZQCjJYIIqi3m4v/view?usp=drive_link, https://drive.google.com/file/d/1d2PwqGVYjpXjzmzlzE5iT7p47SmiNnfm/view?usp=drive_link, https://drive.google.com/file/d/1Nz-QkXLD_TSYYejhNV1_dCIJqZnXD_X-/view?usp=drive_link, https://drive.google.com/file/d/1ckhMziAHOhI_xvRMqn1P2h-iBro7NkLX/view?usp=drive_link, https://drive.google.com/file/d/1wsSYEtcroBEJzUJuJ2ec4C5c92bhU4hB/view?usp=drive_link, "
PV1,LISTA 3,Sabado,Jazmín Heresi,Av. Perú y Virreinato de Lima,Cala Cala,Edificio de Departamentos,"42,816 $us.","𝐃𝐞𝐩𝐚𝐫𝐭𝐚𝐦𝐞𝐧𝐭𝐨s 𝐞𝐧 𝐏𝐫𝐞𝐯𝐞𝐧𝐭𝐚

Ideal para administración de Airbnb 

📍Ubicado en Zona Cala Cala, Av.  Perú 

🏢 DEPARTAMENTOS 1 y 2 DORMITORIOS
💰 1.200$us/2

📱 Solicita más información:

🚧HAZ TU RESERVA YA !!! 

💵Invierte y ahorra 

#PV1 #Departamento #Cochabamba #inversion #preventa","💎 DEPARTAMENTOS EN PREVENTA – INVERSIÓN INTELIGENTE EN CALA CALA 💎

📍 Zona Cala Cala – Av. Perú
🏙️ Ubicación estratégica con alta demanda para alquiler
🏢 Departamentos de 1 y 2 dormitorios
✨ Ideales para vivienda o administración Airbnb
📈 Excelente oportunidad de plusvalía e ingreso pasivo
💵 Invierte hoy y ahorra en etapa de preventa
🚧 Reserva tu unidad ahora

📲 Solicita más información y disponibilidad ahora!

#preventa #inversion #airbnb #cala cala #departamento #Noventa","💎 DEPARTAMENTOS EN PREVENTA –  EN CALA CALA 💎

📍 Zona Cala Cala – Av. Perú
🏢 Departamentos de 1 y 2 dormitorios
✨ Ideales para vivienda o administración Airbnb

🚧 Reserva ahora

📲 Solicita más información y disponibilidad ahora!

💵 Invierte hoy y ahorra en etapa de preventa

#preventa #inversion #airbnb #cala cala","Proyecto arquitectónico de lujo con departamentos de 1 y dos dormitorios

📍ubicado en Zona Cala cala
av.  Perú 

🏢 DEPARTAMENTOS 1 Y 2 DORMITORIOS
💰 1.200$us /m2 
🎚️Chapa digital domótica 
🚥Luces Led de lujo
🏖Piscina 
Parrillero terraza 
🛞Locales comerciales en venta 

➡️ELEVADOR DE AUTOS (Montacargas)
🚗PARQUEO VEHICULAR
🏍PARQUEOS DE MOTOS 
🚴‍♂️PARQUEO BICICLETAS
      BAULERAS

🏢 SALON MULTIPLE 
💼ADMINISTRACIÓN PROPIA AIRBNB 

¡Agenda tu visita ya! 
","https://drive.google.com/file/d/1yduvWw8hA_rf3JJ3YtHLW0uYfJTXDXTb/view?usp=drive_link, https://drive.google.com/file/d/1m8_4LkJauX6J9s7MdhWwiMQa9lydb6a2/view?usp=drive_link, https://drive.google.com/file/d/1dinw5CMxfKA9TkKSPV4EzMKF70eJbnwd/view?usp=drive_link, , "
PV2,LISTA 1,Domingo,,Av. Linde,Linde,Edificio de Departamentos,"66,470 $us.","𝐃𝐞𝐩𝐚𝐫𝐭𝐚𝐦𝐞𝐧𝐭𝐨𝐬 𝐝𝐞 𝟐 𝐲 𝟑 𝐝𝐨𝐫𝐦𝐢𝐭𝐨𝐫𝐢𝐨𝐬 𝐞𝐧 𝐏𝐫𝐞𝐯𝐞𝐧𝐭𝐚🔹 

ENTREGA JULIO 2026

📍Inmediaciones av. Linde
💰Desde 66.470$
📐Desde 69.24m² 
🪙𝐓𝐢𝐩𝐨 𝐝𝐞 𝐂𝐚𝐦𝐛𝐢𝐨 6.97bs

𝐀𝐠𝐞𝐧𝐝𝐚 𝐭𝐮 𝐯𝐢𝐬𝐢𝐭𝐚❗
📲 

💵𝐑𝐞𝐬𝐞𝐫𝐯𝐚 𝐜𝐨𝐧 𝟏.𝟎𝟎𝟎$𝐮𝐬.

#PV2 #avchillimarca #cochabamba #trojes ",,,"𝐃𝐞𝐩𝐚𝐫𝐭𝐚𝐦𝐞𝐧𝐭𝐨𝐬 𝐝𝐞 𝟐 𝐲 𝟑 𝐝𝐨𝐫𝐦𝐢𝐭𝐨𝐫𝐢𝐨𝐬 𝐞𝐧 𝐏𝐫𝐞𝐯𝐞𝐧𝐭𝐚🔹 
ENTREGA MAYO 2026

📍Inmediaciones av. Linde
💰Desde 66.470$
📐Desde 69.24m² 
🪙𝐓𝐢𝐩𝐨 𝐝𝐞 𝐂𝐚𝐦𝐛𝐢𝐨 6.97bs
💳 Crédito directo con la constructora 


🛏️ 1, 2 y 3 dormitorios
🔐Chapa smart
💡 sistema de control de luces mix pad
🚽 Baños con box de vidrio
🍴Cocina con cajonería alta y baja, horno cocina encimera, extractor  y calefón 
🧼Área de lavado
💵𝐑𝐞𝐬𝐞𝐫𝐯𝐚 𝐜𝐨𝐧 𝟏.𝟎𝟎𝟎$𝐮𝐬.

✨ÁREAS COMUNES
🌊 Piscina
🌡Sauna
🥩Parrillero
🛀Jacuzzi
🛝 Parque infantil
⛲️ Salón social
🎬 Cine
🏋️Gimnasio
👩🏻‍💻Cowork
🐶 Pet friendly 
𝐀𝐠𝐞𝐧𝐝𝐚 𝐭𝐮 𝐯𝐢𝐬𝐢𝐭𝐚❗
","https://drive.google.com/file/d/1m7gbWEgak_zAv99FA4xlarubcZj6b4Df/view?usp=drive_link, https://drive.google.com/file/d/1M7YGdaO8McGyte9-2RRUgOQHs94FEs7l/view?usp=drive_link, https://drive.google.com/file/d/1tol5xpgHrDqnBltYqPlvvtTkmdIeezUd/view?usp=drive_link, https://drive.google.com/file/d/1RKKXMTL6FF_wZ8Hco3blF4G4zTki_qMK/view?usp=drive_link, https://drive.google.com/file/d/1o0y0l1IHd8ki6N8w9g2Ieuev1irIdOOJ/view?usp=drive_link, "
PV3,LISTA 2,Lunes,Gonzalo Fuentes,c. Rico Toro,Queru Queru,Edificio de Departamentos,"22,072 $us.","𝐃𝐄𝐏𝐀𝐑𝐓𝐀𝐌𝐄𝐍𝐓𝐎𝐒 𝐄𝐍 𝐏𝐑𝐄𝐕𝐄𝐍𝐓𝐀 MONOAMBIENTES, HOME STUDIO 1, 𝟐 𝐘 𝟑 𝐃𝐎𝐑𝐌𝐈𝐓𝐎𝐑𝐈𝐎𝐒

📍 C. Pando 
💰 Desde 22.072,00$us Sup. 24.80 m2

𝐀𝐠𝐞𝐧𝐝𝐚 𝐭𝐮 𝐯𝐢𝐬𝐢𝐭𝐚 📲

🛏️ Monoambientes, Home Studio, Departamentos de 1,2 y 3 dormitorios

ENTREGA OCTUBRE 2027

✨𝐀́𝐫𝐞𝐚𝐬 𝐜𝐨𝐦𝐮𝐧𝐞𝐬:  

🏞 Terraza Verde Panorámica  

#PV3 #BienesRaices #DepartamentosNuevos #DepartamentosenPreventa #inversionesinmobiliarias #oficinas #preventa #cochabamba #departamentos #venta #1dormitorio #2dormitorios #preventa #condominio 
",,,"𝐃𝐄𝐏𝐀𝐑𝐓𝐀𝐌𝐄𝐍𝐓𝐎𝐒 𝐄𝐍 𝐏𝐑𝐄𝐕𝐄𝐍𝐓𝐀 MONOAMBIENTES, HOME STUDIO 1, 𝟐 𝐘 𝟑 𝐃𝐎𝐑𝐌𝐈𝐓𝐎𝐑𝐈𝐎𝐒

📍 C. Pando 

Monoambiente
Desde 22.072,00$us Sup. 24.80 m2
Home Studio
Desde 27.011,00$us Sup. 30.18 m2
Departamento 1
Desde 36.924,00$us Sup. 40.80 m2
Departamento 2
Desde 57.993,60$us Sup. 60.41 m2
Departamento 3
Desde 78.748,80$us Sup. 82.02 m2

ENTREGA OCTUBRE 2027

𝐀́𝐫𝐞𝐚𝐬 𝐜𝐨𝐦𝐮𝐧𝐞𝐬:  
🥳 Salón de Copropietarios  
🥩 Parrilleros  
🏋️‍♂️ Gimnasio  
🧖‍♀️ Piscina  
🚿 Lavanderías y Jaulas de Secado

🏞 Terraza Verde Panorámica  

Roperos Empotrados
Cocina cajonería alta y baja 
Acabados de alta calidad
Medidores Independientes
","https://drive.google.com/file/d/1JWOoluVGSdRv_nlsd9DUfeuY2SVxDcUx/view?usp=drive_link, https://drive.google.com/file/d/1kJSpb2SvdDyKE_ONiDIBwNzLReYfW4fP/view?usp=drive_link, https://drive.google.com/file/d/1ZR1tR85UUDpHdOdJ9_zFRpxu70Qg_TJp/view?usp=drive_link, https://drive.google.com/file/d/1QqI_4tZAPFn5g3dl--h1MymEI0eZb3tr/view?usp=drive_link, https://drive.google.com/file/d/1yN3AkMOq3A874kVMU0rfEYVH-kM-ci7f/view?usp=drive_link, https://drive.google.com/file/d/1IyEawxku0ICRNkssUIpee0urH4ChmTKU/view?usp=drive_link, "
PV4,LISTA 3,Martes,Jazmín Heresi,"Av. Uyuni, equina Potosí",Queru Queru,Edificio de Departamentos,"32,408 $us.","Departamentos en Preventa 1 y 2 dormitorios

⚠️ Crédito directo a 20 cuotas plazo⚠️

Entrega Diciembre 2027
📍Av. Uyuni

MAYOR INFORMACION: 
📲

🛏️ Monoambientes, departamentos de 1 y 2 dormitorios

 💸 Desde 32.408$us

✨ Carga de montacoches 
🚗 Parqueos en 3 niveles

#PV4  #preventa #departamentos  ","🚨 PREVENTA EXCLUSIVA – DEPARTAMENTOS CON CRÉDITO DIRECTO 🚨

🏙️ Invierte hoy y paga en cómodas cuotas
📍 Av. Uyuni
🗓️ Entrega: Diciembre 2027
🏢 Monoambientes | 1 y 2 dormitorios
💸 Desde $us 32.408
⚠️ Crédito directo en cuotas
🚗 Parqueos en 3 niveles
🏗️ Sistema de carga con montacoches
✨ Proyecto moderno con excelente proyección de valorización

📲 Contáctame para disponibilidad y asegura tu unidad en etapa de preventa.

#Noventa #viralbolivia #preventadepartamento #plusvalia #Queruqueru "," PREVENTA – DEPARTAMENTOS CON CRÉDITO DIRECTO 🚨

🏙️ Invierte hoy y paga en cómodas cuotas
📍 Av. Uyuni
🗓️ Entrega: Diciembre 2027
🏢 Departamentos 1 y 2 dormitorios
⚠️ Crédito directo 
🚗 Parqueos en 3 niveles
🏗️ Sistema de carga con montacoches
✨ Administración propia de Airbnb 

📲 Contáctame para disponibilidad y .

#Noventa #viralbolivia #preventadepartamento #plusvalia #Queruqueru ","Departamentos en Preventa 1 y 2 dormitorios de lujo

⚠️ Crédito directo en cuotas plazo⚠️
🧱  Entrega Diciembre 2027
 📌 Zona Queru Queru 
 💸 Desde 32.408$us
📍Av. Uyuni (inmediaciones Recoleta)

🛏️ Monoambientes, Departamentos 1 y 2 dormitorios
🛋️ Living comedor, piso revestido en porcelanato 
🍳 Cocina equipada, piso revestido en porcelanato
🛏️ Habitaciones con piso flotante. 

𝐀𝐑𝐄𝐀𝐒 𝐂𝐎𝐌𝐔𝐍𝐄𝐒 
👙 Piscina tipo playa con más de 200 m² 
🧖🏻‍♀️ Sauna seco 
🛝 Jardín para niños 
🛁 Jacuzzi 
🥳 Salón de copropietarios 
🥩 Parrillero 
🍴 Restaurante panorámico 
✨ Carga de montacoches 
🚗 Parqueos en 3 niveles

Proyecto con un toque de Madera, fierro forjado y ladrillo visto.

📌 Ubicado en una zona con gran movimiento económico, rodeado de todo lo que necesita tener 
🏟️ Cerca del Stadium Felix Capriles 
🚌 Cerca de rutas de transporte público 
☕ Cafeterías 
🍽️ Restaurantes 
🎬 Cines 
🛍️ Centros comerciales 
🌳 Parques 
🪩 Discotecas

Agenda tu visita ❗","https://drive.google.com/file/d/1Zp7DElUl2k9PlBH2OTLpKXS8TmIoCNss/view?usp=drive_link,  https://drive.google.com/file/d/17wergLhxvgwu13Duqzz0og3N-GOhht7v/view?usp=drive_link, https://drive.google.com/file/d/15F7SYpW4vbbo-gxh5ycB_5LKfHh3ukFU/view?usp=drive_link, https://drive.google.com/file/d/16x28RN91vMgxfSRCT07VgYlUnVS1DFTW/view?usp=drive_link, https://drive.google.com/file/d/1SuoYwJwBxVAc4lS17rdt2eYFonfUOuDK/view?usp=drive_link, https://drive.google.com/file/d/1S3bEOHXNPyRvUh5t7HtXQGrSP4rTxxc3/view?usp=drive_link, https://drive.google.com/file/d/1_ElCCHGcpVBmAXmAQTkotjgwL0_bIMeN/view?usp=drive_link, https://drive.google.com/file/d/1Qs7ewELci7QabCCAsBR5YciU22h6G4tG/view?usp=drive_link, "
PV5,LISTA 1,Miercoles,Gabriel Cañipa,"Av. Juan Pablo II, entre D´Orbigny y Tadeo Haenke",Zona Seminario,Edificio de Departamentos,"51,600 $us.","𝐃𝐞𝐩𝐚𝐫𝐭𝐚𝐦𝐞𝐧𝐭𝐨𝐬 𝐝𝐞 𝟏, 𝟐 𝐲 𝟑 𝐝𝐨𝐫𝐦𝐢𝐭𝐨𝐫𝐢𝐨𝐬 𝐞𝐧 𝐩𝐫𝐞𝐯𝐞𝐧𝐭𝐚
Aprovecha de asegurar tu inversión al tipo de cambio oficial (6.97 bs.)

📍 Zona Seminario  
🛏️ 1, 2 y 3 dormitorios
Departamentos desde los 40 m2 📐
y desde 51.600 $us 💰

Mayores informes 📱 

𝐄𝐧𝐭𝐫𝐞𝐠𝐚 Diciembre 𝟐𝟎𝟐𝟔

#PV5 #Monoambiente #Bolivia  #Venta #Departamento #Cochabamba ","Monoambientes y 𝐃𝐞𝐩𝐚𝐫𝐭𝐚𝐦𝐞𝐧𝐭𝐨𝐬 𝐞𝐧 𝐩𝐫𝐞𝐯𝐞𝐧𝐭𝐚

Aprovecha de asegurar tu inversión al tipo de cambio oficial (6.97 bs.)

📍 Zona Seminario  
🛏️ 1, 2 y 3 dormitorios
Departamentos desde los 40 m2 📐
y desde 51.600 $us 💰

Mayores informes 📱 

𝐄𝐧𝐭𝐫𝐞𝐠𝐚 Diciembre 𝟐𝟎𝟐𝟔

#PV5 ",,"𝐃𝐞𝐩𝐚𝐫𝐭𝐚𝐦𝐞𝐧𝐭𝐨𝐬 𝐝𝐞 𝟏, 𝟐 𝐲 𝟑 𝐝𝐨𝐫𝐦𝐢𝐭𝐨𝐫𝐢𝐨𝐬 𝐞𝐧 𝐩𝐫𝐞𝐯𝐞𝐧𝐭𝐚, 𝐄𝐧𝐭𝐫𝐞𝐠𝐚 Diciembre 𝟐𝟎𝟐𝟔

📍 Zona Seminario  
🛏️ 1, 2 y 3 dormitorios

Departamentos desde los 40 m2 📐
y desde 51.600 $us 💰

𝐌𝐀𝐒 𝐃𝐄 𝟒𝟎𝟎𝟎 𝐦𝟐 𝐃𝐄 𝐀𝐑𝐄𝐀𝐒 𝐂𝐎𝐌𝐔𝐍𝐄𝐒:
  
🏊🏻Piscina 30m2  
🏀Cancha multidisciplinaria  
🥩Churrasqueros  
🏋🏻Gimnasio equipado  
🏃🏻‍♀️Circuito de trote 🛝Parque Infantil  
🥳Salón de copropietarios para 200 personas  
🐶Pet Park  
⛲ Áreas verdes y fuentes  
🛋️Lobby tipo hotel  
🚲Parqueo para bicicletas  
🌆Terraza panorámica  
🍭Candy bar  
🧼Lavanderías comunes  
👕Jaulas de secado  
🧖🏻‍♀️Jacuzzi  
🌉Puente colgante entre torres

𝐀𝐠𝐞𝐧𝐝𝐚 𝐭𝐮 𝐯𝐢𝐬𝐢𝐭𝐚❗
","https://drive.google.com/file/d/1paqgIZHVVJV4a2DO1rv0j6t-D2532cfS/view?usp=drive_link, https://drive.google.com/file/d/1SwfrsC5i-yUNhnwnvDzOgsKxyUNLvk3b/view?usp=drive_link, https://drive.google.com/file/d/13ZXlbR6gBsF_6GSMtqOIR3TsMMZmRIU4/view?usp=drive_link, https://drive.google.com/file/d/1C_GJTjCf9jsQV0AhSzDpi33g2AJKE0V6/view?usp=drive_link, https://drive.google.com/file/d/1OQslTyuAVyHU_jPPN9AGNQPz0Uf9Cv1K/view?usp=drive_link, https://drive.google.com/file/d/1XtIEFDqNUo_ypnB_e4E7tncgLifOkf7c/view?usp=drive_link, https://drive.google.com/file/d/12DbMwZTwAMIhJDKOd0Oll9-3XP5lpQue/view?usp=drive_link, https://drive.google.com/file/d/1DGLnECBsL_IL1XPPX20Ge4xswRdICA7M/view?usp=drive_link, https://drive.google.com/file/d/1lxZ3BuJqpokexfQ1ZYQ9gyGWKIqQmFjw/view?usp=drive_link, https://drive.google.com/file/d/1TUf25i7r134--Nt11nl9HTk2vpMT_79H/view?usp=drive_link, https://drive.google.com/file/d/1YccAxQ3NPdAk6VzW_Hqd_7AEk10peVGv/view?usp=drive_link, https://drive.google.com/file/d/1Lnjyk0qsNu9SSMilsnFUOa08o28M0xp3/view?usp=drive_link, "
PE1,LISTA 2,Jueves,Jazmín Heresi,Parque del Arquitecto,Tupuraya,Edificio de Departamentos,"169,995 $us.","Departamentos de Lujo en venta❗

🤩Amenidades exclusivas con membresía para co-propietarios
Y mucho más....

📍Parque del arquitecto próximo a la Av América
✅ Desde 169.995$us (tipo de cambio del día)
📏 Desde 113.33m2

Más información 📱  

🛌Dptos. de 3 Dormitorios
🍳Cocina totalmente equipada 

#PE1 #construcciondecalidad #cochabamba #venta ","💎 DEPARTAMENTOS DE LUJO EN VENTA – EXCLUSIVIDAD Y CONFORT 💎
✨ Vive en un proyecto con amenidades exclusivas y membresía para copropietarios
📍 Parque del Arquitecto – Próximo a Av. América
🏙️ Ubicación estratégica con alta valorización
🏢 Departamentos de 3 dormitorios
📐 Desde 113.33 m²
💰 Desde $us 169.995
🍳 Cocina totalmente equipada
🤩 Amenidades exclusivas + beneficios privados para residentes
💼 Un proyecto pensado para quienes buscan calidad, confort y plusvalía

📲 Solicita más Información 

#Parque #lujo #3Departamentos #Noventa #confort #amenidades"," DEPARTAMENTOS DE LUJO EN VENTA

✨ Vive en un proyecto con amenidades exclusivas y membresía para copropietarios

📍 Parque del Arquitecto – Próximo a Av. América
🏢 Departamentos de 3 dormitorios
📐 Desde 113.33 m²
💰 Desde $us 169.995
🍳 Cocina totalmente equipada
🤩 Amenidadesde lujo

📲 Solicita más Información 

#Parque #lujo #3Departamentos #Noventa #confort #","𝐔𝐋𝐓𝐈𝐌𝐎𝐒 𝐃𝐄𝐏𝐀𝐑𝐓𝐀𝐌𝐄𝐍𝐓𝐎𝐒 𝐄𝐍 𝐕𝐄𝐍𝐓𝐀 𝟑 𝐝𝐨𝐫𝐦𝐢𝐭𝐨𝐫𝐢𝐨𝐬
📌Parque del Arquitecto esquina calle Zenón Salinas

𝐂𝐎𝐍𝐓𝐀𝐌𝐎𝐒 𝐂𝐎𝐍:  
🛏️ Departamentos de 3 habitaciones 
🎛️ Cocinas totalmente Equipadas  
📏 Desde 113.33m2
💰169.995$us
✅ Documentación en orden

✨ Areas comunes totalmente equipadas  
💆🏻‍♀️Spa  
🤽🏻‍♀️Piscina  
😮‍💨Sauna  
🏋🏻‍♀️Gym semi profesional  
🏯Salón de copropietarios  
🥩Churrasquero  
💈Ascensores con desinfección UV.  
🕋 Doble sótano  
🧱Materiales de construcción de primera calidad  
✨Lujo.  
👨‍💻👨‍💻👨‍💻Tecnología y Seguridad en todo el edificio.  
🪙detalles de diseño en color dorado  
☀️Incluye luminarias de diseño  
🚗 Parqueos disponibles valor 15.000$  
🧳Bauleras 5.000 $

Agenda tu visita ❗❗
","https://drive.google.com/file/d/1U4JTXN-wLQWybAvD59BDz7cRoFfLlJ3I/view?usp=drive_link,  https://drive.google.com/file/d/17urzQFehwmsJw_OBYysCaQbSghef1vKf/view?usp=drive_link, https://drive.google.com/file/d/1ims__wshoh1md-W496co2oP_rsMKdtMD/view?usp=drive_link, https://drive.google.com/file/d/1t3-qQ9vXJ0fkkyUo2_sNXAXLV4GDmrS8/view?usp=drive_link, https://drive.google.com/file/d/1e95mX8txtUZe2x7lOq_jYmsCTGI41CrO/view?usp=drive_link, "
PE2,LISTA 3,Viernes,Gabriel Cañipa,"Av. Beijing, equina Mejillones",Sarco,Edificio de Departamentos,"61,800 $us.","D𝐄𝐏𝐀𝐑𝐓𝐀𝐌𝐄𝐍𝐓𝐎𝐒 𝐄𝐍 𝐕𝐄𝐍𝐓𝐀 𝐃𝐄 𝟑 𝐃𝐎𝐑𝐌𝐈𝐓𝐎𝐑𝐈𝐎𝐒

En ENTREGA INMEDIATA

📍 Av. Beijing, Zona Sarcobamba.
🛏️ Departamentos de 3 dormitorios. 
 Desde $us. 61,800
🛋 Living-comedor.  
🎛 Cocina con cajonería alta-baja.

Mayor información 📱

🪙 Al contado y con financiamiento bancario

#PE2 #Bolivia  #Venta #Departamento #Cochabamba ","D𝐄𝐏𝐀𝐑𝐓𝐀𝐌𝐄𝐍𝐓𝐎𝐒 𝐃𝐄 𝟑 𝐃𝐎𝐑𝐌𝐈𝐓𝐎𝐑𝐈𝐎𝐒 𝐄𝐍 𝐕𝐄𝐍𝐓𝐀 

Se acepta financiamiento bancario

📍 Av. Beijing, Zona Sarcobamba.
🛏️ Departamentos Desde $us. 61,800
🛋 Living-comedor.  
🎛 Cocina con cajonería alta-baja.

Mayor información 
#PE2","Vive en plena avenida Beijing.

Departamentos a estrenar de 3 dormitorios

📍 Av. Beijing, Zona Sarcobamba.
🛏️ Departamentos desde $us. 61,800
🏊 Piscina y sauna en las áreas comunes.

Informes y visitas al📱:

#PE2 ","𝐃𝐄𝐏𝐀𝐑𝐓𝐀𝐌𝐄𝐍𝐓𝐎𝐒 𝐄𝐍 𝐕𝐄𝐍𝐓𝐀 𝐃𝐄 𝟑 𝐃𝐎𝐑𝐌𝐈𝐓𝐎𝐑𝐈𝐎𝐒

📍 Av. Beijing, Zona Sarcobamba.

🛏️ Departamentos de 3 dormitorios.  
🛋 Living-comedor.  
🎛 Cocina con cajonería alta-baja.
Desde $us 61.800

Áreas sociales  
🏊 Piscina techada y atemperada
🧖🏻 Sauna  
🥩 Churrasqueros  
🥳 Salón de copropietarios

Posibles Micromercado y Gimnasio de 2 pisos!   🛒

📌 Entrega Inmediata  
🗓. 📑Documentos listos para financiar.

Agende su visita para mañana mismo! ","https://drive.google.com/file/d/1lU5Xtfp15jPV_zjPLoEEUGcU_2mkdhxQ/view?usp=drive_link, https://drive.google.com/file/d/18kDLec_cZsdD_u1dPX3ixd5xtw4hA-yL/view?usp=drive_link, https://drive.google.com/file/d/1AL-TqU7DbtMTp005zni8koeckuHlt2b7/view?usp=drive_link, https://drive.google.com/file/d/1ZHy8YPZQfPMQfUROmTjtl02MM7GFs5HU/view?usp=drive_link, https://drive.google.com/file/d/1iGqNGfDZMYWqTNKy_ApQhKIyay7DVRU4/view?usp=drive_link, https://drive.google.com/file/d/1VGOXAWBHBmULLZQ2yVw-QtTdTlddf4eN/view?usp=drive_link, https://drive.google.com/file/d/1UdZoJFjTTxuE9-01fhorWD4rRNELXL4Q/view?usp=drive_link, https://drive.google.com/file/d/1eyp--dbS9sG9HvD-WmrCjSA3soElLz7E/view?usp=drive_link, "
VN1,LISTA 1,Sabado,Jazmín Heresi,Av. Niceto Rodriguez,Chilimarca,Departamento,"109,500 $us.","Departamento de 3 dormitorios en Venta 

📍Inmediaciones América oeste final 
 Avenida Niceto Rodríguez 3 cuadras al norte 
💰 109.500 $us.
📐133m²
🪙𝐓𝐢𝐩𝐨 𝐝𝐞 𝐜𝐚𝐦𝐛𝐢𝐨: 𝟔,𝟗𝟔 𝐁𝐬.

Más información 📱

“SIN COMISIÓN INMOBILIARIA”

𝟑 𝐝𝐨𝐫𝐦𝐢𝐭𝐨𝐫𝐢𝐨𝐬 𝐜𝐨𝐧 𝐫𝐨𝐩𝐞𝐫𝐨𝐬 𝐞𝐦𝐩𝐨𝐭𝐫𝐚𝐝𝐨𝐬
1 Suite
2 Dormitorios 
2 Baños 
🍴Cocina estilo americana
🛋️Living comedor
✨Balcón con área de lavado

#VN1 #Garzonier #Monoambiente #Inversión #90 #Inmobiliaria #Lote #Viral #Oficina #Asesores #Bienes #Compra #Raíces #Comercial #Norte #Ambiente #Bolivia #Inmobiliarios #Terreno #Venta #Departamento #Cochabamba #ViralBolivia #Anticretico #Local #Noventa #Alquiler #Casa #Zona
",,,"Departamento de 3 dormitorios en Venta

📍Inmediaciones América oeste final 
 Avenida Niceto Rodríguez 3 cuadras al norte 
💰 109.500 $us.
📐133m²
🪙𝐓𝐢𝐩𝐨 𝐝𝐞 𝐜𝐚𝐦𝐛𝐢𝐨: 𝟔,𝟗𝟔 𝐁𝐬.

𝟑 𝐝𝐨𝐫𝐦𝐢𝐭𝐨𝐫𝐢𝐨𝐬 𝐜𝐨𝐧 𝐫𝐨𝐩𝐞𝐫𝐨𝐬 𝐞𝐦𝐩𝐨𝐭𝐫𝐚𝐝𝐨𝐬
1 Suite
2 Dormitorios 
1 Baño compartido 
1 Baño de Visitas 
🍴Cocina estilo americana con cajonería alta y baja
🛋️Living comedor
✨Balcón con área de lavado
Piso 8 A orientación norte
🗃️ Expensas 350bs (incluye agua, mantenimiento edificio, ascensor y portería 24/7
🥳Sala de Copropietarios
🧼Área de lavado

𝐀𝐠𝐞𝐧𝐝𝐚 𝐭𝐮 𝐯𝐢𝐬𝐢𝐭𝐚❗
","https://drive.google.com/file/d/1dDWu0uYUn53AMbL39OLJt9UnXpatXLA1/view?usp=drive_link, https://drive.google.com/file/d/1ajhgQtLT08m9ATIvSDbDf5hm06h-cnoq/view?usp=drive_link, https://drive.google.com/file/d/1IRUqfFJYVqs7rRTT_G5ZxEPWdSDqijGD/view?usp=drive_link, https://drive.google.com/file/d/1kOIrYB32QcC0QlaT6VBmvh151ws9YMmP/view?usp=drive_link, https://drive.google.com/file/d/1HcHkOAHDnq1GQIv_Fi5EqxcC2epqY0Wg/view?usp=drive_link, https://drive.google.com/file/d/16faaCZqfIPUicJqQ2wEJl9Ud8od9LyYG/view?usp=drive_link, "
VN3,LISTA 2,Domingo,,c. Mayor Rocha y 25 de Mayo,Centro,Oficina / Consultorio,"130,000 $us.","🏬 𝐎𝐅𝐈𝐂𝐈𝐍𝐀 𝐄𝐍 𝐕𝐄𝐍𝐓𝐀

📍 Inmediaciones Plazuela Colón. 

📐 90 m2
💵 130.000 $us

Mayor información:
📲
“SIN COMISIÓN INMOBILIARIA”

✨Amplio ambiente
👉🏼Piso 1 
🚽 2 baños
🍴Cocineta Abierta

#VN3 #Garzonier #Monoambiente #Inversión #90 #Inmobiliaria #Lote #Viral #Oficina #Asesores #Bienes #Compra #Raíces #Comercial #Norte #Ambiente #Bolivia #Inmobiliarios #Terreno #Venta #Departamento #Cochabamba #ViralBolivia #Anticretico #Local #Noventa #Alquiler #Casa #Zona
",,,"🏬 𝐎𝐅𝐈𝐂𝐈𝐍𝐀 𝐄𝐍 𝐕𝐄𝐍𝐓𝐀

📍 Inmediaciones Plazuela Colón. 

📐 90 m2
💵 130.000 $us

✨Amplio ambiente
👉🏼Piso 1
🚽 2 baños
🍴Cocineta Abierta
♦️Expensas 350Bs
💵Tipo de cambio OFICIAL

Agenda tu visita‼️
","https://drive.google.com/file/d/1klaIzeBGQaYOp0jYUbgDYf87hkx7LAzE/view?usp=drive_link, https://drive.google.com/file/d/1w_y99dYj6Fz_pl36u42SjwLi7XJqukJr/view?usp=drive_link, https://drive.google.com/file/d/1CZaMtyWXJIm-kZ9XZET8N_JLTjlv5vI2/view?usp=drive_link, https://drive.google.com/file/d/1-28IHb8JbcL9Vyc_n5Ix-I8z1hWNAdBA/view?usp=drive_link, "
VN4,LISTA 3,Lunes,,Av. Aniceto Arce,Muyurina,Departamento,"140,000 $us.","Departamento de 3 dormitorios en venta

Excelente oportunidad y ubicación
𝐀𝐠𝐞𝐧𝐝𝐚 𝐭𝐮 𝐯𝐢𝐬𝐢𝐭𝐚❗
📱

📍Aniceto Arce 
💰 140.000$ 
📐 90m²
🪙𝐓𝐢𝐩𝐨 𝐝𝐞 𝐂𝐚𝐦𝐛𝐢𝐨 7bs
“SIN COMISIÓN INMOBILIARIA”

#VN4 #Cochabamba  #enventa #condominio ","Departamento en venta en condominio 

Condominio de lujo y con amenidades únicas

📍Aniceto Arce 
💰 140.000$ 
📐 90m²
🪙𝐓𝐢𝐩𝐨 𝐝𝐞 𝐂𝐚𝐦𝐛𝐢𝐨 7bs

𝐀𝐠𝐞𝐧𝐝𝐚 𝐭𝐮 𝐯𝐢𝐬𝐢𝐭𝐚❗
📲

“SIN COMISIÓN INMOBILIARIA”

#VN4",,"Departamento de 3 dormitorios en venta

Excelente oportunidad y ubicación

📍Aniceto Arce 
💰 140.000$ 
📐 90m²
🪙𝐓𝐢𝐩𝐨 𝐝𝐞 𝐂𝐚𝐦𝐛𝐢𝐨 7bs
🛏️ 1 suit 
🛏 2 dormitorios 
🚽 Baños con box de vidrio
🍴Cocina con cajonería alta y baja con pequeña alacena 
🧼Área de lavado
🚙 Parqueo y baulera 
👷🏼 Seguridad 24/7

✨ÁREAS COMUNES
🌊 Piscina
🌡 Sauna 
🥩Parrillero
🛝 Parque infantil
⛲️ Salón social
🏋️Gimnasio
🏐 Cancha de voley o raquet

𝐀𝐠𝐞𝐧𝐝𝐚 𝐭𝐮 𝐯𝐢𝐬𝐢𝐭𝐚❗
","https://drive.google.com/file/d/1GwEBPY1hkX6RU5XGq9CcaRkL3KNe0DzY/view?usp=drive_link, https://drive.google.com/file/d/1VVdvXLftmMf5vSEAd6geWDovDRz8vh_P/view?usp=drive_link, https://drive.google.com/file/d/14zJu-uMXFLmfikikgQFQxU0__UOwEbEG/view?usp=drive_link, https://drive.google.com/file/d/1QagtRAwsejInqAXPx5P38l0Fm5mU_xHv/view?usp=drive_link, https://drive.google.com/file/d/1D-Xsu1L4RXRo66_fGrP8plUE4n6UDw2_/view?usp=drive_link, "
VN5,LISTA 1,Martes,,Puntiti,Puntiti,Departamento,"62,000 $us.","𝐃𝐞𝐩𝐚𝐫𝐭𝐚𝐦𝐞𝐧𝐭𝐨 𝐝𝐞 𝟐 𝐝𝐨𝐫𝐦𝐢𝐭𝐨𝐫𝐢𝐨𝐬 𝐞𝐧 𝐯𝐞𝐧𝐭𝐚

📍 Puntiti
🪙 𝐓𝐢𝐩𝐨 𝐝𝐞 𝐂𝐚𝐦𝐛𝐢𝐨: 7bs
💰 62.000$us.

Para más información, contáctenos
 📲 
“SIN COMISIÓN INMOBILIARIA”

🛏️1 suite 
🛏️1 dormitorio  
🛋️Sala para living y comedor   
🚽Baño 

Superficie
📐Departamento: 86m²
📐Patio: 32m²

✨Áreas Comunes 

🚨No cuenta con parqueo 

#VN5 #venta #2dormitoriosenventa #inversion #departamento #quintanilla #oferta #oportunidaddeinversion #condominio #Noventa 
",,,"𝐃𝐞𝐩𝐚𝐫𝐭𝐚𝐦𝐞𝐧𝐭𝐨 𝐝𝐞 𝟐 𝐝𝐨𝐫𝐦𝐢𝐭𝐨𝐫𝐢𝐨𝐬 𝐞𝐧 𝐯𝐞𝐧𝐭𝐚

📍 Puntiti
🪙 𝐓𝐢𝐩𝐨 𝐝𝐞 𝐂𝐚𝐦𝐛𝐢𝐨: 7𝐁𝐬.
💰 62.000$us.

🔸️ CUENTA CON:
🛏️1 suite 
🛏️1 dormitorio  
🛋️Sala para living y comedor  
🍳 Cocina con cajonería a/b extractor y puertas de vidrio blindex   
🚽Baño 
🧼Lavandería 
⭐Patio amplio propio del departamento

📐Superficie
📐Departamento: 86m²
📐Patio: 32m²

✨Áreas Comunes
🛟 Piscina Climatizada y techada 
🛝Parque infantil 
⚙️Gimnasio 
🥩Churrasquera 

🚨No cuenta con parqueo 
💰 Se acepta financiamiento bancario o compra de deuda 

Agende su visita‼️
","https://drive.google.com/file/d/1tl3IzPkbiRdn9rCoEp_Opm81crbG6CBE/view?usp=drive_link, https://drive.google.com/file/d/1LsNkfk615BWKQ3rBI6OdLWP1rdZAO7wS/view?usp=drive_link, https://drive.google.com/file/d/1f7-bO10S9HwKwes9ycsyHypPKP3gAO-_/view?usp=drive_link, https://drive.google.com/file/d/1kgzEfklEFtqdJsIzotzSKddgeyfjcC6e/view?usp=drive_link, https://drive.google.com/file/d/1uwLOCLs7OGEfV392DxZizbpmTgaSLnkL/view?usp=drive_link, https://drive.google.com/file/d/117tjQ4oiyjsCRlMwGfkC_4QgohaOYzDO/view?usp=drive_link, "
VN6,LISTA 2,Miercoles,Jazmín Heresi,Av. Santa Cruz y Aniceto Padilla,Queru Queru,Departamento,"100,000 $us.","✨DEPARTAMENTO 3 DORMITORIOS EN VENTA ✨

📍Queru Queru 
 Avenida Santa Cruz 
🛏️ 3Dormitorios 
💰100.000 $us.
📐100m²
🚗 Opción de alquilar 

Más información 📱

NO PAGA COMISION INMOBILIARIA
Áreas comunes en terraza🌳

#VN6","DEPARTAMENTO A ESTRENAR EN VENTA 

✨ El departamento que tu familia estaba buscando ya está disponible.

🏡 3 dormitorios | 100 m2
 📍 Queru Queru – Av. Santa Cruz 💰 $us 100.000

 Compra sin pagar comisión inmobiliaria.


📲 Envíame un mensaje y conoce todos los detalles antes de que otra persona lo reserve.
📊 Incluye Wifi

VN68 #queruqueru #venta #departamento3D #Noventa","✨ No todos los días sale a la venta un departamento a estrenar en Queru Queru.

Si buscas comodidad, ubicación y una excelente inversión, esta es tu oportunidad.
📶 Incluye WiFi
🏡 3 dormitorios | 100 m²
📍 Av. Santa Cruz – Queru Queru
💰 $us 100.000
✅ Sin comisión inmobiliaria
✨ A estrenar 

📲 Agenda tu visita hoy. 
Las propiedades a estrenar en esta zona se venden rápido.

 #VN6 #QueruQueru #DepartamentoEnVenta #Noventa #Inversión","𝐃𝐞𝐩𝐚𝐫𝐭𝐚𝐦𝐞𝐧𝐭𝐨 𝐝𝐞 𝟑 𝐝𝐨𝐫𝐦𝐢𝐭𝐨𝐫𝐢𝐨𝐬 𝐞𝐧 𝐯𝐞𝐧𝐭𝐚

📍Inmediaciones Queru Queru 
 Avenida Santa Cruz 

💰100.000 $us.
📐100m²

𝟑 𝐝𝐨𝐫𝐦𝐢𝐭𝐨𝐫𝐢𝐨𝐬 𝐜𝐨𝐧 𝐫𝐨𝐩𝐞𝐫𝐨𝐬 𝐞𝐦𝐩𝐨𝐭𝐫𝐚𝐝𝐨𝐬
1 Suite
2 Dormitorios  
1 Baño de Visitas y compartido
🍴Cocina estilo americana con cajonería alta y baja
🛋️Living comedor
✨Balcón 
🧼area de lavado
Piso 4  orientación Sudoeste vista a la calle de dos dormitorios.
🗃️ Expensas 380bs ( mantenimiento edificio, ascensor y portería 24/7, WiFi)
Departamento a estrenar 

Áreas comunes en terraza🌳
🥳Salon de Copropietarios
🥩Parrilleros
🎠Parque infantil 
🏋🏻‍♀️Gimnasio 
🚿Jaulas de secado y lavanderias 


𝐀𝐠𝐞𝐧𝐝𝐚 𝐭𝐮 𝐯𝐢𝐬𝐢𝐭𝐚❗

","https://drive.google.com/file/d/12H-p6Z5NHaK1ijFM6QtfQuxZecaBNfZC/view?usp=drive_link, https://drive.google.com/file/d/10j-F7Jdn9N2KyhTpZw-vHYbI8V3tFVZb/view?usp=drive_link, https://drive.google.com/file/d/18ZETCzK7lkqcZdDr2Ide1Xaq2rrdjjyL/view?usp=drive_link, "
VN7,LISTA 3,Jueves,Gonzalo Fuentes,Av. Benjo Cruz,Colquiri Sud,Departamento,"473,000 Bs.","GARZONIER EN VENTA 

CON PARQUEO Y BAULERA INCLUIDOS

📍Z. SARCOBAMBA, AV BENJO CRUZ
💰 473.000 bs. 
📐Superficie 36.35 m²

Más Información
📱

🧾Papeles al Día  

#VN7 #Cochabamba #garzonier #venta ","DEPARTAMENTO 1 DORMITORIO EN VENTA 

GARZONIER con papeles al día🧾  

📍Z. SARCOBAMBA, AV BENJO CRUZ
💰 473.000 bs. .  
📐Superficie 36.35 m2

Visitas al:📱

CON PARQUEO Y BAULERA INCLUIDOS

#VN7 ",,"GARZONIER EN VENTA +PARQUEO Y BAULERA 

📍Z. SARCOBAMBA, AV BENJO CRUZ
💰 473.000 bs. .  
📐Superficie 36.34 m²

🛏️1 DORMITORIO
🚽1 BAÑO 
🎛️COCINA ABIERTA
🛋️ SALA

✨ÁREAS COMUNES 
💃🏻SALA DE COPROPIETARIOS 
🥩CHURRASQUERO
SEGURIDAD 24 HRS

🧾Papeles al Día  
🪧Entrega Inmediata  
💸 Pago al Contado  

Para visitar sin compromiso agende conmigo 🫱🏻‍🫲🏼","https://drive.google.com/file/d/1Kq3au5jfaZjxLlUK9rBKQafvQWcXsClX/view?usp=drive_link, , https://drive.google.com/file/d/1Wz8-CGxBLZzeSKPfOx1sitoDZnV4Wz3B/view?usp=drive_link, https://drive.google.com/file/d/1nDmfT_lUiaBtxIC3622zGQsJvj5JCw1-/view?usp=drive_link, "
VN8,LISTA 1,Viernes,Jazmín Heresi,"c. Chipaya, esquina Moyo Moyo",Sarco,Departamento,"365,000 $us.","Penthouse en Venta 

📍  Sarcobamba 
📌 Chipaya (inmediaciones pil express)
📐 Sup. Terreno total 513m 
💸 365.000$us
💰 Tipo de cambio 8Bs

📱 Más información: 

💵 Se acepta financiamiento bancario.

#VN8 #Venta #PentHouse #Cochabamba ","EN VENTA PENTHOUSE SARCO

🌟 Más que un departamento, un estilo de vida.

Si buscas amplitud, comodidad y una ubicación privilegiada, este Penthouse es para ti.
📍 Sarcobamba – Chipaya (inmediaciones Pil Express) 📐 513 m² 💸 $us 365.000 💰 Tipo de cambio 8bs

✅ Financiamiento bancario.

📲 Envíame un mensaje y conoce todos los detalles antes de que salga del mercado.

#Noventa #condominio #seguridad #terraza #VN8","🏡 ¡El penthouse que pocos pueden tener está disponible! ✨

📍 Sarcobamba – Chipaya (cerca de Pil Express) 
📐 233 m² de departamento + amplia terraza privada 🛏️ 3 dormitorios (1 en suite) 🛋️ Living-comedor | Cocina cerrada | Balcón 🎉 Salón de eventos privado, horno de barro y garzonier en terraza. 🚗 Garage | 📄 Papeles al día | 💳 Financiamiento bancario.
💰 $us 365.000 (tipo de cambio 8 Bs

📲 Agenda tu visita hoy. Un penthouse con estas características y ubicación no permanece mucho tiempo disponible.","PENTHOUSE EN CONDOMINIO EN VENTA 

📍  Sarcobamba 
📌 Chipaya (inmediaciones pil express)
📐 Sup. Terreno total 513m²
📐 Sup. Construida departamento 233.35m² 
💸 365.000$us
💰 Tipo de cambio 8Bs 

🛏️1 Suite (bano privado con vestidor)
🛏️2 Dormitorios  
🛁 1 baño con tina a compartir 
🚽1 baño de visitas 
🛋 Living-comedor
🎛 Cocina cerrada
🧱 Dependencias de empleada
🧺 Área de lavado 
🚪Pequeño depósito 
✨ Balcón 
 🕋Terraza 
💃🏻Salón de eventos privado
🍪 Horno de barro 
🏬 Garzonier auxiliar en terraza 
🚙Garage 
📥 Expensas 810Bs

✅ Papeles al día
💵 Se acepta financiamiento bancario.
📌 Entrega Inmediata 🗓.
Cualquier duda o consulta estoy a su servicio 🤝🏻
","https://drive.google.com/file/d/1_4TY4vCA0yj67smyTw2QcoDYlw57B2tP/view?usp=drive_link, https://drive.google.com/file/d/1DfCCrcx9hhc7QjRwghxlOXkYC6Y79dtZ/view?usp=drive_link, https://drive.google.com/file/d/1FtnlbQQhAnmmN2UK6NK-HjsaX7a_SGGh/view?usp=drive_link, https://drive.google.com/file/d/1LM5WNXqWn-LBZtz-dWdfiCFURSahb87b/view?usp=drive_link, https://drive.google.com/file/d/1y0GHoZiIKZ-djgfbcrW21wrsCEJ4-_Fe/view?usp=drive_link, https://drive.google.com/file/d/1CQaMABj7E5NMLGRTH-tTHm61Cw9XcGyJ/view?usp=drive_link, https://drive.google.com/file/d/1QwValQIqrSPMO92inLh-RS-MWl3QrRT2/view?usp=drive_link, https://drive.google.com/file/d/1DvDqX7gy7eNuIB8aorOKJypO32o8PCZz/view?usp=drive_link, https://drive.google.com/file/d/1V9-Th35KusINbkyMVG-VOO_F4HAU_a0g/view?usp=drive_link, https://drive.google.com/file/d/1Z6N8FFQks1aXEAItXBRieFDbRl37JlE7/view?usp=drive_link, "
VN9,LISTA 2,Sabado,Cecilia Ardaya,Urbanización Ura Pacolla,Alto Aranjuez,Casa,"290,000 $us.","🚨 𝐂𝐚𝐬𝐚 𝐝𝐞 𝟒 𝐝𝐨𝐫𝐦𝐢𝐭𝐨𝐫𝐢𝐨𝐬 𝐞𝐧 𝐯𝐞𝐧𝐭𝐚

Dentro de Urbanización, cuenta con seguridad 24 hrs.

📍Zona Alto Mirador Ecológico 
💰 290.000 $us 

Información y visitas:
📱

✨Planta Baja 
✨Planta alta
✨Sótano 
. 
🚗 Garaje para 2 automóviles

📐Sup. terreno: 259 m²  
📐 Sup. Construida 319 m²  
 
#VN9 #Cochabamba #Mirador #Casa #Venta #Alquiler #Anticretico #Inversion #Compra #Venta #Negocio  #Consultora #Inmobiliaria#90Noventa #Propiedad #Bienes #Raices 
",,,"🚨 𝐂𝐚𝐬𝐚 𝐝𝐞 𝟒 𝐝𝐨𝐫𝐦𝐢𝐭𝐨𝐫𝐢𝐨𝐬 𝐞𝐧 𝐯𝐞𝐧𝐭𝐚

Dentro de Urbanización, cuenta con seguridad 24 hrs.

📍Zona Alto Mirador Ecológico 
💰 290.000 $us 

Planta Baja 
🖼️ Amplio Living y Comedor
🚽 Baño de Visitas 
🍴Cocina cajoneria alta y baja  - comedor de diario
🛏️ 1 Suite acondicionada para persona de la tercera edad con baño

Planta alta
🛏️ 1 Suite  
🛏️ 2 Dormitorios
🚽 baño compartido 
🛋️ Sala de estar familiar

Sótano 
👖👚 Área de lavandería 
🖥️ Espacio de escritorio 
🚰 Depósito de agua de 4000 lt. 
Jardín 

🚗 Garaje para 2 automóviles

📐Sup. terreno: 259 m²  
📐 Sup. Construida 319 m²  
 
 
Cualquier duda o consulta estoy a su servicio 🤝
","https://drive.google.com/file/d/1_t-t7IKoZw8aUWHv3-U9Z112YwP4NPzy/view?usp=drive_link, https://drive.google.com/file/d/12wcegUCe2b82DKgrMknBgSaU_2HsR2Gv/view?usp=drive_link, https://drive.google.com/file/d/196E0BCPojV11OvYSuAh8PdXKwVcZdKkZ/view?usp=drive_link, https://drive.google.com/file/d/1TkDOA-o-wiYIU4AGWeGpTcDSYsXgysjN/view?usp=drive_link, https://drive.google.com/file/d/1ACAkOnKkZtfvNOH-E1XO7ypWAdMAs9d6/view?usp=drive_link, https://drive.google.com/file/d/1s8yq-sf55m8NyqtZmFG3B0hcwSV9PusS/view?usp=drive_link, https://drive.google.com/file/d/1px35JFySW3QVWevFYwZGxYwjkrUYOiys/view?usp=drive_link, "
VN13,LISTA 3,Domingo,Jazmín Heresi,Barrio Kami,Colcapirhua,Lote,"824,680 $us.","𝐋𝐨𝐭𝐞 𝐝𝐞 𝐭𝐞𝐫𝐫𝐞𝐧𝐨 𝐞𝐧 𝐯𝐞𝐧𝐭𝐚

📍 Colcapirhua ( 6 cuadras de la Av. Reducto)
Collcapampa (barrio Kami)

📲Informes

💵 Precio m² $265
✨La mejor inversión para el futuro
📐3.112m²
💧Servicios básicos
📝 Financiamiento bancario 
🧾 Papeles al día✅

#VN13 #Cochabamba #terreno #inversión  #lotesenventa #financiamientobancario #colcapirhua #turismo #Cochabamba #terreno #inversión #cochabamba #oruro #santacruz #Bolivia #enventa #condominio #inversionistas #hogar #estilodevida #lotetiquipaya #potosí #inmobiliaria #bienesraices #venta #residentesbolivianosexterior  #loteenventacochabamba #bolivia
",,,"LOTE DE TERRENO EN VENTA🌳🌴

📍 Zona Colcapirhua 

 6 cuadras de la Av. Reducto (Zona de proyección y desarrollo) 
🛣 Collcapampa (Barrio Kami)
🏌️ Próximo a la Universidad Salesiana

📐Superficie 3.112m² 
💵Precio m² $265
🌿🌱 Áreas verdes
💧Pozo de agua propio
🧱 Semi amurallado 

✅ Papeles al día
✅ Servicios básicos
📝 Financiamiento bancario 

Agenda tu visita ❗ ❗ 
","https://drive.google.com/file/d/1yYXBNqkwctUnFNb481eoVtugdQ52yCyO/view?usp=drive_link, https://drive.google.com/file/d/1ojruVd635kPhMYtCDiFEqaPToIpmzbA3/view?usp=drive_link, https://drive.google.com/file/d/1u3bS-Y2UqNUKtvsNkV9kUjmGyM8Xg9A5/view?usp=drive_link, https://drive.google.com/file/d/12kTbIzvl0c8POltq4sEzbgvKNgCDMUm9/view?usp=drive_link, "
AL16,LISTA 1,Lunes,Jazmín Heresi,Colquiri sud ,Colquiri Sud,Departamento,"3,000 Bs.","Departamento Amoblado de 3 dormitorios en Alquiler

📍Inmediaciones América oeste final 
 Avenida Niceto Rodríguez 3 cuadras al norte 
💰 3.000 Bs.
📐133m²
🛏️ 𝟑 𝐝𝐨𝐫𝐦𝐢𝐭𝐨𝐫𝐢𝐨𝐬 ( 1suite)
🚙 Parqueo incluido 

Más información: 📱❗

#AL16 #Inversion #90 #Inmobiliaria #Viral #Asesores #Bienes #Compra #Raices #Comercial #Norte #Ambiente #Bolivia #Inmobiliarios #Departamento #Cochabamba #ViralBolivia #Noventa #Alquiler #Zona

",,,"🚨𝐃𝐞𝐩𝐚𝐫𝐭𝐚𝐦𝐞𝐧𝐭𝐨 𝐀𝐦𝐨𝐛𝐥𝐚𝐝𝐨 𝐲 𝐞𝐪𝐮𝐢𝐩𝐚𝐝𝐨 𝐞𝐧 𝐚𝐥𝐪𝐮𝐢𝐥𝐞𝐫 🚨

📍 Zona Colquiri sud 
Av. Niceto Rodríguez 
📏 133 m²
💵 3.000Bs.
🗺️Viene con cortinas en sala y dormitorios

🛌🏻 3 dormitorios, 1 en suite, con cama d 2  plazas, con almohadas, veladores y otros.
🛀🏻 3 baños: de visitas, compartido y privado; Con cajonería en los lavamanos, boxes de vidrio. 
🫕 Cocina americana con cajonería alta y baja y equipada con refrigerador, cocina de 4 hornallas, comedor de diario con mesa y 4 sillas.
🫧 Área de servicio con balcón, lavandería y calefón, además de lavadora.
🛋️ Living comedor con juego de 3 sillones ( individual, doble y 1 triple) almohadones, mesita central.
-Juego de comedor con mesa larga y sillas.


🛻 𝐏𝐚𝐫𝐪𝐮𝐞𝐨  

Para tomar el departamento:
1 mes de alquiler
1 mes de garantía 
50% (del alquiler) comisión inmobiliaria.

Su consulta no molesta! 

","https://drive.google.com/file/d/1-8epm9_dfwIGRgVElndLmC_a9FWJ_1t9/view?usp=drive_link, https://drive.google.com/file/d/1BQhUMNPgMG0imouKtRwB7ETQrXNlGWGG/view?usp=drive_link, https://drive.google.com/file/d/1EJzuQQE7tvaHwNsqTvhodpBDdXyDqc5O/view?usp=drive_link, https://drive.google.com/file/d/1thqvdgykH1KmQUcTrJDtyAMIP45zJCw6/view?usp=drive_link, https://drive.google.com/file/d/1Oh7wSOpgF6v4gbMjdM2Yeyvr_agarqiM/view?usp=drive_link, https://drive.google.com/file/d/15iIVXdQtUTgfUNA9CtCZfStpSMIIqflC/view?usp=drive_link, "
AX1,LISTA 2,Martes,Jazmín Heresi,Portales y santa cruz ,Queru Queru,Departamento, ,"Necesitas hospedaje en Cochabamba?
Departamento amoblado y equipado por días en Cochabamba🌺🌻

🛏2D con una camas de dos plazas y media c/u
🍴Cocina
🪑Living
🛁Baño privado con jacuzzi 
🪟Cajoneria alta y baja 
🍦 Refrigerador 
⬜ Microondas 
🍶Vajilla necesaria 
📺1 Tv smart
🌐Internet

Precio x día, semanal y mensual 💰

A cuadras del Estadio
Cerca de Supermercados, heladerías, restaurantes, etc 
Mayor información 📱

#AX1 #airbnb #airbnbcochabamba #hospedaje #alquiler #seguidores
",,,"Departamento amoblado y equipado por días en Cochabamba🌺🌻

🟢 _*Check IN 15:00*_
🔴  _*Check OUT 11:00*_
✅ *TARIFARIO*  _( 2 a 4personas)_
▪️ *1 noche  BS.300*
▪️ *7 noches  (semana) BS.1960* 
▪️ *30 noches (mes) BS.6000* 
    
🛏 camas de dos plazas y media c/u 
🍴Cocina equipada 
🪑Living comedor amplio
🛁Baño privado con jacuzzi 
🪟Cajoneria alta y baja 
🍦 Refrigerador 
⬜ Microondas 
⚖️ Doras necesarias
🍶Vajilla necesaria 
💧Área de lavado 
📺 3 Tv smart
🌐Internet

🔎 *NUESTRO SERVICIO INCLUYE:*
✔ *WIFI y Smart TV (no cable)* 

*_Noche adicional 250 bs._

A cuadras del stadium
Cerca de Supermercados, heladerías, restaurantes.","https://drive.google.com/file/d/182ohbuMevgYni8QLE63mZdfU6z4ACXAx/view?usp=drive_link, , "
AX2,LISTA 3,Miercoles,Jazmín Heresi,Avenida Ballivian ,El Prado,Monoambiente , ,"Necesitas hospedaje en Cochabamba?
Monoambiente amoblado por días en Cochabamba🌺🌻

🛏1D con una cama de dos plazas
🍴Cocineta
🪑Living
🛁Baño privado 
🪟Cajoneria alta y baja 
🍦Frigobar
⬜ Microondas 
🍶Vajilla necesaria 
📺1 Tv smart
🌐Internet

Precio x día, semanal y mensual 💰

A cuadras del Estadio
Cerca de Supermercados, heladerías, restaurantes, etc 
Mayor información 📱

#AX2 #airbnb #airbnbcochabamba #hospedaje 
#seguidores",,,"Monoambiente amoblado por días en Cochabamba🌺🌻

🟢 _*Check IN 15:00*_
🔴  _*Check OUT 11:00*_
✅ *TARIFARIO*  _( 1 a 2 personas)_
▪️ *1 noche  BS.250*
▪️ *7 noches  (semana) BS.1610* 
▪️ *30 noches (mes) BS.3000* 
    
🛏 cama de dos plazas y media 
🍴Cocineta
🪑Living
🛁Baño privado 
🪟Cajoneria alta y baja 
🍦Frigobar
⬜ Microondas 
🍶Vajilla necesaria 
📺1 Tv smart
🌐Internet

🔎 *NUESTRO SERVICIO INCLUYE:*
✔ *WIFI y Smart TV (no cable)* 

*_Noche adicional 195 bs._

A cuadras del stadium
Cerca de Supermercados, heladerías, restaurantes.","https://drive.google.com/file/d/1Ngxn_SCiqDNanGX7Sn-aTZigU95DgRxh/view?usp=drive_link, , "
PV6,LISTA 1,Jueves,Gabriel Cañipa,Av. Villarroel esq. Aniceto Padilla,Queru Queru,Edificio de Departamentos,"40,000 Bs.","Departamentos en venta

Vive donde siempre soñaste

📍 Av. Gualberto Villarroel, a pasos del Estadio Félix Capriles
💰 Desde 40,000$us     
✅ Monoambientes y de 2 dormitorios con diseño moderno

📞 ¡Agenda tu visita y hazlo tuyo!
📱
                                                 
💳 Descuentos por pagos al contado, planes de pago directos y financiamiento bancario.

#PV6 #Venta #Departamento #Cochabamba ","Departamentos en Pre venta

💳 Descuentos por pagos al contado, planes de pago directos y financiamiento bancario.

📍 Av. Gualberto Villarroel, a pasos del Estadio Félix Capriles
💰 Desde 40,000 $us    
✅ Monoambientes y 2 dormitorios con diseño moderno

📞 ¡Agenda tu visita y hazlo tuyo!
📱
                                                 
Vive donde siempre soñaste

#PV6","Invierte de forma segura
LA mejor ubicación para alquilarlos!

📍 Av. Gualberto Villarroel, a pasos del Estadio Félix Capriles
💰 Desde 40,000 $us    
✅ Monoambientes y 2 dormitorios con diseño moderno

Agenda tus visitas; 📱

El objetivo es que inviertas y hagas que tu dinero crezca!","𝐏𝐑𝐄 𝐕𝐄𝐍𝐓𝐀 𝐃𝐄𝐏𝐀𝐑𝐓𝐀𝐌𝐄𝐍𝐓𝐎𝐒‼️

📍 Inmediaciones Estadio Felix Capriles

🏢 Modernos departamentos monoambientes y de 2 dormitorios a precios de locura

⭐ Disfruta de los balcones en cada departamento.
💎 Invierte desde $us 40,000 en esta oportunidad única. Ideal para inversionistas.

Tipo de cambio OFICIAL!

Áreas Comunes:
•    Espacioso salón de copropietarios.
•    Refrescante piscina.
•    Relajante sauna y jacuzzi.
•    Espacio Coworking.
•    Gimnasio CrossFit.
•    Impresionante mirador 360° en la terraza.

Agenda tu visita ahora!","https://drive.google.com/file/d/1XVihlwNOltppiisyImXzvPpsCyPz6EPI/view?usp=drive_link, https://drive.google.com/file/d/1Ng6MHd2nhQT2VDjkOSvfNWILFr-4zdll/view?usp=drive_link, https://drive.google.com/file/d/11HqmEoL7F2IIh8W4Aeky3HdlczzkkUnD/view?usp=drive_link, https://drive.google.com/file/d/1xpavCS2NtRkpIwNufEoz8LH-O7tCmfJ5/view?usp=drive_link, https://drive.google.com/file/d/1l_AJgZmr47ngGM3tik9pqqBG4WcZMmTD/view?usp=drive_link, https://drive.google.com/file/d/1hUZXnl5MBesWHucPaqkO9B3zZ0BDym4_/view?usp=drive_link, https://drive.google.com/file/d/1VOREvIXv0NLBZKq_t4wCEG11I4AdYoNk/view?usp=drive_link, "
PV14,LISTA 2,Viernes,Gabriel Cañipa,Av. Villarroel esq. Aniceto Padilla,Queru Queru,Local Comercial,"121,400 $us.","𝐋𝐎𝐂𝐀𝐋ES 𝐂𝐎𝐌𝐄𝐑𝐂𝐈𝐀𝐋ES 𝐄𝐍 𝐏𝐑𝐄𝐕𝐄𝐍𝐓𝐀 

Con vista a la calle

📍Av. Villarroel
💰Desde 121,400 $us
📐Desde 75.88 m²

Mayores informes 📱 

𝐄𝐍 𝐄𝐗𝐂𝐄𝐋𝐄𝐍𝐓𝐄 𝐙𝐎𝐍𝐀 ❗

#PV14 #Garzonier #Oficina #Bolivia #Venta #Cochabamba ","𝐋𝐎𝐂𝐀𝐋ES 𝐄𝐍 𝐏𝐑𝐄𝐕𝐄𝐍𝐓𝐀 

𝐄𝐍 𝐄𝐗𝐂𝐄𝐋𝐄𝐍𝐓𝐄 𝐙𝐎𝐍𝐀 ❗
📍Av. Villarroel
💰Desde 121,400 $us
📐Desde 75.88 m²

Mayores informes 📱 

Con vista a la calle


#PV14 ",,"𝐋𝐎𝐂𝐀𝐋ES 𝐂𝐎𝐌𝐄𝐑𝐂𝐈𝐀𝐋ES 𝐄𝐍 𝐏𝐑𝐄𝐕𝐄𝐍𝐓𝐀 𝐄𝐍 𝐄𝐗𝐂𝐄𝐋𝐄𝐍𝐓𝐄 𝐙𝐎𝐍𝐀 ❗

📍Av. Villarroel

💰Desde 121,400 $us
📐Desde 75.88 m²

Excelente oportunidad para invertir, alquilar o emprender cualquier negocio con un flujo constante de clientes, residentes como procedentes de una de las mejores zonas de la ciudad

Micromercados
Venta de equipos o ropa
Cafeterías
Consultorios medicos o laboratorios
Entre otros...

📝Puede agendar su visita con 24h de anticipación.

🤝Usted no paga ninguna comisión.

Si tiene alguna consulta o desea agendar una visita estoy a su servicio 🫱🏻‍🫲🏼","https://drive.google.com/file/d/1N0IRXRYff1Rhi1J8J-E0TN4FXMkJz3gt/view?usp=drive_link, https://drive.google.com/file/d/1VpZwX5SXs8cTOlUgVS0qqS5nS8UMqmJ0/view?usp=drive_link, https://drive.google.com/file/d/1Ol8HRLW7Gp66VUCtXDzapmL9ex4p-GYn/view?usp=drive_link, https://drive.google.com/file/d/1it5TuxSkihsLhrfGfNr5C8u8iJU9hgGL/view?usp=drive_link, "
PE3,LISTA 3,Sabado,Gabriel Cañipa,Av. Beijing esq. Mejillones,Sarco,Local Comercial,"40,300 $us.","ESPACIOS COMERCIALES EN VENTA

OFICINAS, LOCALES COMERCIALES PARA GIMNASIO Y MICROMERCADO 
𝐄𝐍 𝐄𝐗𝐂𝐄𝐋𝐄𝐍𝐓𝐄 𝐙𝐎𝐍𝐀 ❗

📍Av. Beijing
💰Desde 40,300 $us.
📐Desde 44.73 m²

Mayores informes y reservas 📱

🤝𝐒𝐈𝐍 𝐂𝐎𝐌𝐈𝐒𝐈𝐎𝐍 𝐈𝐍𝐌𝐎𝐁𝐈𝐋𝐈𝐀𝐑𝐈𝐀

#PE3 #Comercial #Bolivia #Inmobiliarios #Venta #Cochabamba #Local","LOCALES Y OFICINAS EN VENTA

ENTREGA INMEDIATA!!

📍Av. Beijing
💰Desde 40,300 $us.
📐Desde 44.73 m²

Mayores informes y reservas 📱

OFICINAS, LOCALES COMERCIALES PARA GIMNASIO Y MICROMERCADO 
𝐄𝐍 𝐄𝐗𝐂𝐄𝐋𝐄𝐍𝐓𝐄 𝐙𝐎𝐍𝐀 ❗

🤝𝐒𝐈𝐍 𝐂𝐎𝐌𝐈𝐒𝐈𝐎𝐍 𝐈𝐍𝐌𝐎𝐁𝐈𝐋𝐈𝐀𝐑𝐈𝐀

#PE3",,"OFICINAS, LOCALES COMERCIALES Y ESPACIOS PARA GIMNASIO Y MICROMERCADO 

𝐄𝐍 𝐄𝐗𝐂𝐄𝐋𝐄𝐍𝐓𝐄 𝐙𝐎𝐍𝐀 ❗

📍Av. Beijing Zona Sarco

💰Locales Comerciales Desde 40,300 $us.
📐Desde 44.73 m²
💰Oficinas Desde 69,400 $us.
📐Desde 77.10 m²
💰Espacios Desde 215.400 $us.
📐Desde 239.34 m²

🤝𝐒𝐈𝐍 𝐂𝐎𝐌𝐈𝐒𝐈𝐎𝐍 𝐈𝐍𝐌𝐎𝐁𝐈𝐋𝐈𝐀𝐑𝐈𝐀
📝Visitas con 24h de anticipación.

Si tiene alguna consulta o desea agendar una visita estoy a su servicio 🫱🏻‍🫲🏼","https://drive.google.com/file/d/1E_DZNzXUB5aWaB6eftOYvn9X4GGpvISb/view?usp=drive_link, https://drive.google.com/file/d/1j6LaNc7bZ-2FReU8dHjkUVdppF3KqkuE/view?usp=drive_link, https://drive.google.com/file/d/1LsOlg-MVhLzcPBCwF9yVqXh_s1vFnAeO/view?usp=drive_link, https://drive.google.com/file/d/1RVSpNZXQqEyWjzmMMcbpaLkiHGQ6Rs2Q/view?usp=drive_link, "
VN14,LISTA 1,Domingo,Gabriel Cañipa,Calle Chipaya esq. Moyo Moyo,Sarcobamba,Departamento,"210,000 $us.","✨ 𝐃𝐄𝐏𝐀𝐑𝐓𝐀𝐌𝐄𝐍𝐓𝐎 𝐄𝐍 𝐕𝐄𝐍𝐓𝐀 ✨

📍 Zona Sarco 
📐 262'40m2

𝐒𝐈𝐍 𝐂𝐎𝐌𝐈𝐒𝐈𝐎𝐍 𝐈𝐍𝐌𝐎𝐁𝐈𝐋𝐈𝐀𝐑𝐈𝐀

Más información al inbox o al WhatsApp 📲

🌆 Balcón 
🍳 Cocina cerrada 

#VN14 #Bolivia #Venta #Departamento #Cochabamba","✨ DEPARTAMENTO 3 DORMITORIOS EN VENTA ✨

🍳 Con cocina cerrada 

📍 Zona Sarco 
📐 262'40m2

Más información al WhatsApp 📲

𝐒𝐈𝐍 𝐂𝐎𝐌𝐈𝐒𝐈𝐎𝐍 𝐈𝐍𝐌𝐎𝐁𝐈𝐋𝐈𝐀𝐑𝐈𝐀

#VN14",,"✨ 𝐃𝐄𝐏𝐀𝐑𝐓𝐀𝐌𝐄𝐍𝐓𝐎 𝐄𝐍 𝐕𝐄𝐍𝐓𝐀 ✨

📍 Zona Sarco
📐 262'40m2

Precio 210,000 bs.
Tipo de cambio: Referencial del BCB

🛏️ 2 habitaciones roperos empotrados 
🛏️ 1 master suit ropero empotrado
🛁 Baño compartido tina 
🚽 Baño de visita 
🛋️ Amplio living comedor
 🌆 Balcón 
🍳 Cocina cerrada 
🧽 Área de lavado
 🛏️ Dependencia de empleada

AREAS COMUNES:

🏊🏻 Piscina abierta
 🥳 Club house
 🥩 Parrillero
 🛝 Parque de niños 
🏀 Cancha polifuncional 
💐 Jardines espaciosos

Su consulta no molesta ","https://drive.google.com/file/d/1c1a2GCtPCxxFxjXPdNvGNWQsqw_GfmR7/view?usp=drive_link, https://drive.google.com/file/d/1vg3xFT8LYJXD6YgMclOGvjrC39-ZriC4/view?usp=drive_link, https://drive.google.com/file/d/1jmutDUA8fxo9_AcuXU5mM8bOfvsUtG_7/view?usp=drive_link, https://drive.google.com/file/d/1pOXq6JPaG8g40IHnEKUT5MmbiAN2kSZC/view?usp=drive_link, https://drive.google.com/file/d/1EvtesfR0jm7h0LzS4OGnat_VKs7TARAV/view?usp=drive_link, https://drive.google.com/file/d/1jquG0YMAFuUGOHXB8skvAyg2qnSYTJGn/view?usp=drive_link, https://drive.google.com/file/d/13qRzQErHP7NR_eNof1InPP2gxYUqt_It/view?usp=drive_link, "
AN3,LISTA 2,Lunes,Gonzalo Fuentes,c. Angostura y Arani,San Antonio,Departamento,"15,000 $us.","DEPARTAMENTOS EN ANTICRETICO DE 1 Y 2 DORMITORIOS

📍 Zona San Antonio, Inmedicacion Estacion Central “San Antonio”, Av. 6 de Agosto y Av. Ayacucho 
💰 Departamentos desde  15.000 $us  
TC 7bs.
📐Sup.  58 m2

AREAS COMUNES
Ascensor 
Lavanderia 

Más información al inbox o al WhatsApp:


#AN3 #CochabambaBolivia #departamento #Noventa #InversionInmobiliaria #Garzonier #excelentezona #zonacomercial #bienesraices #anticretico #anticretico1D #anticretico2D #departamentoenanticretico
",,,"DEPARTAMENTOS EN ANTICRETICO DE 1 Y 2 DORMITORIOS

📍 Zona San Antonio, Inmedicacion Estacion Central “San Antonio”, Av. 6 de Agosto y Av. Ayacucho
💰 Departamentos desde  15.000 $us  
TC = 7bs.
📐Sup.  58 m2

AREAS COMUNES
Ascensor 
Lavanderia 

Comisión Inmobiliaria 2.5 %

Pago de Expensas Incluye consumo de Agua

Si tiene alguna consulta o desea agendar una visita estoy a su servicio
","https://drive.google.com/file/d/1Dt8IpHEGdG91LFII4-9vtcUtwfoAFzw_/view?usp=drive_link, https://drive.google.com/file/d/1aD7bK7rORGgQook7B5VIEAz4Xw3PN2wf/view?usp=drive_link, https://drive.google.com/file/d/13S5uaqiYo1XExky8PWKpUORNGIkwbRgb/view?usp=drive_link, https://drive.google.com/file/d/11ThmPqWPUxy9DfgBkglyX59M0k3QZxYz/view?usp=drive_link, https://drive.google.com/file/d/18oyxmkyuOXZiIbr7K4h0REJoiA0EXS2R/view?usp=drive_link, "
AN4,LISTA 3,Martes,Gonzalo Fuentes,c. Angostura y Arani,San Antonio,Departamento,"20,000 $us.","DEPARTAMENTO EN ANTICRETICO DE 2 DORMITORIOS

📍 Zona San Antonio, Inmedicaciones Estacion Central “San Antonio”, Av. 6 de Agosto y Av. Ayacucho 

💰 Departamento 20.000 $us  
TC= 7bs.

📐Sup.  68 m2
2 dormitorios 
Cocina abierta
Living comedor
Baño 

AREAS COMUNES
Ascensor 
Lavanderia 

Más información al inbox o al WhatsApp:

#AN4 #CochabambaBolivia #departamento #Noventa #InversionInmobiliaria #Garzonier #excelentezona #zonacomercial #bienesraices #anticretico #anticretico1D #anticretico2D #departamentoenanticretico
",,,"DEPARTAMENTO EN ANTICRETICO DE 2 DORMITORIOS

📍 Zona San Antonio, Inmediación Estación Central “San Antonio”, Av. 6 de Agosto y Av. Ayacucho
💰 Departamento 20.000 $us  
TC= 7bs

📐Superficie:  68 m2
2 dormitorios
Cocina abierta
Living comedor
Baño

AREAS COMUNES
Ascensor 
Lavandería 

Comisión inmobiliaria = 2.5%

Pago de Expensas Incluye consumo de Agua

Si tiene alguna consulta o desea agendar una visita estoy a su servicio

","https://drive.google.com/file/d/1udfz_6OHycx3cCB9wK-CgBPztNtfCgXQ/view?usp=drive_link, https://drive.google.com/file/d/1en0EtKUTLQI-SjKkLv38r0g8HjrNT0FQ/view?usp=drive_link, https://drive.google.com/file/d/1WBtp9C76c4IAhOjh5i5aeu4H7E2cmJvI/view?usp=drive_link, https://drive.google.com/file/d/1LCpByXN2VOzES69qZDYKOiklPSY71QFf/view?usp=drive_link, "
AN5,LISTA 1,Miercoles,Gonzalo Fuentes,C. Angostura,Zona Terminal ,Departamento,"25,000 $us.","DEPARTAMENTO EN ANTICRETICO DE 2 DORMITORIOS

📍 Zona San Antonio, Inmediaciones Estación Central “San Antonio”, Av. 6 de Agosto y Av. Ayacucho 
💰 Departamento 25.000 $us  
TC= 7bs

📐Sup.  93 m2
2 dormitorios 
Cocina abierta
Living comedor
2 Baños 

AREAS COMUNES
Ascensor 
Lavandería 

Más información al inbox o al WhatsApp:

#AN5 #CochabambaBolivia #departamento #Noventa #InversionInmobiliaria #Garzonier #excelentezona #zonacomercial #bienesraices #anticretico #anticretico1D #anticretico2D #departamentoenanticretico
",,,"DEPARTAMENTO EN ANTICRETICO DE 2 DORMITORIOS

📍 Zona San Antonio, Inmediaciones Estación Central “San Antonio”, Av. 6 de Agosto y Av. Ayacucho
💰 Departamento 25.000 $us  
TC= 7bs

📐Sup.  93 m2
2 dormitorios
Cocina abierta
Living comedor
2 Baños

AREAS COMUNES
Ascensor 
Lavandería 

Comisión inmobiliaria = 3%

Pago de Expensas Incluye consumo de Agua

Si tiene alguna consulta o desea agendar una visita estoy a su servicio","https://drive.google.com/file/d/1P2QBJ28IHcDXEwms1EdbQGs5umdA9rAH/view?usp=drive_link, https://drive.google.com/file/d/1OU5s3auELdTq_XFdnDGRk8feCPsrQDGk/view?usp=drive_link, https://drive.google.com/file/d/12ozb6NxG7wAC6swwOLgRMuX-idS4f77v/view?usp=drive_link, https://drive.google.com/file/d/1hDfA4PA0t3u3K0tPB-6OK-VKmaSXAipE/view?usp=drive_link, https://drive.google.com/file/d/1_TDI7DGhXpFlRw4L0IZZkPd_my8EJjqE/view?usp=drive_link, "
VN15,LISTA 2,Jueves,,"Barrio Irlandes, Jacaranda y Los Molles",Muyurina,Casa,"320,000 $us.","
🚨 Casa y loft en venta Barrio Irlandes

Dentro de Urbanización, cuenta con seguridad 24 hrs.

📍Zona Muyurina
💰 320.000 $us 

Información y visitas:
📱

✨Planta Baja 
✨Planta alta
✨Casa tipo Loft 

🚗 Garaje para 2 automóviles

📐Sup. terreno: 400 m²  
📐 Sup. Construida 242.46 m²  
 
#VN15 #Cochabamba #Muyurina #ZonaNorte #CasaEnVenta #CasaEnAlquiler #CasaTipoLoft #CasaModerna #CasaAmplia #Loft #OportunidadUnica #InversionSegura #TuHogarIdeal #ListoParaVivir #HogarSoñado #CompraSegura #Consultora #Inmobiliaria #90Noventa #BienesRaices
",,,"
🚨 Casa y loft en venta Barrio Irlandes

Dentro de Urbanización, cuenta con seguridad 24 hrs.

📍Zona Muyurina
💰 320.000 $us 

✨ Planta Baja
 🛋️ Estar
 🍽️ Cocina con comedor
 🚻 Baño de visitas
 🛏️👗 Suite con vestidor
 📦 Despensa
 🧺 Área de servicio
 🌿 Patio interior
✨ Planta Alta
 🛏️ 2 Dormitorios
✨ Casa tipo Loft
 🛋️🍽️ Estar comedor
 🚻 Baño
 🖥️🛏️ Estudio o dormitorio
 🍳 Cocina abierta
 🧺 Área de servicio
 🌿 Patio interior
 💧 Depósito de agua de 4000 lt
🚗 Garaje para 2 automóviles

📐Sup. terreno: 400 m²  
📐 Sup. Construida 242.46 m²  ","https://drive.google.com/file/d/1gvVArRrW0VC95-SsPXHKP7bNRNo3Ig_6/view?usp=drive_link, https://drive.google.com/file/d/1RU0dBEY3EwBGpDgC3xI-szhmsWPBrEj9/view?usp=drive_link, https://drive.google.com/file/d/1crSUA93p0DvKht26CdHHLwk3hPc9jqkj/view?usp=drive_link, https://drive.google.com/file/d/1Dos7rP77J3t9i2nQ8RCtoLLmlFaYIw9C/view?usp=drive_link, https://drive.google.com/file/d/1wXLuQvIvgyigNAouetJug0Dm_EEMGOtQ/view?usp=drive_link, https://drive.google.com/file/d/15-TPahGhM5gjs9dcLj4Y4bHZxgd4M3-O/view?usp=drive_link, https://drive.google.com/file/d/1DzqphXaU_CnywA_MGL8-gaURx_xiYE_Q/view?usp=drive_link, https://drive.google.com/file/d/1hke88QTD8Ftuam6Z4NlCY0r_dfnaOXl3/view?usp=drive_link, https://drive.google.com/file/d/12ZuodGpCq4Geu08BFEoK3TgGvk4yLl06/view?usp=drive_link, https://drive.google.com/file/d/1nPC1TfSEFLGBcUWuRvLwVo3QEtPM1_VJ/view?usp=drive_link, "
AX3,LISTA 3,Viernes,Gonzalo Fuentes,C. A. Padilla,Queru Queru,Departamento, ,"Necesitas hospedaje en Cochabamba?
Monoambiente amoblado por días en Cochabamba

🛏1D con una cama de dos plazas
🍴Cocineta
🪑Living
🛁Baño privado 
🪟Cajoneria alta y baja 
🍦Frigobar
🍶Vajilla necesaria 
📺1 Tv smart
🌐Internet

Precio x día, semanal y mensual 💰

A cuadras del Estadio
Cerca de Supermercados, heladerías, restaurantes, etc 
Mayor información 📱

#AX3 #airbnb #airbnbcochabamba #hospedaje 
#alojamiento
",,,"Monoambiente amoblado por días en Cochabamba🌺🌻

🟢 _*Check IN 15:00*_
🔴  _*Check OUT 11:00*_
✅ *TARIFARIO*  _( 1 a 2 personas)_
▪️ *1 noche  BS.235*
▪️ *7 noches (semana) BS.1505* 
▪️ *15 noches (semana) BS.1700*
▪️ *21 noches (semana) BS. 2300*
▪️ *30 noches (mes) BS.2800* 
    
🛏 cama de dos plazas y media 
🍴Cocineta
🪑Living
🛁Baño privado 
🪟Cajoneria alta y baja 
🍦Frigobar
⬜ Microondas 
🍶Vajilla necesaria 
📺1 Tv smart
🌐Internet

🔎 *NUESTRO SERVICIO INCLUYE:*
✔ *WIFI y Smart TV (no cable)* 

*_Noche adicional 215 bs. a partir de los 7 dias_
*_Noche adicional 195 bs. a partir de los 15 dias_

A una cuadra del stadium
Cerca de Supermercados, heladerías, restaurantes.

","https://drive.google.com/file/d/1Hy0kE73uM180eZ900hiYQ2ZeEixdLQp1/view?usp=drive_link, , "
AX4,LISTA 1,Sabado,Gonzalo Fuentes,Melchor Urquidi,Queru Queru,Departamento, ,"Necesitas hospedaje en Cochabamba?
Departamento 2dormitorios amoblado por días en Cochabamba 🌺🌻

🛏1D con una cama de dos plazas
🛏1D con una cama de plaza y media
🍴Cocineta
🪑Living
🛁Baño privado 
🪟Cajoneria alta y baja 
🍦Frigobar
👕 Lavadora 
🍶Vajilla necesaria para dos a tres personas 
📺2 Tvs smart
🌐Internet

Precio x día, semanal y mensual 💰

A cuadras del Sombrero de Chola
Cerca de Supermercados, heladerías, restaurantes, Mall, etc 
Mayor información 📱

#AX4 #airbnb #airbnbcochabamba #hospedaje 
#alojamiento
",,,"Departamento 2 dormitorios amoblado por días en Cochabamba🌺🌻

🟢 _*Check IN 15:00*_
🔴  _*Check OUT 11:00*_
✅ *TARIFARIO*  _( 3 a 4 personas)_

▪️ *1 noche  BS.360* (Incluye Limp)
▪️ *7 noches  (semana) BS.1900* 
▪️ *30 noches (mes) BS.4500* 
    
🛏 cama de dos plazas
🛏 cama de una plaza y media
🍴Cocineta
🪑Living
🛁Baño privado 
🪟Cajoneria alta y baja 
🍦Frigobar
⬜ Microondas 
👕 Lavadora
🍶Vajilla necesaria 
📺2 Tv smart
🌐Internet

🔎 *NUESTRO SERVICIO INCLUYE:*
✔ *WIFI y Smart TV (no cable)* 

*_Noche adicional 300 bs, a partir del día 2_
*_Noche adicional 215 bs, a partir del día 7_
*_Noche adicional 195 bs a partir del día 15_

Prox Sombrero de Chola
Cerca de Supermercados, heladerías, restaurantes.

","https://drive.google.com/file/d/1Ws83hVVlQZ0JuDKHIUir0B3V-w9c9vZe/view?usp=drive_link, , "
VN16,LISTA 2,Domingo,,Pacara y av. Avenue del Ruiseñor,Zona Alalay,Casa,"130,000 $us.","Casa en venta con negocio 

💰 130.000$ 
🪙 Tipo de cambio : 7bs 
📍 Inmediaciones Fexco
📐 250m²
🛏 3 dormitorios 
🚽 3 baños 

AGENDA TU VISITA AL 📲 

Restaurant semi equipado listo para funcionar‼️

 #Garzonier #Monoambiente #Inversion #90 #Inmobiliaria #Lote #Viral #Oficina #Asesores #Bienes #Compra #Raices #Comercial #Norte #Ambiente #Bolivia #Inmobiliarios #Terreno #Venta #Departamento #Cochabamba #ViralBolivia #Anticretico #Local #Noventa #Alquiler #Casa #Zona ",,,"Casa en venta con negocio 

💰 130.000$ 
🪙 Tipo de cambio : 7bs 
📍 Inmediaciones Fexco
📐 250m²
🛏 3 dormitorios 
🚽 3 baños 
💧 Tanque de agua de 12.000 litros 
🍽 Cocina equipada con heladeras, mesas, sillas, receta del pescado a la parrilla 
Opcional: licencia de funcionamiento
🚎 Varias líneas de transporte público pasan por la puerta 

AGENDE Y MISMO SU VISITA‼️","https://drive.google.com/file/d/1RLtz9ynH6Mz8E7YhEMEhXNpI3cPReN2y/view?usp=drive_link, https://drive.google.com/file/d/1VnwaEZ2rrGi8LJ_-n8Zyl72AGoIR5HlD/view?usp=drive_link, https://drive.google.com/file/d/13s-T_AA0NuMn7FCMDSoGgSz7pr-uKss6/view?usp=drive_link, https://drive.google.com/file/d/1XHdJwMD2vs7iKazKsZnKe1AqxvE_FXLE/view?usp=drive_link, "
PV7,LISTA 3,Lunes,Jazmín Heresi,Quintanilla ,Sacaba,Casas en Condominio,"113,429 $us.","✨ 𝐕𝐢𝐜𝐭𝐨𝐫𝐢𝐚𝐬 𝐈𝐈𝐈
🏡 La construcción de tu vivienda en una urbanización completa y pensada para tu familia.

📐 Casa de una planta de Contrucción 90.70m2
📐  Casa de dos plantas de Construcción 129.15m2
💰 Desde 113.429$us
Un proyecto Diseñado para brindarte comodidad, estilo y funcionalidad en cada espacio.

📍 𝐔𝐛𝐢𝐜𝐚𝐝𝐨 𝐞𝐧 𝐒𝐚𝐜𝐚𝐛𝐚 – 𝐐𝐮𝐢𝐧𝐭𝐚𝐧𝐢𝐥𝐥𝐚

📲 más información 

✨𝘿𝙞𝙨𝙛𝙧𝙪𝙩á 𝙙𝙚:
🛏️ Suites con diseño moderno
🎛️  Cocina-living-comedor integrados
✨ Áreas comunes del condominio  

#PV7 #VictoriasIII #TuCasaIdeal #CocinaModerna #ConstruíTuFuturo #Casas #Cochabamba #SacabaQuintanilla #HogarConEstilo #ViviendaNueva #90
#inversion  #familia #Sacaba #TuCasaNueva #Preventa #NoventaAsesoresInmobiliarios",,,"🏡 𝐂𝐨𝐧𝐝𝐨𝐦𝐢𝐧𝐢𝐨 𝐕𝐢𝐜𝐭𝐨𝐫𝐢𝐚𝐬 𝐈𝐈𝐈

Un proyecto diseñado para brindarte comodidad, estilo y funcionalidad en cada espacio.

Cada detalle ha sido pensado para brindarte confort y seguridad.

📍 𝐔𝐛𝐢𝐜𝐚𝐝𝐨 𝐞𝐧 𝐒𝐚𝐜𝐚𝐛𝐚 – 𝐐𝐮𝐢𝐧𝐭𝐚𝐧𝐢𝐥𝐥𝐚

 Una urbanización completa y pensada para tu familia.
📐 Casa de una planta de Contrucción 90.70m2
📐  Casa de dos plantas de Construcción 129.15m2
🏡 Dos tipos de casas para elegir:
🔹 Tipo 1 desde $113.429
🔹 Tipo 2 desde $133.429
📂 Entrega a corto plazo
🚙 Parqueo incluido

🛏️ Suites con diseño moderno de 3 dormitorios 
🎛️  Cocina con cajonería alta y baja 
🛋️ Living con ventanales panorámicos hacia el exterior 
🚽Baños modernos y sofisticados

✨ Áreas sociales completas para disfrutar cada fin de semana ❗
🤽🏻‍♀️ Piscina tipo playa
🏠 Clubhouse 
🥩 Parrilleros 
⚽ Cancha de fútbol sintético
🏐 Cancha de beach voley
🎡 Parque infantil 
⛱️ Arenero para los pequeños 

Agende su visita ❗ ","https://drive.google.com/file/d/1rlBsfflMXKk5G9SYSbBKBxkwGRnrYj7F/view?usp=drive_link, https://drive.google.com/file/d/1cjx2RMNJzCT_aNSpSdfyoN4oUw6T0yer/view?usp=drive_link, https://drive.google.com/file/d/1bwBeOH8drzACYLfkV-RChQTD67azM9ox/view?usp=drive_link, https://drive.google.com/file/d/12atffqeDcb3rgDPDbrQ55P4ZEKATzBKX/view?usp=drive_link, https://drive.google.com/file/d/1rQoxLyHb80iywFQ0zQ2zatYnbpoT3xg2/view?usp=drive_link, https://drive.google.com/file/d/1MHKrCKjAmT7TfJEDmFuwzczjJoaN_eRt/view?usp=drive_link, https://drive.google.com/file/d/1wNQsDpmjFJlFhspxca8Y8Bzn8_5gdi1P/view?usp=drive_link, "
PV8,LISTA 1,Martes,Eduardo Wayar,Av. Melchor Pérez,Sarco,Edificio de Departamentos,"101,465 $us.","DEPARTAMENTOS DE 2 Y 3 DORMITORIOS

💵Invierte y ahorra 

📍Ubicado en Zona Sarco, Av.  Melchor Pérez 
💰2 Dormitorios desde $us 101.465
💰3 Dormitorios desde $us 182.650 
🪙𝐓𝐢𝐩𝐨 𝐝𝐞 𝐂𝐚𝐦𝐛𝐢𝐨 7 Bs.

Solicita más información:
📱

“SIN COMISIÓN INMOBILIARIA”

#PV8 #Departamento #Cochabamba #Bolivia #Preventa ","DEPARTAMENTOS DE 2 Y 3 DORMITORIOS EN VENTA

💰 Invierte hoy en una de las zonas con mayor crecimiento de Cochabamba

📍 Zona Sarco, Av. Melchor Pérez
💵 2 Dormitorios desde $us 101.465
💵 3 Dormitorios desde $us 182.650
🪙 Tipo de cambio: 7 Bs.

Solicita planos, disponibilidad y formas de pago:
📱

✅ SIN COMISIÓN INMOBILIARIA

#PV8 #Departamento #Cochabamba #Bolivia #Preventa","Departamentos de 2 y 3 dormitorios 

En una excelente ubicación.📍

📍 Zona Sarco, Av. Melchor Pérez
💰 2 Dormitorios desde $us 101.465
💰 3 Dormitorios desde $us 182.650
🪙 Tipo de cambio: 7 Bs.

EL DEPARTAMENTO QUE TU FAMILIA ESTABA BUSCANDO✨
Escríbenos para recibir toda la información:
📲 

🚫 SIN COMISIÓN INMOBILIARIA
#PV8 #Departamento #Cochabamba #Bolivia #Preventa","DEPARTAMENTOS DE 2 Y 3 DORMITORIOS

📍Ubicado en Zona Sarco, Av.  Melchor Pérez 
💰2 Dormitorios desde $us 101.465
💰3 Dormitorios desde $us 182.650   
🪙𝐓𝐢𝐩𝐨 𝐝𝐞 𝐂𝐚𝐦𝐛𝐢𝐨 7 Bs.

Características:
🫕 Cocina americana con cajonería alta y baja.
🔅 Mesones de granito.
🛌 Dormitorios con roperos empotrados.
🪀 Grifería importada .

Áreas comunes:
🏋️ Gimnasio privado.
🏊 Piscina.
🌬️ Sauna.
🥂 Salón de copropietarios.
🥩 Área de churrasquero.
👗 Lavandería con jaulas de secado.

Además:
📹 Sistema de seguridad con circuito cerrado.
🕋 2 ascensores + 1 monta carga.
🚘 Ascensor para vehículos.
💧 Pozo de agua propio.

𝐀𝐠𝐞𝐧𝐝𝐚 𝐭𝐮 𝐯𝐢𝐬𝐢𝐭𝐚❗","https://drive.google.com/file/d/18qKbjOmFnwdHiKeaT3LVTsbgeNF8iu7t/view?usp=drive_link, https://drive.google.com/file/d/1niM0Y13FgLqBKHHWWmvVYZmI9XW1G9J0/view?usp=drive_link, https://drive.google.com/file/d/1Gdx8QfbJKvhB8klco0zGdG_uX5pfr96E/view?usp=drive_link, https://drive.google.com/file/d/1_epEJ0wjyI7WpSoXXl9KP-HrIfpp1mqs/view?usp=drive_link, https://drive.google.com/file/d/1hEc0vXBYXhp8zV-4NgUw364rFrIjOBVU/view?usp=drive_link, https://drive.google.com/file/d/1XO1gyS_kIYiv6YjjgKTIQrlgC3Enp_Ho/view?usp=drive_link, https://drive.google.com/file/d/1SVbN_7ZbfBRN72763K833-0YT_cIzghT/view?usp=drive_link, https://drive.google.com/file/d/1nJ4ad1kaI3qiVJl_kToGjiH4jOIANfsZ/view?usp=drive_link, https://drive.google.com/file/d/1rhhbDGs5PEJzdPL1MvXkYFpZken1Tn6B/view?usp=drive_link, "
PV10,LISTA 2,Miercoles,,Av. Sexta,Tiquipaya,Edificio de Departamentos,"34,914 $us.","𝐃𝐞𝐩𝐚𝐫𝐭𝐚𝐦𝐞𝐧𝐭𝐨s 𝟏  𝐝𝐨𝐫𝐦𝐢𝐭𝐨𝐫𝐢𝐨 𝐞𝐧 𝐏𝐫𝐞𝐯𝐞𝐧𝐭𝐚

📍Ubicado en Tiquipaya
🏢 DEPARTAMENTOS 1, 2 y 3 DORMITORIOS
🛑 Áreas comunes 

Solicita más información:
📱
“SIN COMISIÓN INMOBILIARIA”

🚧HAZ TU RESERVA YA !!! 
💵Invierte y ahorra 

#PV10 #Departamento #Alquiler #Garzonier #1dormitorio #Cochabamba #Bolivia #inversion #venta #departamentos",,,"Proyecto arquitectónico de lujo con departamentos de 1, 2 y 3 dormitorios 

📍ubicado en Tiquipaya, Av.  Sexta 

🏢 DEPARTAMENTOS 1, 2 Y 3 DORMITORIOS

🥩 Parrilleros panorámicos en terraza. 
🥳Club House, salón de fiestas.
 🏊‍♂️️ Piscina atemperada y techada. 
🧖‍♀️ Sauna.
🎱 Sala de juegos para niños y adultos.
🛝Play room para niños. 
👨‍💻Cowork
🏋‍♂️ Gimnasio

También cuenta con:
👮‍♂️Portería 
🏭 Parqueos y bauleras.
↪️ Ascensores de alta gama.
🏪 Micromercado y farmacia en el condominio
✅️ Todos los servicios básicos.

🚗PARQUEO VEHICULAR
      BAULERAS

¡Agenda tu visita ya!","https://drive.google.com/file/d/1ocnizkQ1jjMt68UP_vk18Zun56fxw245/view?usp=drive_link, https://drive.google.com/file/d/1SQMdDgqAAePRxo3VIPNjoSUoKIHoT3OU/view?usp=drive_link, https://drive.google.com/file/d/1VCZfCaQ_lstqQ3Yd2ikaHX8uXhjTmsVL/view?usp=drive_link, https://drive.google.com/file/d/1WVGjo1nr0mAd4Y74ndK59EOZQVOBwewd/view?usp=drive_link, https://drive.google.com/file/d/1aP9fxYIB4Lyw89_fXlfkCjqWkbJnNv0J/view?usp=drive_link, https://drive.google.com/file/d/11rkJph25IzxgMz9qE7nOIiLmEYidrOv5/view?usp=drive_link, https://drive.google.com/file/d/1JgjUGRjY6vLu-TloGlbVD7xcLpqGDppL/view?usp=drive_link, https://drive.google.com/file/d/1dUMEe-RF4imdrasdaiTvb-KLilMg4dWO/view?usp=drive_link, https://drive.google.com/file/d/1CnllKKJU962yXUMcsL4T2MQw92b76KiP/view?usp=drive_link, https://drive.google.com/file/d/16pLBz0IFQHK7nPtSAs2DxtbZaRj6ADzU/view?usp=drive_link, "
PV9,LISTA 3,Jueves,Eduardo Wayar,c. Colombia y Tumusla,Centro,Edificio de Departamentos,"56,424 $us.","DEPARTAMENTOS DE 1, 2 Y 3 DORMITORIOS

💵Invierte y ahorra 

📍Ubicado en Zona Central, c Colombia 
💰1 dormitorio desde $us 56.424
💰2 Dormitorios desde $us 83.892
💰3 Dormitorios desde $us 140.628  
🪙𝐓𝐢𝐩𝐨 𝐝𝐞 𝐂𝐚𝐦𝐛𝐢𝐨 7,00

Solicita más información:
📱
“SIN COMISIÓN INMOBILIARIA”

#PV9 #Departamento #Cochabamba #Bolivia #Preventa","🏢 Departamentos de 1, 2 y 3 dormitorios en una ubicación estratégica.

📍Ubicado en Zona Central, c Colombia 
💰1 dormitorio desde $us 56.424
💰2 Dormitorios desde $us 83.892
💰3 Dormitorios desde $us 140.628  
🪙𝐓𝐢𝐩𝐨 𝐝𝐞 𝐂𝐚𝐦𝐛𝐢𝐨 7,00

🔑 Compra directo y asegura tu nuevo hogar hoy mismo.
📲 Escríbenos para recibir toda la información:

🚫 SIN COMISIÓN INMOBILIARIA

#PV9 #Departamento #Cochabamba #Bolivia #Preventa","🏢 DEPARTAMENTOS DE 1, 2 Y 3 DORMITORIOS

💰 Haz crecer tu patrimonio en una de las zonas con mayor desarrollo de la ciudad.

📍Ubicado en Zona Central, c Colombia 
💰1 dormitorio desde $us 56.424
💰2 Dormitorios desde $us 83.892
💰3 Dormitorios desde $us 140.628  
🪙𝐓𝐢𝐩𝐨 𝐝𝐞 𝐂𝐚𝐦𝐛𝐢𝐨 7,00

📲 Solicita información y agenda una visita:

🚫 SIN COMISIÓN INMOBILIARIA","DEPARTAMENTOS DE 1, 2 Y 3 DORMITORIOS

📍Ubicado en Zona Central, c Colombia 
💰1 dormitorio desde $us 56.424
💰2 Dormitorios desde $us 83.892
💰3 Dormitorios desde $us 140.628  
🪙𝐓𝐢𝐩𝐨 𝐝𝐞 𝐂𝐚𝐦𝐛𝐢𝐨 7,00

CARACTERÍSTICAS 
🫕 Cocina  americana con cajonería A/B 
💥 Dormitorios con ropero empotrado
🚿Grifería importada

ÁREAS COMUNES DE RECREACIÓN 
🏋️ Gimnasio equipado 
🏊 Piscina 
🥂 Salón de copropietarios 
🍗Churrasquero 
🪣 Lavanderías y Áreas de secado

💥El Edificio cuenta también con:
📹Circuito cerrado con cámaras de seguridad
🛡️ 2 Ascensores y 1 monta carga
🎴 Ascensor para movilidades

🔑ENTREGA 2026🔑

Agenda tu visita!!","https://drive.google.com/file/d/1QgWlEwqfkagMUVo5mHqGYXIB7weS7GHk/view?usp=drive_link, https://drive.google.com/file/d/1svz83bchXJj4-ERj_o8_3Zig0X2lC09o/view?usp=drive_link, https://drive.google.com/file/d/167kbs1WS2qWIuy64sabf11Xr8YFobIIA/view?usp=drive_link, https://drive.google.com/file/d/1mXHUiyWR7i5Aa2RDh9uiTEG1LyB0nD7p/view?usp=drive_link, https://drive.google.com/file/d/15D8kuMHkkssKKJFGZ6aRJuBGDuxcWv4g/view?usp=drive_link, https://drive.google.com/file/d/1-JckhVBlO9IyFmjoldnjEfeU9rRbnBDY/view?usp=drive_link, "
PV11,LISTA 1,Viernes,,Av Atahuallpa,Cala Cala,Edificio de Departamentos,"72,000 $us.","𝐃𝐞𝐩𝐚𝐫𝐭𝐚𝐦𝐞𝐧𝐭𝐨s 2 y 3 𝐝𝐨𝐫𝐦𝐢𝐭𝐨𝐫𝐢𝐨s 𝐞𝐧 𝐏𝐫𝐞𝐯𝐞𝐧𝐭𝐚

📍Ubicado en Zona Cala Cala
🏢 DEPARTAMENTOS 2 y 3 DORMITORIOS
🛑 Áreas comunes 

Solicita más información:
📱
“SIN COMISIÓN INMOBILIARIA”

🚧HAZ TU RESERVA YA !!! 
💵Invierte y ahorra 

#PV11 #Departamento #Alquiler #Garzonier #1dormitorio #Cochabamba #Bolivia #inversion #venta #departamentos",,,"Proyecto arquitectónico de departamentos en preventa de 2 y 3 dormitorios

📍ubicado en Zona Cala cala

🏢 DEPARTAMENTOS 2 Y 3 DORMITORIOS

🛌 Dormitorios con roperos empotrados 
🍲 Cocina equipada con extractor de grasa y cocina encimera de 4 hornallas y calefón 
🕰️ Cocina estilo americano
🛀 Baño con box de vidrio templado 

ÁREAS COMUNES 
🏖 Piscina 
🕺Salón de Copropietarios 
🐕 Veterinaria 
🏋️ Gimnasio equipado

🚗PARQUEO VEHICULAR
      BAULERAS


¡Agenda tu visita ya!","https://drive.google.com/file/d/1NxQRCrGICKkZ82fQo9ZvnxA5LOtWrM3_/view?usp=drive_link, https://drive.google.com/file/d/1W0KXTtpMkWrO40UXw8SYYyhQCoL1S4tH/view?usp=drive_link, https://drive.google.com/file/d/1md4U2WpYt2tAgpJANIJysKqBcLxUoI8l/view?usp=drive_link, https://drive.google.com/file/d/1vsg9uvmwl_Z9I-QkUCcll_VlYqAelUhW/view?usp=drive_link, https://drive.google.com/file/d/1tma4e3VqVgK6T70EhsZqjRbRxvjYbRSc/view?usp=drive_link, https://drive.google.com/file/d/1FbzIfl2I52UG5xGDPEXsdoWdP7eWYiBJ/view?usp=drive_link, "
PV12,LISTA 2,Sabado,Jazmín Heresi,Mayor rocha,Centro,Edificio de Departamentos,"45,280 $us.","Departamentos Pre-venta 

📍 Zona central  (colegio La Salle)

Contáctame 📱

Estilo y elegancia! Lo mejor para ti 
🛏️1  Dormitorio
🎛️Cocina estilo americano 
🚪Cajonería alta y baja 
🧹 Área de lavado 

✨ Áreas comunes 

#PV12 #Garzonier #Monoambiente #Inversion #90 #Inmobiliaria #Lote #Viral #Oficina #Asesores #Bienes #Compra #Raices #Comercial #Norte #Ambiente #Bolivia #Inmobiliarios #Terreno #Venta #Departamento #Cochabamba #ViralBolivia #Anticretico #Local #Noventa #Alquiler #Casa #Zona 
",,,"Departamentos en Preventa 
📍Zona central (colegio La Salle)

Estilo y elegancia! Lo mejor para ti 
🛏️1 Dormitorio
🎛️Cocina estilo americano 
🚪Cajonería alta y baja 
🧹Área de lavado 

Áreas comunes 
🥩Parrillero
🕋Salón de copropietarios 
🎳Sala de juegos 
🏊‍♀️ Piscina atemperada 

Agenda tu visita ❗
","https://drive.google.com/file/d/1Tb8x_O5VGozB754zXbAiM9fcTSCMocQv/view?usp=drive_link, https://drive.google.com/file/d/1Cn5yjn47tVdNiX9sT0hxw0h9hmeax1IJ/view?usp=drive_link, https://drive.google.com/file/d/1rKXNG9x7fvRyFU2SK-WnzvAQh1Rrinpi/view?usp=drive_link, https://drive.google.com/file/d/1RbX-eo7z5mIrkInEyjmsgoWkFN_rF7tC/view?usp=drive_link, https://drive.google.com/file/d/1ZVS1cGwX_g87bzrqrlyEuMRo9BG-PWHS/view?usp=drive_link, https://drive.google.com/file/d/1aHqVN7H3Me8RqrSKr4By2M6bAudVo9HG/view?usp=drive_link, https://drive.google.com/file/d/1k8t961goIdVEaj05WWbzkRDJ5T_n_DgA/view?usp=drive_link, https://drive.google.com/file/d/1nZoYsY1ny_CF_ygHoIeSmYJI2spVAdkx/view?usp=drive_link, "
VN17,LISTA 3,Domingo,Gabriel Cañipa,José M. Mercado ,Pacata Baja,Departamento,"84,000 $us.","🏬 𝐃𝐄𝐏𝐀𝐑𝐓𝐀𝐌𝐄𝐍𝐓𝐎 DE 3 DORMITORIOS EN 𝐕𝐄𝐍𝐓𝐀

📍 Zona Mesadilla, Pacata Baja

Edificio familiar de 5 pisos
El departamento está en el piso 3ro.

Informes y visitas al 📱

📐 135 m2
💵 84,000 $us
(Consulte por el departamento a cuotas hasta por 2 años)

Incluye:
🚙 Parqueo subterráneo 
Y 🔐 Baulera ‼️

#VN17 #Garzonier #Monoambiente #Inversion #90 #Inmobiliaria #Lote #Viral #Oficina #Asesores #Bienes #Compra #Raices #Comercial #Norte #Ambiente #Bolivia #Inmobiliarios #Terreno #Venta #Departamento #Cochabamba #ViralBolivia #Anticretico #Local #Noventa #Alquiler #Casa #Zona",,,"🏬 𝐃𝐄𝐏𝐀𝐑𝐓𝐀𝐌𝐄𝐍𝐓𝐎 DE 3 DORMITORIOS EN 𝐕𝐄𝐍𝐓𝐀

📍 Zona Mesadilla, Pacata Baja

Edificio familiar de 5 pisos
El departamento está en el piso 3ro.
📐 135 m2
💵 84,000 $us
(Consulte por el departamento a cuotas hasta por 2 años)

Incluye:
🚙 Parqueo subterráneo 
Y 🔐 Baulera ‼️

✳️Ascensor
✳️ Circuito cerrado de cámaras de seguridad en todo el edificio y parqueos
✳️ Iluminación automática LED 

INTERIOR ⚡ :
🛏️ 3 Dormitorios (1 en suite)
🚽 2 Baños
🛋️ Amplio Living - Comedor con lámparas
🍳 Cocina abierta estilo americana con barra desayunador
🧼 Área de lavado con calefón e instalación para lavadora
🔑 Terraza y balcón privados hacia la calle
✨ Algunos muebles empotrados extra.

𝐀𝐑𝐄𝐀𝐒 𝐂𝐎𝐌𝐔𝐍𝐄𝐒 𝐄𝐍 𝐔𝐋𝐓𝐈𝐌𝐎 𝐏𝐈𝐒𝐎 :
🥩 Parrillero familiar 
🥳 Salón de fiestas con baño 
👕 Lavanderías con jaulas de secado

AGENDE SU VISITACON ANTICIPACIÓN !!","https://drive.google.com/file/d/13ZJIfeSPrWTta1srdQILhCGupTd6ybVL/view?usp=drive_link, https://drive.google.com/file/d/1KJ0Z3QkpA7T0FPzfzyLCrvnhXUAdTBGt/view?usp=drive_link, https://drive.google.com/file/d/1Hx8Lr1bkxVY8ToXjuLSj-M7S0SjlxahZ/view?usp=drive_link, https://drive.google.com/file/d/1Q7ZDcXumnY6884J1ty1JrCxO4SpqO1wF/view?usp=drive_link, https://drive.google.com/file/d/1I4KxzwW5KATmfM5FCcbUxLbEOkdmc0Qd/view?usp=drive_link, "
PE4,LISTA 1,Lunes,Gabriel Cañipa,C. Teófilo Vargas Esq. Adela Zamudio,Cala Cala,Edificio de Departamentos,"183,725 $us.","💎 DEPARTAMENTOS EN VENTA   

DE LUJO A ESTRENAR EN CONDOMINIO MODERNO

📍Ubicado en la calle Teófilo Vargas 
Zona Cala Cala
🌳🌳🌳
desde: $us. 183.725
Tc/ 7.3
Superficies desde : 115.55 m²

Solicita información y una visita al: 📱

✔️DEPARTAMENTOS DE 3, 4 DORMITORIOS y PENTHOUSES DUPLEX 
AREAS COMUNES DE PRIMERA!

#PE4 #Bolivia #Venta #Departamento #Cochabamba ","💎 DEPARTAMENTOS EN VENTA   


✔️DEPARTAMENTOS DE 3, 4 DORMITORIOS y PENTHOUSES DUPLEX 
AREAS COMUNES DE PRIMERA!

📍Ubicado en la calle Teófilo Vargas 
Zona Cala Cala
🌳🌳🌳
desde: $us. 183.725
Tc/ 7.3
Superficies desde : 115.55 m²

Solicita información y una visita al: 📱

DE LUJO A ESTRENAR EN CONDOMINIO MODERNO

#PE4",,"💎 EN VENTA  DEPARTAMENTOS DE LUJO A ESTRENAR EN CONDOMINIO MODERNO

📍Ubicado en la calle Teófilo Vargas 
Zona Cala Cala
🌳🌳🌳

🤩 Elegante, modernos y amplios departamento, con  hermosa vista y excelente iluminación.

💰PRECIOS DE VENTA 
✔️DEPARTAMENTOS DE 3 DORMITORIOS:
     $us. 183.725

✔️DEPARTAMENTOS DE 4 DORMITORIOS:
     $us. 233,262

✔️DEPARTAMENTOS PENTHOUSE  de 3 DORMITORIOS:
     $us. 378,229

Tc/ 7.3

CARACTERISTICAS:
Piso: Alto
Superficies desde : 115.55 m²
✅ 1, 2 o 3 Suites con ropero empotrado y baño privado 
✅ 1 o 2 Dormitorios
 con roperos empotrados
✅ Baño compartido
✅ Living - Comedor 
✅ Balcon
✅ Baño de visitas
✅ Cocina cerrada con cajonería alta/baja, cocina encimera, horno, y extractor de grasas digital
✅Area de Lavanderia abierta 

AREAS COMUNES:
🏊‍♀️Piscina y atemperada 
🔹Sauna vapor
🔹Baños con vestidor
❇️Salon de Copropietarios 
🔥Parrilleros 
 🌳Parque infantil 

Agende una visita será un gusto atenderlo 🤝","https://drive.google.com/file/d/1daZatdaoN4u83aj-ieJcmfYPrL0V7SII/view?usp=drive_link, https://drive.google.com/file/d/1u6iHngVYNpDIdZuQ-PuWkBPMbQGl5aNl/view?usp=drive_link, https://drive.google.com/file/d/1ebwjWCX5COVQcX-L9N5nLMlEh4fZ40Ea/view?usp=drive_link, https://drive.google.com/file/d/14BsJHlkn_k1k0INp5tvAf__L0cQdyFIz/view?usp=drive_link, https://drive.google.com/file/d/1tpQNIUTnnk9XQ758HQKbTcX9QqBRMEFk/view?usp=drive_link, https://drive.google.com/file/d/1JGsoB1zoFaCQ68upsZ3j18QgZGzbnI8Q/view?usp=drive_link, https://drive.google.com/file/d/1ug7bf3Xh32DnonAPk4xEFozn5cSS3RcY/view?usp=drive_link, https://drive.google.com/file/d/10LPjEh4wQ0bgwOVSfzJCHzBBusLz8KaW/view?usp=drive_link, "
AL18,LISTA 2,Martes,Jazmín Heresi,Calle Litoral y ecologíca ,Tiquipaya,Departamento,"2,000 Bs.","Departamento Amoblado de 2dormitorios en Alquiler

📍Inmediaciones avenida ecológica (aldea sos)
 Calle Litoral 
💰 2.000 Bs.
📐70m²
🛏️ 2 𝐝𝐨𝐫𝐦𝐢𝐭𝐨𝐫𝐢𝐨𝐬  

Más información: 📱

#AL18 #Inversion #90 #Inmobiliaria #Viral #Asesores #Bienes #Raices #Comercial #Norte #Ambiente #Bolivia #Inmobiliarios #Departamento #Cochabamba #ViralBolivia #Noventa #Alquiler #Zona

",,,"🚨𝐃𝐞𝐩𝐚𝐫𝐭𝐚𝐦𝐞𝐧𝐭𝐨 𝐀𝐦𝐨𝐛𝐥𝐚𝐝𝐨 𝐲 𝐞𝐪𝐮𝐢𝐩𝐚𝐝𝐨 𝐞𝐧 𝐚𝐥𝐪𝐮𝐢𝐥𝐞𝐫 🚨

📍 Zona Ecológica 
Calle Litoral 
📏 70 m²
💵 2.000Bs.
🗺️Viene con cortinas en sala y dormitorios

🛌🏻 2 dormitorios, con cama d plaza y media 
🛀🏻 1 baño: de visitas y compartido (lavadora)
🫕 Cocina cerrada con cajonería alta y baja y equipada con refrigerador, cocina de 4 hornallas, comedor de diario con mesa y 4 sillas.
🛋️ Living comedor con juego sillones (individual y doble) almohadones, mesita central.
- Estante con un televisor en sala

Para tomar el departamento:
1 mes de alquiler
1 mes de garantía 
50% (del alquiler) comisión inmobiliaria.

Su consulta no molesta! 🫵🏻

","https://drive.google.com/file/d/1DX0b4cNb4FHzwLHgLWhSK7McFF3ri1VM/view?usp=drive_link, https://drive.google.com/file/d/1eQeIPknlUxWUCCWofIqJGcDdqf3UEWIa/view?usp=drive_link, https://drive.google.com/file/d/1K3g2J_mkUhlNG2C8KAP4IT7sw_-1Izbw/view?usp=drive_link, https://drive.google.com/file/d/15AILtshcivHav8RD1WOLtF0gae2RFk4_/view?usp=drive_link, https://drive.google.com/file/d/1Nn7Nu1jU0LdgGJ8lYFIbw_kOMmcT4A25/view?usp=drive_link, https://drive.google.com/file/d/1pWbAqQ1OomGCitNidV7rE4JfxcgOSDO1/view?usp=drive_link, https://drive.google.com/file/d/1Fs8uFMA9bVJDNcYApR4-f3tZKbKRfJBw/view?usp=drive_link, "
AL19,LISTA 3,Miercoles,Gonzalo Fuentes,Av Chapare y Hugo Banzer ,Chacacollo,Casa,"3,000 Bs.","CASA DE 4 DORMITORIOS EN ALQUILER

📍Ubicacion; ZONA CHACACOLLO, SACABA 
💵 Precio: 3000 Bs.
📐Sup. 240 m²

El inmueble cuenta con:
🛏️ 4 Dormitorios 
🚽2 Baños 
 
🚗Parqueo
🐕Se permite máscota

Más información 📱

#AL19 #CochabambaBolivia #departamento #Noventa #InversionInmobiliaria #Casa #excelentezona #bienesraices #alquiler #alquiler4D #casaenalquiler",,,"CASA DE 4 DORMITORIOS EN ALQUILER

📍Ubicacion; ZONA CHACACOLLO, SACABA 
💵 Precio: 3000 Bs.
📐Sup. 240 m²

El inmueble cuenta con:
🛏️ 4 Dormitorios 
🚽2 Baños 
🎛️ ÑCocina Cerrada c/cajoneria alta y baja
🛋️Living
🪑Comedor
🧻Baño visitas
Lavandería 
Solario
🌳Terraza
 🚪estudio auxiliar 

🚗Parqueo
🐕Se permite máscota

Precio: 3000 Bs.
Garantia: 3000 Bs
Comision: 1500 Bs.

agenda tu visita ❗

","https://drive.google.com/file/d/12Cx9Prf6PG626aeTua0EPXhyMvY1dS3Y/view?usp=drive_link, https://drive.google.com/file/d/1w-hpGj3GqTLLA0CMDPMxI_tJON7YrmDO/view?usp=drive_link, https://drive.google.com/file/d/1axJK3aJv-qxGP--WPU4c6Haj4I3saSFd/view?usp=drive_link, https://drive.google.com/file/d/1-fs5qIH4GyIWRRWNzkqyBDWm9pM2F4W1/view?usp=drive_link, https://drive.google.com/file/d/1cvMuZQDR8uh1vtn7omXVxVR0IDm8SiAS/view?usp=drive_link, https://drive.google.com/file/d/18-Ng4lF8YhPSOTUVJm6jM0CZQf2QILrN/view?usp=drive_link, https://drive.google.com/file/d/156LYStsl4lQ5PLJnAfZTOX8uw72e2ERu/view?usp=drive_link, https://drive.google.com/file/d/1tQ12WwPrdTyEIMNiz8UcuFiUY5pr8HDM/view?usp=drive_link, "
VN18,LISTA 1,Jueves,Jazmín Heresi,2do anillo Cristóbal de Mendoza ,Equipetrol (Santa Cruz),Departamento,"60,000 $us.","Departamento en venta 1 Dormitorio Santa Cruz 

📍 Cercanías a Equipetrol
🪙 Tipo de cambio 7bs
💰 60.000$us.

Para más información, contáctenos
 📲 
“SIN COMISIÓN INMOBILIARIA”

🛏️1 dormitorio  
🚽Baño 

Superficie
📐Departamento: 33.06m²
💺 Balcón 

✨Áreas Comunes 

🚗 parqueo 

Más información 📱

#VN18 #venta #1dormitoriosenventa #inversion #departamento #quintanilla #oferta #oportunidaddeinversion #condominio #Noventa #santacruz #equipetrol
",,,"Departamento en venta 1 Dormitorio Santa Cruz 

📍Cercanías a Equipetrol
✨Av. Cristóbal de Mendoza 
🪙 Tipo de cambio 7bs
💰 60.000$us.

🛏️1 dormitorio  
🚽Baño 
🚪Ropero empotrado
🎛️ Cocineta
⬜ Box de baño
⌨️Aire acondicionado 

Superficie
📐Departamento: 33.06m²
💺 Balcón 

✨Áreas Comunes 
💧Piscina
🌬️Sauna
🏋🏻‍♀️Gym 
🎯Sala de juegos
🎡Parque infantil 
🥩Parrilleros 
🕌Club house
 
🚗 parqueo planta alta

Agenda tu visita ❗
","https://drive.google.com/file/d/14gDGxYk--dYB-FmhbgA_is1EiU3tpqez/view?usp=drive_link, https://drive.google.com/file/d/15I5oQuTH71dHkkBg4VWg20OvFjGG89xP/view?usp=drive_link, https://drive.google.com/file/d/1_bSLay2jk42_bXVrXjN8cuq0XQagCLdl/view?usp=drive_link, https://drive.google.com/file/d/1gtNIEn0Iyf31tdaOpU09AlQnXOobB6PG/view?usp=drive_link, https://drive.google.com/file/d/1AGwD5J8EDcU6GojnbO6jfjP2aeZgSdnL/view?usp=drive_link, https://drive.google.com/file/d/1pvzgX42dd4em0jBJaLOCd-EnqOAV4vkb/view?usp=drive_link, "
AN7,LISTA 2,Viernes,Gonzalo Fuentes,Av chapare y Hugo Banzer ,Quintanilla,Casa,"200,000 Bs.","CASA DE 4 DORMITORIOS EN ANTICRETICO 

📍Ubicacion; ZONA CHACACOLLO, SACABA 
💵 Precio: 200.000 Bs.
📐Sup. 240 m²

El inmueble cuenta con:
🛏️ 4 Dormitorios 
🚽2 Baños 
🎛️ Cocina Cerrada c/cajoneria alta y baja
🛋️Living
🪑Comedor

🚗Parqueo
🐕Se permite máscota

Más información 📱: 

#AN7 #CochabambaBolivia #departamento #Noventa #InversionInmobiliaria #Casa #excelentezona #bienesraices #anticretico #antocretico4D #casaenanticretico
",,,"CASA DE 4 DORMITORIOS EN ANTICRETICO 

📍Ubicacion; ZONA CHACACOLLO, SACABA 
💵 Precio: 200.000 Bs.
📐Sup. 240 m²

El inmueble cuenta con:
🛏️ 4 Dormitorios 
 🚪 + 2 Habitaciones Auxiliar
🚽2 Baños 
🎛️ Cocina Cerrada c/cajoneria alta y baja
🛋️Living
🪑Comedor
🧻Baño visitas
👕Lavandería 
🌞Solario
🌳Terraza

🚗Parqueo
🐕Se permite máscota

Precio: 200.000, Bs.
Comision: 4000 Bs.

agenda tu visita ❗","https://drive.google.com/file/d/1bGj7d5o6jdsfzfvmV42TAdorzxcWr5vY/view?usp=drive_link, https://drive.google.com/file/d/1OOGSpT98PfbedB-vpZpn7xXcgvSNCZXQ/view?usp=drive_link, https://drive.google.com/file/d/1i_sa04OGW7ohrFXLVOg-kUJNPQ2PvEzA/view?usp=drive_link, https://drive.google.com/file/d/1Op0El6djRBctxW8HWQSwkQcaRJFTe1mT/view?usp=drive_link, https://drive.google.com/file/d/1BVQKlu-dktvqjhkMcUZaZLp09Da96fT_/view?usp=drive_link, https://drive.google.com/file/d/124Sflqr-66xzln4LGPJHiZhquqe-g7NB/view?usp=drive_link, https://drive.google.com/file/d/1rZ5leMHRwb_NwovsXLhnZVWq8jgcADlK/view?usp=drive_link, https://drive.google.com/file/d/113qNQ4S64jKvqICTsVT2hg6djrCnM4EL/view?usp=drive_link, "
AL20,LISTA 3,Sabado,Jazmín Heresi,Juan capriles,Queru Queru,Departamento,"3,100 Bs.","DEPARTAMENTO EN ALQUILER 
📍 Juan capriles Queru Queru 
📐115m2
💰Precio 3100 bs.
🛏️2 habitaciones
🛋️ sala living comedor estilo americano 
🚽 baño
🚗 Parqueo incluido (sin parqueo 2900Bs.)

  Más información 📱 

#AL20 #90 #alquiler #departamento #cochabamba #zonanorte #2dormitorios",,,"DEPARTAMENTO EN ALQUILER 
📍 Juan capriles y América 
Queru Queru 
📐115m2
💰Precio 3100 bs.

🛏️2 habitaciones
🛋️ sala living comedor estilo americano 
🚽 baño
 🚪Roperos empotrados 
 🎛️cocina con cajonería alta y baja y un extractor. 
🚗Cuenta con garaje (sin parqueo 2900Bs)
 El precio incluye expensas. 
🐕Se aceptan mascotas

Mes adelantado 3100Bs.
Garantía 3100Bs.
Comisión inmobiliaria 1600Bs.

Agenda tu visita ❗","https://drive.google.com/file/d/1BYMU9G-DVQ6-ANve3cYKqXQa8xoNmTmZ/view?usp=drive_link, https://drive.google.com/file/d/1DizDkufunXefa29sZiTDDzLgsbFCUK0U/view?usp=drive_link, https://drive.google.com/file/d/1QWdfhjRjHvJFGeXTYIeISXI4XvzJMegZ/view?usp=drive_link, https://drive.google.com/file/d/1P0vDUrdWcjqACJiOgsrYuQnbmwcYPAqR/view?usp=drive_link, https://drive.google.com/file/d/1HPRk6KakipXgzfvI464Z2UR7TsK6WWcG/view?usp=drive_link, https://drive.google.com/file/d/1mEZVtN0q3111Rl_In3l5NOCoLqBCZWvw/view?usp=drive_link, "
AL21,LISTA 1,Domingo,Claudia Campos,Calle Beni a pasos de la Av. Santa Cruz,Queru Queru,Monoambiente,"1,800 Bs.","Monoambiente amoblado  en Cochabamba🌺
Superficie: 18.5 m2    

🛏 Cama de dos plazas y media 
🍴Cocineta
🪑Living
🛁Baño privado 
🪟Cajoneria alta y baja 
💸 1.800bs (incluye expensas y WiFi)
Más información: 📱

#AL21 #BienesRaices #DepartamentosNuevos #DepartamentosenPreventa #inversionesinmobiliarias #avsantacruz #preventa #cochabamba #departamentos #venta #1dormitorio #2dormitorios #preventa #condominio#Monoambiente",,,"Monoambiente amoblado  en Cochabamba🌺
    📐 18.5m2
🛏 Cama de dos plazas y media 
🍴Cocineta
🪑Living
🛁Baño privado 
🪟Cajonería alta y baja 
🍦Frigobar
Mesa con sus dos sillas  
🍶Vajilla necesaria 
📺1 Tv smart
🌐Internet WIFI 
Incluye expensas 
 
Cerca de la UNIFRANZ Supermercados, heladerías, restaurantes.
ALQUILER mes adelantado 1.800 Bs.
GARANTÍA 1.800 Bs.
Comisión 900 Bs.","https://drive.google.com/file/d/1luZOMcgnBbliqut69kmNdvkTxXy2uMxv/view?usp=drive_link, https://drive.google.com/file/d/1NcJAVPX9jPuSIB3vEoGT7DOFu6qTWpUZ/view?usp=drive_link, https://drive.google.com/file/d/1zJ4g154U3PwgFoLyCZsNlEPnbu9lCVZY/view?usp=drive_link, https://drive.google.com/file/d/1mjf-0S4YIKBLeqJ-tNFG3yI1OWbJnRRh/view?usp=drive_link, https://drive.google.com/file/d/1vHShSAN1PDBgrkilPtRaKok480OeijfN/view?usp=drive_link, "
AL8,LISTA 2,Lunes,Cecilia Ardaya,C. Luis de La Reza,Chilimarca,Casa,"4,200 Bs.","Casa en Alquiler 3 Dormitorios en Urbanización

💰 4200 Bs. Incluye expensas y factura

📍 Zona Chilimarca
📐Sup. Terreno 136 m2
📐 Sup. Construido 145 m2

Planta baja
🛋️ Living comedor 
🍲 Cocina abierta 
🚽 Baño 
🖼️ Escritorio

Planta alta
🛏️ 3 dormitorios ( 1 en suite) 

🚗 Parqueo 2 movilidades 
🌳 Jardin y parrillero 

Más información 📱

#alquiler#casa#chilimarca #Putucu #tiquipaya #alquiler #3dormitorios#casa#areascomunes #bienesraices #90Noventa",,,"Casa en Alquiler 3 Dormitorios en Urbanización

💰 4200 Bs. Incluye expensas, agua y factura

📍 Zona Chilimarca
📐Sup. Terreno 125 m2
📐 Sup. Construido 145 m2

Planta baja
🛋️ Living comedor 
🍲 Cocina abierta con cajonería alta y baja 
🚽 Baño visitas 
🖼️ Escritorio

Planta alta
🛏️ 1 dormitorio en suite
🛏️ 2 dormitorios roperos empotrados 
🚽 1 baño compartido 

🚗 Parqueo 2 movilidades 
🌳 Jardin y parrillero 

Precio    4200Bs. 
Garantía 4200Bs.
Comisión 2100Bs.

Agenda tu visita!! 

","https://drive.google.com/file/d/1Z8TlN4fTe0iE9nESRC1tBRElOlZSSZbt/view?usp=drive_link, https://drive.google.com/file/d/1KB-9u3NEE2XTXgQ6FXFkkemQzjTVPcts/view?usp=drive_link, https://drive.google.com/file/d/1Nm-vEp95Rk65grfhPbzE9JuFOcHfb2Gf/view?usp=drive_link, https://drive.google.com/file/d/1ulX8qvfRCZ6hR1anbmXnSD5UfR8OR_O0/view?usp=drive_link, https://drive.google.com/file/d/1bbCFVqAuIH_akKpQO6JLJIMYJ-eiwtjk/view?usp=drive_link, https://drive.google.com/file/d/1qRxyclLOdGWGcjc-jdNFFKoIIeJ4HC1K/view?usp=drive_link, , , , "
VN19,LISTA 3,Martes,Cecilia Ardaya,C. Luis de la Reza,Putucu,Casa,"124,500 $us.","Casa en Venta 3 Dormitorios en Urbanización

💰 124.500 $us.

📍 Zona Putucu
📐Sup. Terreno 127 m2
📐 Sup. Construido 145 m2

Planta baja
🛋️ Living comedor 
🍲 Cocina abierta 
🚽 Baño 
🖼️ Escritorio

Planta alta
🛏️ 3 dormitorios ( 1 en suite) 

🚗 Parqueo 2 movilidades 
🌳 Jardín y parrillero 

Consultas 📱

#VN19 #alquiler#casa#chilimarca #Putucu #tiquipaya #alquiler #venta #jardin#3dormitorios#casa#areascomunes #bienesraices #90Noventa",,,"Casa en Venta 3 Dormitorios en Urbanización

💰 124.500 $us.

📍 Zona Putucu
📐Sup. Terreno 127 m2
📐 Sup. Construido 145 m2

Planta baja
🛋️ Living comedor 
🍲 Cocina abierta cajonería alta y baja y equipada
🚽 Baño 
🖼️ Escritorio

Planta alta
🛏️ 1 dormitorio en suite
🛏️ 2 dormitorios roperos empotrados 
🚽 Baño compartido 

🚗 Parqueo 2 movilidades 
🌳 Jardín y parrillero 

Agenda tu visita!! 

","https://drive.google.com/file/d/1yZ5fA7z-3oeYNu83OUlpLiw5rxsHC2yg/view?usp=drive_link, https://drive.google.com/file/d/1yDrvizjKRDEksRpqLIjVfdFZd1SVcBEO/view?usp=drive_link, https://drive.google.com/file/d/13xS2gHMywzI4CYiMgF0GIiyI5-hIZRw1/view?usp=drive_link, https://drive.google.com/file/d/1kr9JmkObDofHiABjbEawSe3rmpmINQTw/view?usp=drive_link, https://drive.google.com/file/d/1YjwSfvh5eUF8yjXDUUXb_JF2t_HnmOPT/view?usp=drive_link, https://drive.google.com/file/d/1YqO6DBodGmtvFTq7yyzm2wEnEggVir0w/view?usp=drive_link, "
AL22,LISTA 1,Miercoles,,Av. Papa Paulo 1164 esquina calle Venezuela,Muyurina,Tienda,"1,600 Bs.","𝐋𝐨𝐜𝐚𝐥 𝐂𝐨𝐦𝐞𝐫𝐜𝐢𝐚𝐥 𝐞𝐧 𝐚𝐥𝐪𝐮𝐢𝐥𝐞𝐫

📍 Av. Papa Paulo inmediaciones del Colegio Don Bosco, zona altamente comercial
📐 36m²
💰1.600Bs
🚽Baño  

👉 Mayor información y agenda de visitas al:      
📲 

#AL22 #locales #tienda #cochabamba #Bolivia #Cochabamba #inmobiliaria #localcomercial #tiendacomercial #muyurina #asesoresinmobiliarios #90 #Hipermaxi #snack #cafetería #oficinacomercial #salteñas #pizzas

",,,"𝐋𝐨𝐜𝐚𝐥 𝐂𝐨𝐦𝐞𝐫𝐜𝐢𝐚𝐥 𝐞𝐧 𝐚𝐥𝐪𝐮𝐢𝐥𝐞𝐫

📌 Zona Muyurina 
📍 Av. Papa Paulo (inmediaciones Don Bosco)
📐 36m²
💰 1.600Bs
🚽 Baño  
(No cuenta con gas domiciliario)

Ideal para  tiendas, snacks, oficina.

Mes adelantado 1.600 Bs
Garantía 1.600 Bs
Comisión inmobiliaria 60% del canon de alquiler 

Agenda tu visita sin compromiso❗
","https://drive.google.com/file/d/1Unh7IBtFTBn3pkn7o5FC9VF-0V_ULDKt/view?usp=drive_link, https://drive.google.com/file/d/1M6iB-O1E3_CPONcTYELGCtp4TQWhm3qK/view?usp=drive_link, https://drive.google.com/file/d/1WkETCdmZVybFLah4c_fzozxnowFSHw9C/view?usp=drive_link, https://drive.google.com/file/d/1tYESejdKqNzGPM73uFsuLOzA7AdtYEUw/view?usp=drive_link, https://drive.google.com/file/d/1OX6HnMX-nCYdB_4B4mE6sTB7L4igFz1L/view?usp=drive_link, https://drive.google.com/file/d/1j1glyOPRu1LZDMb65lT5O8eWrq-bDQLM/view?usp=drive_link, https://drive.google.com/file/d/17gpCad0DnPBFNLuSpY6e8Ehjh4Kwamvg/view?usp=drive_link, "
PE5,LISTA 2,Jueves,Jazmín Heresi,Avenida centenario ,Villa Taquiña,Lote,"460,000 $us.","Urbanización El Bosque Sur 
Lote de Terreno en venta

📍 Inmediaciones Parque Bicentenario
📐 Superficie total 1000m²
💵 Precio: $us 460.000
 
💰𝐓𝐢𝐩𝐨 𝐝𝐞 𝐜𝐚𝐦𝐛𝐢𝐨 𝐨𝐟𝐢𝐜𝐢𝐚𝐥: 6.97 𝐁𝐬.

✨ Amenidades de lujo

 Mayor información y agenda de visitas al:  
📲

#PE5 #inversionistas #cochabamba #Bolivia #Cochabamba #inmobiliaria #Noventa #terreno",,,"Urbanización El Bosque Sur 
Lote de Terreno en venta

📍 Inmediaciones Parque Bicentenario
📐 Superficie total 1000m²
💵 Precio: $us 460.000
 
💰𝐓𝐢𝐩𝐨 𝐝𝐞 𝐜𝐚𝐦𝐛𝐢𝐨 𝐨𝐟𝐢𝐜𝐢𝐚𝐥: 6.97 𝐁𝐬.

✅ Á𝗥𝗘𝗔𝗦 𝗖𝗢𝗠𝗨𝗡𝗘𝗦
🔘 Piscina atemperada  🏊‍♀️
🔘 Salón de Eventos 💃🕺
🔘 Parrillero 🍖🥩🍔
🔘 Sala de Copropietarios
🔘 Gimnasio equipado 🚴‍♀️🏋️
🔘 Sauna 
🔘 Cancha polifuncional ⚽🏀🏐🥅
🔘 Parque infantil 🎡🎪
🔘 Espacios & áreas verdes de recreación 🌳🌿🌺🧘‍♀️
🔘 Servicio de portería con cámaras y guardias de seguridad las 24 horas 👮‍♀️🚧👮

Agenda tu visita ❗
 ","https://drive.google.com/file/d/1XDDYK2QZ773xSn5VQKNEm4wNajBN_nH8/view?usp=drive_link, https://drive.google.com/file/d/1RhPYIFOEWDD8rNMxJdYjzhj81DuCAT91/view?usp=drive_link, https://drive.google.com/file/d/1wQdM8eOKkdewjXse56WKGOkmpuJ8EiA1/view?usp=drive_link, https://drive.google.com/file/d/1PUhKdCmny1nJ9V_VRA8kSWR59msHNraN/view?usp=drive_link, https://drive.google.com/file/d/1ws71T8IySSL23hsEu-xo_0Xewf229Fvf/view?usp=drive_link, "
AL24,LISTA 3,Viernes,,Calle Sucre esq. Calle Cochabamba s/n,Tiquipaya,Local Comercial,"1,100 Bs.","‼️✨ LOCAL COMERCIAL EN ALQUILER ZONA TIQUIPAYA ‼️✨

 Con baño 𝐩𝐫𝐢𝐯𝐚𝐝𝐨 𝐲 𝐞𝐬𝐩𝐚𝐜𝐢𝐨 𝐞𝐥𝐞𝐠𝐚𝐧𝐭𝐞 🔹

Más información 📱

📍Zona Tiquipaya
📌 calle Sucre, a pasos de la Plaza Principal
 📐30 m²
 💰1.100 Bs (alquiler)

✨ Frente hacia la calle
 ✨ Excelente visibilidad

#AL24 #Garzonier #Monoambiente #Inversion #90 #Inmobiliaria #Lote #Viral #Oficina #Asesores #Bienes #Compra #Raices #Comercial #Norte #Ambiente #Bolivia #Inmobiliarios #Terreno #Venta #Departamento #Cochabamba #ViralBolivia #Anticretico #Local #Noventa #Alquiler #Casa #Zonatiquipaya
",,,"🏢 LOCAL COMERCIAL EN ALQUILER ZONA TIQUIPAYA

📌 Zona Tiquipaya 
📍Calle Sucre, a pasos de la Plaza Principal 

 LOCAL EN ALQUILER – PLANTA BAJA
✨ Ideal para:
Salón de belleza 💇‍♀️ | Oficinas 🗂 | Lavandería 🧺 | Farmacia 💊 | Tienda 🛍 | Delivery 🚴 | Gráficas ✏️ y mucho más.
(No apto para comida)
📐  30 m²
 💰 1.100 Bs

CARACTERÍSTICAS
 ✔️ Baño privado
 ✔️ Sin expensas
 ✔️ PB, vista a la calle

Alquiler 1.100 Bs
Garantía 1.100 Bs
Comisión 50% del canon del alquiler

Agende su visita ❗
","https://drive.google.com/file/d/1V0GVSu8ECaHN4cXo2xzBcbOjzV8LMzQV/view?usp=drive_link, https://drive.google.com/file/d/1lFLTk5asexfCaFujLqNc7NFRTRXXhzwi/view?usp=drive_link, https://drive.google.com/file/d/1zZY4hRHhKXBnqATJVH4bZvIp-6vWUL9i/view?usp=drive_link, https://drive.google.com/file/d/1RgA9Tkgf5orHlNIhzgKDwYg7Ust-drpK/view?usp=drive_link, "
PV13,LISTA 1,Sabado,Gabriel Cañipa,J. Quintin entr T. Vargas y O. Anaya,Cala Cala,Edificio de Departamentos,"44,286 $us.","𝘿𝙚𝙥𝙖𝙧𝙩𝙖𝙢𝙚𝙣𝙩𝙤𝙨 en venta 𝙙𝙚 1 𝙮 2 𝙙𝙤𝙧𝙢𝙞𝙩𝙤𝙧𝙞𝙤𝙨

Ubicado en una zona estratégica con alta plusvalía

📍 Calle José Quintín Mendoza
 Entrega: Septiembre 2026
💵 1 Dormitorio, Desde 44.286 $us
TC: 10.5 bs.

Agenda una visita: 📱

un diseño inspirado en el lujo italiano

#PV13 #Garzonier #Monoambiente #Venta #Departamento #Cochabamba","𝘿𝙚𝙥𝙖𝙧𝙩𝙖𝙢𝙚𝙣𝙩𝙤𝙨 en venta 𝙙𝙚 1 𝙮 2 𝙙𝙤𝙧𝙢𝙞𝙩𝙤𝙧𝙞𝙤𝙨

ultimos departamento de 1 dormitorio!

📍 Calle José Quintín Mendoza
 Entrega: Septiembre 2026
💵 1 Dormitorio, Desde 44,286 $us
TC: 10.5 bs.

Agenda una visita: 📱

Ubicado en una zona estratégica con alta plusvalía

#PV13","1 y 2 Dormitorios a precios de Preventa

A Días de la entrega

📍 Calle José Quintín Mendoza
 Entrega: Septiembre 2026
💵 1 Dormitorio, Desde 44,286 $us
TC: 10.5 bs.

Un departamento de 2 dormitorios SOLAMENTE a 57.750 $us y en pleno Cala Cala

Información 📱

#PV13","𝘿𝙚𝙥𝙖𝙧𝙩𝙖𝙢𝙚𝙣𝙩𝙤𝙨 𝙙𝙚 𝙡𝙪𝙟𝙤 𝙙𝙚 1 𝙮 2 𝙙𝙤𝙧𝙢𝙞𝙩𝙤𝙧𝙞𝙤𝙨
U𝐧𝐚 𝐝𝐞𝐜𝐥𝐚𝐫𝐚𝐜𝐢𝐨́𝐧 𝐝𝐞 𝐞𝐥𝐞𝐠𝐚𝐧𝐜𝐢𝐚 𝐲 𝐜𝐚𝐥𝐢𝐝𝐚d

Ubicado en una zona estratégica con alta plusvalía, demanda real y un diseño inspirado en el lujo italiano

📍 Calle José Quintín Mendoza
 Entrega: Septiembre 2026

𝐀𝐦𝐞𝐧𝐢𝐝𝐚𝐝𝐞𝐬 𝐝𝐞 𝐥𝐮𝐣𝐨:
✨Lobby tipo hotel
🏊‍♂️ Acqua Vista
🥩 Zona Grill
🧘 Spazio Sociale
🎬 Sala TV
💆‍♀️ Terrazza
🎮 Zona Sportiva
🐾 Spa Canina
👕 Área de secado

✅️Materiales y equipamiento importados de primera calidad
✅️Iluminación Led
✅️Chapa inteligente
✅️Mesones de quarzo
✅️Cocinas equipadas

📩 Escríbenos y descubre tu nuevo hogar, donde el confort también genera valor.","https://drive.google.com/file/d/1hAIn7tcVjj1FBbwjwjFOC3j7zTzv3H4J/view?usp=drive_link, https://drive.google.com/file/d/1Yyf2Ebzc1Sl3IPwuEjh6AEEcdwzYaDeQ/view?usp=drive_link, https://drive.google.com/file/d/1uP-QZQhyoJWiCFtVdrw3f57L194J1c4l/view?usp=drive_link, https://drive.google.com/file/d/1ncn3NnbOr1tZUkoljhMvFCxk4aDE3QDf/view?usp=drive_link, https://drive.google.com/file/d/1TYj-QsOtZPS10_5OLlVaKBkQTMnsphle/view?usp=drive_link, https://drive.google.com/file/d/1gO8-oCJ2RqBOwjkoYordustpUBGT37jk/view?usp=drive_link, https://drive.google.com/file/d/1z-HghSeubkdaNkTZY9FGlaqVlpt8PxMt/view?usp=drive_link, https://drive.google.com/file/d/1aurI-MeeUcTQHfwDPqeRipysY9JuWA0p/view?usp=drive_link, https://drive.google.com/file/d/1pNgSJ3vDBOmEpvuBbYMJSngpzkkKyXm1/view?usp=drive_link, "
AL25,LISTA 2,Domingo,Cecilia Ardaya,Av. Pando y Segunda Circunvalación ,Alto Aranjuez,Casa,"4,800 Bs.","CASA DE 3 DORMITORIOS EN ALQUILER 

📍Ubicación; ZONA ALTO ARANJUEZ 
💵 Precio: 4.800 Bs.
📐Sup. 145 m² construida 

Más información 📱

El inmueble cuenta con:
🛏️ 3 Dormitorios 
🚽3 Baños 
 🚗Parqueo
🐕Se permite mascota

🪑📺🛋️🛏️ AMOBLADA = 6.000 bs. ✨

#AL25 #CochabambaBolivia #departamento #Noventa #InversionInmobiliaria #Casa #excelentezona #bienesraices #alquiler #casaencondominio #alquiler3D #casaenalquiler",,,"CASA DE 3 DORMITORIOS EN ALQUILER

📍Ubicacion; ZONA ALTO ARANJUEZ 
💵 Precio: 4.800Bs.
📐Sup. 145 m² m²

El inmueble cuenta con
Planta alta
🛏️ 1 suite ( baño) 
🛏️ 2 Dormitorios 
🚽1 baño compartido 
🛋️ Sala de estar

Planta baja 
🎛️ Cocina Cerrada c/cajonería alta y baja
🛋️Living
🪑Comedor
🧻Baño visitas
🎽Área de lavado

🚗Parqueo 2 movilidades 
🐕Se permite mascota

Precio: 4.800 Bs.
Garantía: 4.800 Bs
Comisión: 2.400 Bs.

🪑📺🛋️🛏️ AMOBLADA = 6.000 bs. ✨

Precio: 6.000 Bs.
Garantía: 6.000 Bs
Comisión: 3.000 Bs.

Agenda tu visita ❗","https://drive.google.com/file/d/1DZgviwt_QejAopebNaLFGFwqFBBtchWN/view?usp=drive_link, https://drive.google.com/file/d/1rBVb9V_z4vxkLSGoTuP-QX_euexgDWOg/view?usp=drive_link, https://drive.google.com/file/d/1i0_96WLyzomNdyhsRpCqNDdsYamBWlRt/view?usp=drive_link, https://drive.google.com/file/d/13qFLRTq0k5yS_ex-aIvhNXzfKyPdrSoH/view?usp=drive_link, https://drive.google.com/file/d/1w9SPZP5Q-kP44U5ShVfM9CP7yYbwp0N4/view?usp=drive_link, https://drive.google.com/file/d/19UYGzvegEb0uWkE5nWDXKzsCamULuAAJ/view?usp=drive_link, "
AX5,LISTA 3,Lunes,Jazmín Heresi,Barrio Kami,Colcapirhua,Casa, ,"🏡Casa alquiler por días 

Necesitas hospedaje en Cochabamba?
Casa amoblada y equipada por días

📍 Zona de Colcapiruhua 🌺🌻🏡
Barrio Kami

🛏1D con camas de dos plaza, una cama de plaza y media, y cama tipo litera dos pisos.

Mayor información 📱 

🚘 Parqueo

#AX5 #airbnb #cochabamba #Casa #alquiler",,," Casa amoblada y equipada por días en Cochabamba, Zona de Colcapiruhua 💐
🌼🌻🌺

🟢 _*Check IN 14:00*_
🔴  _*Check OUT 12:00*_AM
✅ * (Capacidad hospedaje)*  _( 2 a 6 personas máximo)

▪️ 1 día  x  Bs 600 + (Bs. 150 limpieza) pago unico.
Garantía (Bs 600) se devuelve al momento de hacer check out si todo está en perfecto estado 

1 Habitacion con 🛏 cama de dos plazas y media, una cama con plaza y media, una cama tipo litera dos pisos de plaza y media + sofá cama. 
🍴Cocina equipada 
🪑Living patio
🛁Baño privado con ducha agua caliente y box de baño 
🪟Cocina c/ Cajoneria alta y baja 
🍦 Refrigerador 
🍶Vajilla necesaria 6 pax
🥩 Amplio Parrillero
🌿🪴 Amplio Jardín 
🚘 Parqueo

Ubicacion: Colcapiruhua Norte, A cuadras de la avenida La Paz  y Universidad Salesiana,
Referencia cercana lado tienda de barrio.","https://drive.google.com/file/d/1gpeXF47cCmjLYy_4ppwQ8xbbwOWmy7Xm/view?usp=drive_link, , "
PE6,LISTA 1,Martes,Jazmín Heresi,Quintanilla sud,Quintanilla,Lote,"48,429 $us.","✨ 𝐕𝐢𝐜𝐭𝐨𝐫𝐢𝐚𝐬 𝐈𝐈𝐈 🏡

Terrenos en pre venta en urbanización privada. 

📐 Lotes desde 192 m²

📍 𝐔𝐛𝐢𝐜𝐚𝐝𝐨 𝐞𝐧 𝐒𝐚𝐜𝐚𝐛𝐚 – 𝐐𝐮𝐢𝐧𝐭𝐚𝐧𝐢𝐥𝐥𝐚

📲 más información 

✨𝘿𝙞𝙨𝙛𝙧𝙪𝙩á 𝙙𝙚: Áreas comunes 

#PE6 #VictoriasIII #TuCasaIdeal #CocinaModerna #ConstruíTuFuturo #Casas #Cochabamba #SacabaQuintanilla #HogarConEstilo #ViviendaNueva #90
#inversion  #familia #Sacaba #TuCasaNueva #Preventa #NoventaAsesoresInmobiliarios",,,"✨ 𝐕𝐢𝐜𝐭𝐨𝐫𝐢𝐚𝐬 𝐈𝐈𝐈 🏡

Terrenos en pre venta en urbanización privada. 

🌳Lotes desde 192 m²

📍 𝐔𝐛𝐢𝐜𝐚𝐝𝐨 𝐞𝐧 𝐒𝐚𝐜𝐚𝐛𝐚 – 𝐐𝐮𝐢𝐧𝐭𝐚𝐧𝐢𝐥𝐥𝐚
 
Un proyecto diseñado para brindarte comodidad, estilo y funcionalidad en cada espacio.

Cada detalle ha sido pensado para brindarte confort y seguridad.

 Una urbanización completa y pensada para tu familia .

✨ Áreas sociales completas para disfrutar cada fin de semana ❗
🤽🏻‍♀️ Piscina tipo playa
🏠 Clubhouse 
🥩 Parrilleros 
⚽ Cancha de fútbol sintético
🏐 Cancha de beach voley
🎡 Parque infantil 
⛱️ Arenero para los pequeños 

Agende su visita ❗","https://drive.google.com/file/d/1Tvnv0LCKbIQdZFmF7FdUZtRBDgH5lXBO/view?usp=drive_link, https://drive.google.com/file/d/1RFMDLGEKraN-agmVIlKibgWOHJa1Kcao/view?usp=drive_link, https://drive.google.com/file/d/1wzjk9AhjO2ZvDY56YI_9igbwtr8YRBcY/view?usp=drive_link, https://drive.google.com/file/d/1sgIpIfg_0UYNmlRn6bNFqQlGjFj1YKjF/view?usp=drive_link, "
VN22,LISTA 2,Miercoles,Gabriel Cañipa,Villa San José - Tarata,Tarata,Lote,"1,223,000 $us.","🌱 Amplio Terreno de casi 7 hectáreas en venta 🐄

🚨 ATENCIÓN A INVERSIONISTAS! ⚠️

📍TARATA - COCHABAMBA

📐 6.7 hectáreas de terreno 

Mayor información y visitas 📲

⭐ Apto y perfecto tanto para fines de agricultura, ganadería, industrial o residencial.

#VN22 #Tarata #Lote #Terreno #Venta #Cochabamba","🌱 7 hectáreas en venta 🐄

🚨 PERFECTO PARA INVERSIONISTAS! ⚠️

📍TARATA - COCHABAMBA

📐 6.7 hectáreas de terreno 

Mayor información y visitas 📲

⭐ Apto para agricultura, ganadería, industria o condominios.

#VN22",,"🌱 Amplio Terreno de casi 7 hectáreas en venta 🐄

🚨 Si buscas una inversión segura, para tu empresa o negocio industruial, esta es la perfecta oportunidad ⚠️

📍TARATA - COCHABAMBA

📐 67,943.40 metros cuadrados de terreno 
🚨 18 $us/m2 = 1.222.981 $us (TOTALMENTE OFERTABLE)

🗂️ Estudio de suelo incluido.
📑 Papeles al día

💧 Cuenta con los servicios básicos instalados y activos.

🏭 Cuenta con construcciones:
✅ Fabrica
✅ Planta
✅ Oficinas
✅ Comedor
✅ Baños
✅ Secadores Solares
✅ Pozos
✅ Depósitos de agua
✅ Pisos de cemento y cerámica
✅ Muro perimetral

 🛣️Apropiadas para almacenes, talleres y galpones, propios de una industria.
📏 1,127.24 m2 construcción

Reserva tu espacio para la vista ahora mismo ❗","https://drive.google.com/file/d/1p6M0ydVJtx0YqoISIclZL5a4FWaO6mer/view?usp=drive_link, https://drive.google.com/file/d/1KgVFBjrByn5VLZQ422EwvsAfMo1XGBqu/view?usp=drive_link, https://drive.google.com/file/d/1_AaW36F7V4JcraPYjxgKcy919uYZt8h4/view?usp=drive_link, https://drive.google.com/file/d/14b7kFfnWuVY4ne09GrJb3xnoc3ZvA7WN/view?usp=drive_link, "
VN23,LISTA 3,Jueves,Jazmín Heresi,Independencia y 19 de agosto ,Centro Montero (Santa Cruz),Lote,"383,000 $us.","𝐋𝐨𝐭𝐞 𝐝𝐞 𝐭𝐞𝐫𝐫𝐞𝐧𝐨 𝐞𝐧 𝐯𝐞𝐧𝐭𝐚

📍 C/ Independencia inmediaciones plaza principal de Montero (Santa Cruz)

📐530.56m²

📲Informes

💵 Precio 383.000$us
💰 Tipo de cambio 8bs
✨La mejor inversión para el futuro

💧Servicios básicos
📝 Financiamiento bancario 
🧾 Papeles al día✅

#VN23 #Cochabamba #terreno #inversión  #lotesenventa #financiamientobancario #colcapirhua #turismo #Cochabamba #terreno #inversión #cochabamba #oruro #santacruz #montero #Bolivia #enventa #condominio #inversionistas #hogar #estilodevida #lotetiquipaya #potosí #inmobiliaria #bienesraices #venta #residentesbolivianosexterior  #loteenventacochabamba #bolivia
",,,"LOTE DE TERRENO EN VENTA🧱⛏️⚒️

📍 Zona Central de Montero

 1 cuadra de la plaza principal  
🛣 Montero (Santa Cruz)
📐 Detrás del Bar Santa Martha

📐Superficie 530.56m² 
💵Precio 383.000$us
💰Tipo de cambio 8bs
🧱 Semi amurallado 

✅ Papeles al día
✅ Servicios básicos
📝 Financiamiento bancario 

Agenda tu visita ❗ ❗ 
","https://drive.google.com/file/d/1HJH991DDE0qdg0sqb73FiNFJoABuuL-d/view?usp=drive_link, https://drive.google.com/file/d/1Rp13Ub66M9GkydcbePm28kFYBeQLZmJ_/view?usp=drive_link, "
VN20,LISTA 1,Viernes,Jazmín Heresi,Av. Santa Cruz ,Queru Queru,Departamento,"79,000 $us.","𝐃𝐞𝐩𝐚𝐫𝐭𝐚𝐦𝐞𝐧𝐭𝐨 𝐝𝐞 1 𝐝𝐨𝐫𝐦𝐢𝐭𝐨𝐫𝐢𝐨𝐬 𝐞𝐧 𝐯𝐞𝐧𝐭𝐚

📍Inmediaciones Queru Queru 
 Avenida Santa Cruz 
💰79000 $us.
📐55m²
🪙𝐓𝐢𝐩𝐨 𝐝𝐞 𝐜𝐚𝐦𝐛𝐢𝐨: 7𝐁𝐬.

Más información 📱

“SIN COMISION INMOBILIARIA”

D𝐨𝐫𝐦𝐢𝐭𝐨𝐫𝐢𝐨𝐬 𝐜𝐨𝐧 𝐫𝐨𝐩𝐞𝐫𝐨𝐬 𝐞𝐦𝐩𝐨𝐭𝐫𝐚𝐝𝐨𝐬
🛏️1 Dormitorio
 🚽 Baño
🎛️ Cocina americana 

Áreas comunes en terraza🌳

#VN #Garzonier #Monoambiente #Inversión #90 #Inmobiliaria #Lote #Viral #Oficina #Asesores #Bienes #Compra #Raíces #Comercial #Norte #Ambiente #Bolivia #Inmobiliarios #Terreno #Venta #Departamento #Cochabamba #ViralBolivia #Anticretico #Local #Noventa #Alquiler #Casa #Zona
",,,"𝐃𝐞𝐩𝐚𝐫𝐭𝐚𝐦𝐞𝐧𝐭𝐨 𝐝𝐞 1 𝐝𝐨𝐫𝐦𝐢𝐭𝐨𝐫𝐢𝐨𝐬 𝐞𝐧 𝐯𝐞𝐧𝐭𝐚

📍Inmediaciones Queru Queru 
 Avenida Santa Cruz 
💰79.000 $us.
📐55m²
🪙𝐓𝐢𝐩𝐨 𝐝𝐞 𝐜𝐚𝐦𝐛𝐢𝐨: 7𝐁𝐬.

1 𝐝𝐨𝐫𝐦𝐢𝐭𝐨𝐫𝐢𝐨 𝐜𝐨𝐧 𝐫𝐨𝐩𝐞𝐫𝐨 𝐞𝐦𝐩𝐨𝐭𝐫𝐚𝐝𝐨
1 Baño
🍴Cocina estilo americana con cajonería alta y baja
🪟 Ventanales amplios 
🧼area de lavado
 orientación Noroeste
🗃️ Expensas 340bs ( mantenimiento edificio, ascensor y portería 24/7 + wifi

Áreas comunes en terraza🌳
🥳Salon de Copropietarios
🥩Parrilleros
🎠Parque infantil 
🏋🏻‍♀️Gimnasio 
🚿Jaulas de secado y lavanderias 


𝐀𝐠𝐞𝐧𝐝𝐚 𝐭𝐮 𝐯𝐢𝐬𝐢𝐭𝐚❗

","https://drive.google.com/file/d/1jQWE6nngTQ4dBV0MaDgr5Y7nOYvyLaCm/view?usp=drive_link, https://drive.google.com/file/d/1HS7_rImKRLfYAKwLBLahOKgOgRqsPpw6/view?usp=drive_link, https://drive.google.com/file/d/1CvyArNg4lmWytd95zWrRuf0rrI5apoJR/view?usp=drive_link, https://drive.google.com/file/d/1m73sWLVDakFuDkB9krL77pC9eg7dlH2z/view?usp=drive_link, https://drive.google.com/file/d/1WKBwCHQpw2KgXgii6HzgGNLQbOM3J_Vo/view?usp=drive_link, https://drive.google.com/file/d/14UmN3arKAjHSH_yNT45vAphYJJgVU-tx/view?usp=drive_link, "
VN21,LISTA 2,Sabado,Jazmín Heresi,Santa Cruz y Aniceto padilla ,Queru Queru,Departamento,"136,000 $us.","𝐃𝐞𝐩𝐚𝐫𝐭𝐚𝐦𝐞𝐧𝐭𝐨 𝐝𝐞 𝟑 𝐝𝐨𝐫𝐦𝐢𝐭𝐨𝐫𝐢𝐨𝐬 𝐞𝐧 𝐯𝐞𝐧𝐭𝐚

📍Inmediaciones Queru Queru 
 Avenida Santa Cruz 
💰136.000 $us.
📐95m²
🚘 Parqueo 
🪙𝐓𝐢𝐩𝐨 𝐝𝐞 𝐜𝐚𝐦𝐛𝐢𝐨: 7𝐁𝐬.

Más información 📱

“SIN COMISION INMOBILIARIA”

D𝐨𝐫𝐦𝐢𝐭𝐨𝐫𝐢𝐨𝐬 𝐜𝐨𝐧 𝐫𝐨𝐩𝐞𝐫𝐨𝐬 𝐞𝐦𝐩𝐨𝐭𝐫𝐚𝐝𝐨𝐬
1 Suite
2 Dormitorios  
1 Baño

Áreas comunes en terraza🌳

 #Garzonier #Monoambiente #Inversión #90 #Inmobiliaria #Lote #Viral #Oficina #Asesores #Bienes #Compra #Raíces #Comercial #Norte #Ambiente #Bolivia #Inmobiliarios #Terreno #Venta #Departamento #Cochabamba #ViralBolivia #Anticretico #Local #Noventa #Alquiler #Casa #Zona",,,"𝐃𝐞𝐩𝐚𝐫𝐭𝐚𝐦𝐞𝐧𝐭𝐨 𝐝𝐞 𝟑 𝐝𝐨𝐫𝐦𝐢𝐭𝐨𝐫𝐢𝐨𝐬 𝐞𝐧 𝐯𝐞𝐧𝐭𝐚

📍Inmediaciones Queru Queru 
 Avenida Santa Cruz 
💰136.000 $us.
📐95m²
🪙𝐓𝐢𝐩𝐨 𝐝𝐞 𝐜𝐚𝐦𝐛𝐢𝐨: 7𝐁𝐬.

𝟑 𝐝𝐨𝐫𝐦𝐢𝐭𝐨𝐫𝐢𝐨𝐬 𝐜𝐨𝐧 𝐫𝐨𝐩𝐞𝐫𝐨𝐬 𝐞𝐦𝐩𝐨𝐭𝐫𝐚𝐝𝐨𝐬
1 Suite
2 Dormitorios  
1 Baño de Visitas y compartido
🍴Cocina estilo americana con cajonería alta y baja
Cocina equipada (encimera, extractor, horno y microondas)
🛋️Living comedor
✨Balcón 
🧼area de lavado
 orientación noroeste
🗃️ Expensas 380bs ( mantenimiento edificio, ascensor y portería 24/7 y wifi

Áreas comunes en terraza🌳
🥳Salon de Copropietarios
🥩Parrilleros
🎠Parque infantil 
🏋🏻‍♀️Gimnasio 
🚿Jaulas de secado y lavanderias 


𝐀𝐠𝐞𝐧𝐝𝐚 𝐭𝐮 𝐯𝐢𝐬𝐢𝐭𝐚❗","https://drive.google.com/file/d/1W1SF0gIZUJF7ZF-AfXDIbGLy4ee2MDqc/view?usp=drive_link, https://drive.google.com/file/d/1Mx0nPMjRhM-RtJyJ1NdWjGOLMuEC7O7n/view?usp=drive_link, https://drive.google.com/file/d/1GovpXrgEriAMJMRHHirFnwYJo2HuoFX-/view?usp=drive_link, https://drive.google.com/file/d/1IUYQXTzZ4g2wHXYtm-keG3RG4IxrsMYU/view?usp=drive_link, https://drive.google.com/file/d/1Wdv7i0Lf1tu5nes92IsVA5-cRlazAB3Z/view?usp=drive_link, https://drive.google.com/file/d/1uwztv_KDrjSzuSamvR5nScut5JDWXvh7/view?usp=drive_link, https://drive.google.com/file/d/1NF60K6M1k4XYDDclq7llMXvyCQASTnim/view?usp=drive_link, "
VN24,LISTA 3,Domingo,Jazmín Heresi,Samaria,Samaria (Santa Cruz),Lote,"130,000 Bs.","𝐋𝐨𝐭𝐞 𝐝𝐞 𝐭𝐞𝐫𝐫𝐞𝐧𝐨 𝐞𝐧 𝐯𝐞𝐧𝐭𝐚

📍 zona Samaria 
Santa cruz de la sierra 

📲Informes

💵 Precio 130.000Bs.
📐663.12m²


#VN24 #Cochabamba #terreno #inversión  #lotesenventa #financiamientobancario #colcapirhua #turismo #Cochabamba #terreno #inversión #cochabamba #oruro #santacruz #Bolivia #enventa #condominio #inversionistas #hogar #estilodevida #potosí #inmobiliaria #bienesraices #venta #residentesbolivianosexterior  #loteenventacochabamba #bolivia",,,"LOTE DE TERRENO EN VENTA🌳🌴

📍 Zona Samaria 
Santa Cruz de la sierra

📐Superficie 663.12m² 
💵Precio 130.000Bs.
🌿🌱 Áreas verdes

🧱 amurallado 

💰Pago contado 

Agenda tu visita ❗ ❗","https://drive.google.com/file/d/1QdNe9Fa4s0Exk0rxlszjcFVHbgnZZcGA/view?usp=drive_link, https://drive.google.com/file/d/1rhB63PGutrRfPsB3Qwq7Yi7FGF_SH_R4/view?usp=drive_link, https://drive.google.com/file/d/1iFNjYsxvmlqHnbm_fna5CMAedWX7GJG0/view?usp=drive_link, https://drive.google.com/file/d/1okTtBEV2l4VA1LGjuYKvTeZ5bSe1z8Ft/view?usp=drive_link, "
PV15,LISTA 1,Lunes,Gabriel Cañipa,C. Zoológico esq. A. Montenegro ,Hipodromo,Edificio de Departamentos,"33,320 $us.","🌟 Departamentos de 1, 2 y 3 dormitorios en Pre Venta🌟

🏢 18 pisos y más de 15 áreas comunes exclusivas.

📍Zona Parque. Ex-Combatientes
🛏️Monoambientes: Desde 34 m²

Visitas e Informes al 📱:

#PV15 #Garzonier #Monoambiente #Venta #Departamento #Cochabamba ","🌟 Departamentos  en Pre Venta🌟

De 1, 2 y 3 dormitorios

📍Zona Parque. Ex-Combatientes
🛏️Monoambientes: Desde 34 m²

Visitas e Informes al 📱:

🏢 18 pisos y más de 15 áreas comunes exclusivas.

#PV15",,"🌟 Elegancia y Modernidad en un Solo Lugar 🌟

📍Zona Parque Ex-Combatientes

🏢 18 pisos y más de 15 áreas comunes exclusivas.

🌇 Diseño Vanguardista:
Acabados de primera calidad con pisos de SPC y porcelanato.
Cocinas con mesones de granito y grifería europea.
Baños con espejos LED y puertas inteligentes.

 🚪Departamentos:

🛏️Monoambientes: Desde 34 m²
🛏️2 Dormitorios: Desde 77 m²
🛏️3 Dormitorios: 112,27 m².

💯Áreas Comunes:

Lobby 🛋️
SKY Lounge 🌤️
Piscina 🏊🏻‍♂️
Área Zen 🧘🏻‍♀️
Cine Fogata 🔥
Spa 🧖🏻
Gym 🏋🏻‍♀️
Cowork 💻
Lounge de Residentes 🕺🏻
Kids Club 👧🏻
Pet Park 🐕
Terraza Grill 🥩
Y más...

🚗 Parqueos y Bauleras disponibles.

¡No dejes pasar la oportunidad y agenda una visita ahora mismo! 🫵🏼","https://drive.google.com/file/d/1UXb98fV1Ei1PV6hn_DpSd0jj8DUCo2oS/view?usp=drive_link, https://drive.google.com/file/d/11rAwfzrq3C1yt-02xZDM4v3OqWBDX6Qu/view?usp=drive_link, https://drive.google.com/file/d/1CNmrcOIuB7IZGKvLKe-nHyN95R3gt9w2/view?usp=drive_link, https://drive.google.com/file/d/1QdDbmf4CbTdYI7rB1JfBhXMVRXt682Oz/view?usp=drive_link, https://drive.google.com/file/d/1pncJRDibZhqjkuWVZclq2wuxC2sZFTh-/view?usp=drive_link, https://drive.google.com/file/d/1I6IkmC1vTLDb3zFMzuvdI4nDbCO-Exr1/view?usp=drive_link, https://drive.google.com/file/d/1kT71Zs-PKlWNQwFIwCA0XRhr4put1Mdw/view?usp=drive_link, https://drive.google.com/file/d/1cJZYLgmlBWJR3Ja2hnyqziglkGnwMC3e/view?usp=drive_link, https://drive.google.com/file/d/1IRLKqZAvHhwqb8S-3JRm6RgBH5kcpqwO/view?usp=drive_link, "
PV16,LISTA 2,Martes,Gabriel Cañipa,C. Adolfo Ballivián entre Miguel Angel Valda y Joaquín Rodrigo,Sarcobamba,Edificio de Departamentos,"40,958 $us.","🌿 Departamentos de 1, 2 y 3 dormitorios en Pre Venta🌱

🏢 18 pisos y más de 15 áreas comunes exclusivas.

📍Zona Sarcobamba (Colquiri Sur)
Cercano al Mercado 10 de Febrero 
🛏️Monoambientes: Desde 31.75 m²

Visitas e Informes al 📱:

#PV16 #Garzonier #Monoambiente #Bolivia #Venta #Departamento #Cochabamba ","🌿 Departamentos en Pre Venta🌱

De 1, 2 y 3 dormitorios 

📍Zona Sarcobamba (Colquiri Sur)
Cercano al Mercado 10 de Febrero 
🛏️Monoambientes: Desde 31.75 m²

Visitas e Informes al 📱:

🏢 18 pisos y más de 15 áreas comunes exclusivas.

#PV16","Monoambientes y Departamentos en Pre Venta

📍Zona Sarcobamba (Colquiri Sur)
Cercano al Mercado 10 de Febrero 
🛏️Monoambientes: Desde 31.72 m²

Su consulta no molesta📱: 

Invierte desde SOLAMENTE 40.958 $us

#PV16","🌿Tu conexión con lo natural, dentro del lujo en la ciudad🌱

📍Zona Sarcobamba (Colquiri Sur)

🏢 18 pisos y más de 15 áreas comunes exclusivas.

🌇 Diseño Vanguardista en armonía con la naturaleza:
Acabados de primera calidad con pisos de SPC y porcelanato.
Cocinas con mesones de granito y grifería europea.
Baños con espejos LED y puertas inteligentes.

 🚪Departamentos:

🛏️Monoambientes: Desde 31.75 m²
🛏️1 Dormitorio: Desde 40 m²
🛏️2 Dormitorios: Desde 60.26 m²
🛏️3 Dormitorios: 104 m².

💯Áreas Comunes:

Lobby 🛋️
Lounge Bar & Game 🎲
Cowork 💻
Piscina 🏊🏻‍♂️
Área Zen 🧘🏻‍♀️
Spa 🧖🏻
Kids Club 👧🏻
Gimnasio 🏋🏻‍♀️
Cine 🎥
Y más...

🚗 Parqueos y Bauleras disponibles.

¡No dejes pasar la oportunidad y agenda una visita ahora mismo! 🫵🏼","https://drive.google.com/file/d/1U6ZD8Mua0cspaxRn1Qpzih0DG3ImW9xO/view?usp=drive_link, https://drive.google.com/file/d/1ELaG_XKoN_PJM3YQr_IUYQyBK7cEJ3As/view?usp=drive_link, https://drive.google.com/file/d/1UzdV5RK9czgz5sTVU36x3S7qrIC1FWrj/view?usp=drive_link, https://drive.google.com/file/d/1eKp0SZs7kbySIZQuS1VgFznTftI_uKtk/view?usp=drive_link, https://drive.google.com/file/d/1fNNWUHvwzv5JTshGj2w6Wl9N0827Gdml/view?usp=drive_link, https://drive.google.com/file/d/1FpaiORAzM8ci3R9hKP66KMClzrn8Tkb_/view?usp=drive_link, https://drive.google.com/file/d/1PSWpQieROYluao2OWEAp2t6RTGQC5sPi/view?usp=drive_link, https://drive.google.com/file/d/1JjvRmoZIOqR_WYyDg79dJR3aiA-VYQcA/view?usp=drive_link, https://drive.google.com/file/d/1h48dCqexs8iZv7iziPhkIao_CYijEo19/view?usp=drive_link, https://drive.google.com/file/d/1tKi1bl6wnJ3fRvdUJD6zPh7cmEFVWFrA/view?usp=drive_link, https://drive.google.com/file/d/16kmP_3lpunaj7bPOP7AUdfXPyLABQJ_u/view?usp=drive_link, "
AN8,LISTA 3,Miercoles,Jazmín Heresi,Benjamín Guzmán y Zenón salinas,Tupuraya,Departamento,"450,000 Bs."," DEPARTAMENTO A ESTRENAR EN ANTICRETICO – ¡Con vista directa al parque 🌳

📍 Ubicado en el Parque del Arquitecto, inmediaciones Av. América

✨ Características del departamento: ▪️ 2 Dormitorios Suite
▪️ Living – Comedor 
▪️ Cocina equipada
▪️ Baño de visitas
▪️ Vista privilegiada al parque

🌟 Áreas comunes del condominio: 
▪️ Piscina
▪️ Sauna
▪️ Gimnasio

💰 Precio: 450.000 Bs

📱 Más información 


#AN8 #anticretico #zonanorte #parque #lujo #familia #lujo #amenidades
#cochabamba #america #departamentos",,,"DEPARTAMENTO A ESTRENAR EN ANTICRETICO – ¡Con vista directa al parque 🌳

📍 Ubicado en el Parque del Arquitecto, inmediaciones Av. América

📐 108m2
💰 Bs.450.000

(3% = comisión inmobiliaria)

✨ Características del departamento: ▪️ 2 Dormitorios Suite
▪️ Living – Comedor 
▪️ Cocina equipada
▪️ Baño de visitas
▪️ Vista privilegiada al parque

✨ Aéreas comunes totalmente equipadas  
🧽 Spa  
🏊🏻‍♀️ Piscina  
🧪 Sauna  
🏋🏻‍♀️Gym semi profesional  
🕋 Salón de copropietarios  
🥩 Churrasquero  
🛑Ascensores con desinfección UV.  
🚏Doble sótano  
🧱Materiales de construcción de primera calidad  
🌳Lujo.  
👨‍💻👨‍💻👨‍💻Tecnología y Seguridad en todo el edificio.  

Agenda tu visita ❗","https://drive.google.com/file/d/1pqoPC3NGlZviAEuVUtheBQRsprnKuK89/view?usp=drive_link, https://drive.google.com/file/d/1v-vBSGAkZCWjefcM7eXqqXcdIzwdMlww/view?usp=drive_link, https://drive.google.com/file/d/1yxJBOslwOpdsqfgNQn4T8VxFBjbrSp-R/view?usp=drive_link, https://drive.google.com/file/d/1xkopNVWKsiTD3e-fi7z86gFtq0s9j63L/view?usp=drive_link, https://drive.google.com/file/d/1kphh7Q0DyqNcGrdUE8ZSXkV52iPRW7xk/view?usp=drive_link, "
AL26,LISTA 1,Jueves,Jazmín Heresi,Avenida Ballivian Prado,El Prado,Departamento,"1,500 Bs.","MONOAMBIENTE EN ALQUILER (SOBRE EL PRADO) 🌟

📍 Ubicación estratégica: sobre El Prado
📏 Superficie: 18.90m²
💰 Precio de alquiler: Bs. 1.500 (incluye expensas)

⚡ Servicios de agua y electricidad con medidores independientes (pago según consumo).

🏢 Áreas comunes:

📲 Mas  información 

#AL26 #monoambiente #zonacentral #prado #cochabamba #bolivia #hospedaje #seguidores #viral #noventa #90 #inmobiliaria #departamento",,,"MONOAMBIENTE EN ALQUILER (SOBRE EL PRADO) 🌟

📍 Ubicación estratégica: avenida Ballivian sobre El Prado
📏 Superficie: 18.90m²
💰 Precio de alquiler: Bs. 1.500 (incluye expensas)

✅ Incluye expensas que cubren:
✅ Administración y portería 24horas
✅Limpieza y seguridad
✅ Mantenimiento de ascensores y bombas de agua
✅ Wifi  ilimitado 

⚡ Servicios de agua y electricidad con medidores independientes (pago según consumo).
Mes adelantado 1500bs
Garantía 1500bs
Comisión inmobiliaria 1200bs
🏢 Áreas comunes:
🔹 Salón de copropietarios
🔹 Churrasquero
🔹 Jaula de secado y lavanderías

Agenda tu visita ❗","https://drive.google.com/file/d/1I2DPIikEK0URQlLK2qRKEbiB-Vpg-cqw/view?usp=drive_link, https://drive.google.com/file/d/1s6_6kO-mmMPljqPuhjuASrzzl276psGn/view?usp=drive_link, https://drive.google.com/file/d/1W5qb2a4Qsm7epyLcZCT31ZlFYQYn7me5/view?usp=drive_link, https://drive.google.com/file/d/1AdLTx7dTbLUDCbT7m3jlwLnE-yW46MQO/view?usp=drive_link, "
VN25,LISTA 2,Viernes,Jazmín Heresi,Luis Quintín Vila y Ramón Rivero ,Muyurina,Local Comercial,"225,000 $us.","LOCAL COMERCIAL EN VENTA

⚜️LUJOSO  INTELIGENTE Y A ESTRENAR⚜️
 
📌Ubicación :Calle Luis Quintín Vila y Ramón Rivero. Zona Muyurina

📐 155.90m2 
💰 225.000$us 
💸 Tipo de cambio 7bs

 🏦Se acepta financiamiento_ 

 Más información 📱

#VN25  #localcomercial #cochabamba #venta ","⚜️ Local comercial de lujo, inteligente y completamente a estrenar

🔥 Invierte donde tu negocio crecerá.
.
📍 Zona Muyurina 📐 155.90 m² 💰 $us 225.000 💸 Tipo de cambio: 7 Bs.
🏦 Financiamiento bancario disponible.

📲 Solicita más información y conoce esta excelente oportunidad antes de que se reserve.

#amenidades #lujo #inversion #comercial #Noventa VN25",,"*⚜️LUJOSO LOCAL COMERCIAL INTELIGENTE A ESTRENAR⚜️
 
✨Realiza la mayor adquisición e inversión adquiriendo uno de estos locales comerciales de lujo....con acabados de primera, diseños modernos, finos y elegantes. Emplazados en un edificio eco sostenible con certificación leed.✨
 
📌Ubicación :Calle Luis Quintin Vila y Ramón Rivero. Zona Muyurina

📐 155.90m2 
💰 225.000$us 
💸 Tipo de cambio 7bs

 *AREAS COMUNES* 
◾️🏊‍♂ Piscina Climatizada
◾️🔥2 Parrilleros
◾️👨‍👩‍👧‍👦Salón de Copropietarios
◾️🏙 Terraza de esparcimiento, con vista panorámica 
◾😶‍🌫️Sauna
◾️🚡2 Ascensores, uno  de carga (para mudanzas)
◾️🛎 Amplio Lobby equipado
◾️🚗 Área de parqueo con puntos de carga eléctricos🔋
 📝Cuenta con toda la documentación_ 
 🏦Se acepta financiamiento_ 

Agenda tu visita ❗","https://drive.google.com/file/d/1snfRuCJ7Y8mUO-ruM3vETjPgrU7TTwSr/view?usp=drive_link, https://drive.google.com/file/d/1CVmLlZX5-dcNrs7kyeyvrnsgKAukAIQV/view?usp=drive_link, https://drive.google.com/file/d/1wD3sSzQxosMsljEPJlbp2gVD1iK__2Hg/view?usp=drive_link, https://drive.google.com/file/d/1hVOFuHns1NofKqnV-58n5GdtYIw25Tyw/view?usp=drive_link, https://drive.google.com/file/d/1QdzuAicPw0-zn29U4kAEduAYsnuV9u9w/view?usp=drive_link, https://drive.google.com/file/d/1Qd9caK5kle_-LGrsh3RuF4ZJ1GTZDQi6/view?usp=drive_link, https://drive.google.com/file/d/1uHlFzmsEBY0DO1tP2uSg8iUGbnQw0nj1/view?usp=drive_link, "
VN26,LISTA 3,Sabado,,Pantaleón Dalence y Alcibiedes Guzmán,Queru Queru,Departamento,"690,000 Bs.","Excelnte oportunidad de inversión Garzonier en Venta
Bs. 690.000
El precio Incluye Parqueo 🚘 

📐 Superficie 38m2
📍Calle Pantaleon Dalence, esquina Alcibiades 

📲 agende su visita: 

🛌 Dormitorio en Suite
⏲️ Cocina
🛋️ Sala 
🚗 Parqueo 

✨️COCINA EQUIPADA
✨️ÁREAS CONUNES 
 
#VN26 #Garzonier #Monoambiente #Inversion #90 #Inmobiliaria #Lote #Viral #Oficina #Asesores #Bienes #Compra #Raices #Comercial #Norte #Ambiente #Bolivia #Inmobiliarios #Terreno #Venta #Departamento #Cochabamba #ViralBolivia #Anticretico #Local #Noventa #Alquiler #Casa #Zona

",,,"Excelnte oportunidad de inversión Garzonier en Venta
Bs. 690.000
El precio Incluye Parqueo 🚘 

📐 Superficie 38m2
📍Calle Pantaleon Dalence, esquina Alcibiades 

🛌 Dormitorio en Suite
⏲️ Cocina
🛋️ Sala 
🚗 Parqueo 

COCINA EQUIPADA
- Cocina encimera
- ⁠horno
- ⁠extractor 
- ⁠microondas
- ⁠cortinas - persianas 

ÁREAS CONUNES 
  🏋‍♀️ Gimnasio 
 🏊‍♀️Piscina atemperada - sauna 
 🥩⁠Parrillero 
 🤳sala de COWORK 

Agenda tu visita!! ","https://drive.google.com/file/d/1xL_YnOPE7eSR17Kjy5_BJ3hLmDy67sp7/view?usp=drive_link, https://drive.google.com/file/d/1CuYzGLPpntAqloHSbN-JXoqKR5f0sVxX/view?usp=drive_link, https://drive.google.com/file/d/1vnePpBxh6hW-xhskX-4eZnEDViErH6c7/view?usp=drive_link, https://drive.google.com/file/d/1IWj4TIClAylq-UZBZyCaUK2EDSVZwMlv/view?usp=drive_link, https://drive.google.com/file/d/1veVk7539kF_nP9E5S0zGz0SLl3ecpKqK/view?usp=drive_link, https://drive.google.com/file/d/13K4JF6ZyYcMlRGGxmgz16k4mLnvyQwpt/view?usp=drive_link, https://drive.google.com/file/d/1Et2A5znamT8y8y9Ub7dIASLjLOIutwwU/view?usp=drive_link, "
AL27,LISTA 1,Domingo,Jazmín Heresi,Santa Cruz y Portales,Queru Queru,Local comercial ,"3,500 Bs.","𝐋𝐨𝐜𝐚𝐥 𝐂𝐨𝐦𝐞𝐫𝐜𝐢𝐚𝐥 𝐞𝐧 𝐚𝐥𝐪𝐮𝐢𝐥𝐞𝐫

📍Queru Queru  (Av. Santa Cruz)
📐45m²    
💰3500Bs

🚽Baño  
🚪Tras tienda  

📲 

#AL47 #zonanorte #cochabamba #Bolivia #Cochabamba #inmobiliaria #localcomercial #Noventa #90 #local #comercio ",,,"𝐋𝐨𝐜𝐚𝐥 𝐂𝐨𝐦𝐞𝐫𝐜𝐢𝐚𝐥 𝐞𝐧 𝐚𝐥𝐪𝐮𝐢𝐥𝐞𝐫

📍Queru Queru  (Av. Santa Cruz)
📐45m²    
💰3500Bs

🚽Baño  
🚪Tras tienda  
✨Medidor de luz compartido 
📌Muebles opcional a coordinar compra o tal vez alquiler
🗂️ Expensas incluidas (+agua)

Mes adelantado 3500 bs.
Mes de garantía 3500 bs.
Comisión inmobiliaria 1750 bs.

Agenda tu visita ❗","https://drive.google.com/file/d/1rjp8XssLSWOWNcPZLuzt3qHkxUAc_1eT/view?usp=drive_link, https://drive.google.com/file/d/1-DFujjtTA0eRjMkebGnwBHH8GrbpoJD-/view?usp=drive_link, https://drive.google.com/file/d/1PbdoxoMPHVhfq7g6AipcmojiJfOYlut0/view?usp=drive_link, https://drive.google.com/file/d/1uLrgGK5gk7uQL8SbjVAc1dT4XqdaLiea/view?usp=drive_link, "
VN27,LISTA 2,Lunes,Jazmín Heresi,Eucaliptos tiquipaya hotel Regina ,Tiquipaya,Casa,"250,000 $us.","𝐂𝐚𝐬𝐚 𝐝𝐞 𝐜𝐚𝐦𝐩𝐨 𝐝𝐞 𝟑 𝐝𝐨𝐫𝐦𝐢𝐭𝐨𝐫𝐢𝐨𝐬 𝐞𝐧 𝐯𝐞𝐧𝐭𝐚

📍  Tiquipaya, Inmediaciones Hotel Regina
📐 Sup. Terreno 834m²
📐 Sup. Construida 196.75m²
💰 250.000$

🎛 Cocina cerrada
🗂️ Papeles en orden

𝐀𝐠𝐞𝐧𝐝𝐚 𝐭𝐮 𝐯𝐢𝐬𝐢𝐭𝐚❗
📲 

#VN27 #casa #cochabamba #venta #Tiquipaya","✨ Casa de campo de 3 dormitorios en venta

🌿 ¡Despierta cada día rodeado de tranquilidad y naturaleza! 🏡

📍 Tiquipaya – Inmediaciones Hotel Regina 📐 Terreno: 834 m² 📐 Construcción: 196.75 m² 💰 $us 250.000 
📄 Papeles en orden

📲 Agenda tu visita hoy y conoce el hogar que siempre imaginaste.

#VN27 #Campo #compra #Noventa #naturaleza","✨ Casa de 3 dormitorios en venta tiquipaya 

🌿 tranquilidad y naturaleza! 🏡

📍 Tiquipaya – Inmediaciones Hotel Regina 📐 Terreno: 834 m² 📐 Construcción: 196.75 m² 💰 $us 250.000 
📄 Papeles en orden
🪙 Financiamiento bancario 

📲 Agenda tu visita hoy y conoce el hogar que siempre imaginaste.

#VN27 #Campo #compra #Noventa #naturaleza","🏡✨Casa de campo Venta!✨🏡

📍Tiquipaya (Proximo al  Hotel Regina) 

💵 Precio: 250'000$ 
✅Pago al Contado o financiamiento 
 

📐Superficie: 834m² terreno área urbana
✔️ 196.75m2 construidos
✔️  22.66m2 de frente 
✔️  36.82 m2 de fondo

🛏️🛁 Master Suite con vestidor y baño.
🛏️ 2 suites (baño privado c/u) 
🚽baño visita
🎛️ Amplia cocina cerrada con cajonería alta y baja.
🛋️ Amplio living comedor.
💻 escritorio.
🪟 Dependencias de empleada.
🚘 Amplio garaje para vehículos 


🧱 Amplió parrillero.
🌳 Jardín personalizado.
🪵🚪 Puertas y cajonería de madera Roble.
⚡ servicios básicos de agua y luz
🗂️ Papeles en orden

Agenda tu visita ❗","https://drive.google.com/file/d/1eW6a_5T7tU5_-0km_rCN9L-8gxujxGvd/view?usp=drive_link, https://drive.google.com/file/d/1ee10aP49z-O2fNAyq0SvQSIjRo-IaGxU/view?usp=drive_link, https://drive.google.com/file/d/1lrIMeVMFlOJrystnRfliB9GArpiZwYjg/view?usp=drive_link, https://drive.google.com/file/d/1P1gOrBjS_lkR5zuavgAVoY3KDA7u4MuD/view?usp=drive_link, https://drive.google.com/file/d/1X8W0jjOtxnIjukhmKapI2psDBw43IKbV/view?usp=drive_link, https://drive.google.com/file/d/1QBFYkQDFtSLiXO59ko4D3-eV7AGgzaoR/view?usp=drive_link, "
AL29,LISTA 3,Martes,Gabriel Cañipa,Av. Chapare,Arocagua,Departamento,"2,100 Bs.","𝐃𝐞𝐩𝐚𝐫𝐭𝐚𝐦𝐞𝐧𝐭𝐨 𝐝𝐞 𝟐 𝐝𝐨𝐫𝐦𝐢𝐭𝐨𝐫𝐢𝐨𝐬 𝐞𝐧 𝐚𝐥𝐪𝐮𝐢𝐥𝐞𝐫

📍  Av. Chapare
📐Superficie de 60 m² 
💰 2.100 Bs.

Cualquier duda o consulta estoy a su servicio 🤝 
𝐂𝐨𝐧𝐭𝐚𝐜𝐭𝐨 al 📱

🛏️2 Dormitorios 
🛋️  Living - comedor 
🍲 Cocina abierta

🌆 Areas comunes 

#AL29 #Cochabamba #alquiler #departamento#2dormitorios #Arocagua #aestrenar#90Noventa #bienesraices #inmobiliaria #Sacaba#departamentonuevo#nuevo#parqueo
",,,"𝐃𝐞𝐩𝐚𝐫𝐭𝐚𝐦𝐞𝐧𝐭𝐨 𝐝𝐞 2 𝐝𝐨𝐫𝐦𝐢𝐭𝐨𝐫𝐢𝐨𝐬 𝐞𝐧 𝐚𝐥𝐪𝐮𝐢𝐥𝐞𝐫

📍  Av. Chapare - Zona El Castillo
A cuadras del Hipermaxi Av. Villazón
 
📐Superficie de 60 m² 
💰 2.100 Bs. 
🛏️ 2 Dormitorios (1 suite, 1 dormitorios con baño compartido)
🚪Roperos empotrados 
🛋️  Living - comedor 
🍲 Cocina abierta
🔥  Calefon 

𝐄𝐱𝐩𝐞𝐧𝐬𝐚𝐬 280 Bs. por ahora 

Areas comunes :
💪 Gym equipado
🥩 Parrilleros
🌆 Salón de copropietarios
👗  👕Jaulas de secado 

                  Precio 2.100 Bs. 
                  Garantía 2.100 Bs. 
                  Comisión 1.050 Bs. 

Cualquier duda o consulta estoy a su servicio 🤝
","https://drive.google.com/file/d/1USZ82xKZLWx6l2rDpI3orluJ0PVh4nqn/view?usp=drive_link, https://drive.google.com/file/d/18lbBpEe2y0cd_K-Ia38tqnSvMOLNMe4m/view?usp=drive_link, https://drive.google.com/file/d/1Ysl654ATNVVctiSVhjsX_txC8ryWzLB1/view?usp=drive_link, https://drive.google.com/file/d/1kPk6jMHOk6DyBkGOSwL3Eb5fAsu7OvfF/view?usp=drive_link, https://drive.google.com/file/d/19NRYvFGh85QVAE_mbUfK3GM_BeSchi3k/view?usp=drive_link, https://drive.google.com/file/d/1vaxWeO1D66hxd_cU6kny-P-zfba7ynAq/view?usp=drive_link, "
AL28,LISTA 1,Miercoles,Cecilia Ardaya,Calle Los Eucaliptos 740 y Los Algarrobos,Cala Cala,Departamento,"2,300 Bs.","Departamento de 3 dormitorios en Alquiler

📍Zona Cala Cala 
 
💰 2.300 Bs.
📐110m²
🛏️ 3 Dormitorios 
🍲Cocina cerrada

🚙 Parqueo incluido 

Más información: 

#AL28 #Inversion #90 #Inmobiliaria #Viral #Asesores #Bienes #alquiler #Raices #Comercial #Norte #Ambiente #Bolivia #Inmobiliarios #Departamento #Cochabamba #ViralBolivia #Noventa #Alquiler #Zona",,,"🚨𝐃𝐞𝐩𝐚𝐫𝐭𝐚𝐦𝐞𝐧𝐭𝐨 𝐞𝐧 𝐚𝐥𝐪𝐮𝐢𝐥𝐞𝐫 3 dormitorios 🚨

📍 Zona Cala Cala 
C. Los Eucaliptos 
📏 110 m²
💵 2.300Bs.
🗺️Viene con cortinas en sala y dormitorios

🛌🏻 3 dormitorios con roperos
🛀🏻 1 baño compartido box de vidrio y area para lavadora. 
🫕 Cocina cerrada con cajonería alta y baja  y comedor de diario. 
🛋️ Living y comedor 
Una pequeña terraza

🛻 𝐏𝐚𝐫𝐪𝐮𝐞𝐨  
🚫 No mascotas 

Para tomar el departamento:
1 mes de alquiler
1 mes de garantía 
70% (del alquiler) comisión inmobiliaria.

Su consulta no molesta!","https://drive.google.com/file/d/1HSbhuf2LdKzCC982omqFyzDhSa9NlAMn/view?usp=drive_link, https://drive.google.com/file/d/1VRORJQQ9D3ZBMlkxLUm1-I9X4rX-U6NF/view?usp=drive_link, https://drive.google.com/file/d/1zhsEAfR9PkBU0F9l8EC12Y9uvePrDDQh/view?usp=drive_link, https://drive.google.com/file/d/1mRGKkK8F_Sj-v08NbID6CDHeXbaFnoiG/view?usp=drive_link, https://drive.google.com/file/d/1-tAH4UvnZOYTALsLUlr-gMJgI6O1FKbc/view?usp=drive_link, https://drive.google.com/file/d/17p4r_QbeIfXF2F0rsHFPE99KVjAY_M5b/view?usp=drive_link, https://drive.google.com/file/d/1U8dXqE-Pc3yRVtE8AjC8i4DXJVYsvYkt/view?usp=drive_link, https://drive.google.com/file/d/1sE9GXBErGIB6L7P6s_TAO9OoRgwCkaFo/view?usp=drive_link, "
AL30,LISTA 2,Jueves,Jazmín Heresi,Potosí y América ,Queru Queru,Local comercial ,"1,000 Bs.","LOCAL COMERCIAL EN ALQUILER 

📍 Queru Queru 
📐 4m2
💰 Bs.1000
🔖Tiendas de regalos, snacks
 
📱 Más información:

#AL30 #Garzonier #Monoambiente #Inversion #90 #Inmobiliaria #Lote #Viral #Oficina #Asesores #Bienes #Compra #Raices #Comercial #Norte #Ambiente #Bolivia #Inmobiliarios #Terreno #Venta #Departamento #Cochabamba #ViralBolivia #Anticretico #Local #Noventa #Alquiler #Casa #Zona",,,"LOCAL COMERCIAL EN ALQUILER 

📍 Queru Queru 
América y Potosí 
📐 4m2
🚪 Baulera y baño
💰 Bs.1000
🔖Tiendas de regalos, snacks
 📥 Ingreso principal compartido

Mes adelantado 1000 bs.
Mes de garantía 1000 bs.
Comisión Inmobiliaria 1000 bs.

Agenda tu visita ❗
","https://drive.google.com/file/d/1VBQOazmcDfsuJAtN-B6z_6KkMlRgriMg/view?usp=drive_link, https://drive.google.com/file/d/13h80WgBRlpTaLgQEKwprMulIXqYrOFBv/view?usp=drive_link, https://drive.google.com/file/d/1dwLPTADGmXO9pLIkG-heCXQDMFB9-s4U/view?usp=drive_link, https://drive.google.com/file/d/11uIPKdq5Lm_kRl9a_pm7q8q0SHORbrkJ/view?usp=drive_link, "
VN28,LISTA 3,Viernes,,Av Santa Cruz de 15.00m. Calle Inn/ de 10m.,Tiquipaya,Lote,"84,000 $us.","LOTE DE TERRENO EN VENTA TIQUIPAYA 🌳🌴

📍Tiquipaya ( 1 cuadra de la Av. Reducto🤩)
Collpapampa (Bruno Moko)

📲Informes

💵 Precio 84,000 $us
✨La mejor inversión para el futuro
📐314,28 m²
💧Servicios básicos en la zona
📝 Financiamiento bancario 
🧾 Papeles al día✅

#VN28 #Cochabamba #terreno #inversión  #lotesenventa #financiamientobancario #colcapirhua #tiquipaya #Collpapampa #turismo #Cochabamba #terreno #inversión #cochabamba #oruro #santacruz #Bolivia #enventa #condominio #inversionistas #hogar #estilodevida #lotetiquipaya #potosí #inmobiliaria #bienesraices #venta #residentesbolivianosexterior  #loteenventacochabamba #bolivia #90asesoresinmobiliarios #bolivianosenelexterior #italia #españa",,,"LOTE DE TERRENO EN VENTA TIQUIPAYA 🌳🌴

📍 Zona Tiquipaya 

 1 cuadra de la Av. Reducto🤩 (Zona de proyección y desarrollo) 
🛣 Collpapampa (Bruno Moko)
🏌️ Próximo a los terrenos de Hass

📐Superficie 314,28 m²
💵Precio 84,000 $us

🌿🌱 Áreas verdes
💧Servicios básicos en la zona

✅ Papeles al día
✅ Servicios básicos
📝 Financiamiento bancario 

Agenda tu visita❗","https://drive.google.com/file/d/1MPS-TN3FrkoeCN72xFkKXPSpj_wS5ewv/view?usp=drive_link, https://drive.google.com/file/d/1Tfay5uxC1XzdGj7PxxtynMyvY2sFGeGD/view?usp=drive_link, https://drive.google.com/file/d/1CF_tFnNnmE4TA6APzb9jg9LNeLadnU6F/view?usp=drive_link, https://drive.google.com/file/d/1krb2vRcHtKxnMY5dSD3L2gzAGUkW7zNj/view?usp=drive_link, "
VN29,LISTA 1,Sabado,Jazmín Heresi,Adela Zamudio y Teófilo Vargas ,Cala Cala,Departamento,"240,000 $us.","DEPARTAMENTO 4D DE LUJO A ESTRENAR EN VENTA ✨

📍Adela Zamudio  
Zona Cala Cala
🌳🌳🌳

🤩 Elegante, moderno y amplio.

📐 161.52m2
💰 $us. 240.000
Tc/ 7.

AREAS COMUNES DE PRIMERA!
 Más información 📱

#VN29 #Inversion #90 #Inmobiliaria #Viral #Asesores #Bienes #Compra #Raices #Comercial #Norte #Ambiente #Bolivia #Inmobiliarios #Venta #Departamento #Cochabamba #ViralBolivia#Noventa #Alquiler #Casa#Zonacalacala",,,"💎 DEPARTAMENTO 4D DE LUJO A ESTRENAR EN VENTA

📍Adela Zamudio 
Zona Cala Cala
🌳🌳🌳

🤩 Elegante, moderno y amplio

📐 161.52m2
💰 $us. 240.000
Tc/ 7.

Piso: 2 

✅ 2 Suites con ropero empotrado y baño privado 
✅ 2 Dormitorios
 con roperos empotrados
✅ Baño compartido
✅ Living - Comedor 
✅ Balcon
✅ Baño de visitas
✅ Cocina cerrada con cajonería alta/baja, cocina encimera, horno, y extractor de grasas digital
✅Area de Lavado

AREAS COMUNES:
🏊‍♀️Piscina y atemperada 
🔹Sauna vapor
🔹Baños con vestidor
❇️Salon de Copropietarios 
🔥Parrilleros 
 🌳Parque infantil 

Agende una visita será un gusto atenderlo 🤝","https://drive.google.com/file/d/1EeNbP7RMPWecZoB4d2GM1zcncGYLYFCU/view?usp=drive_link, https://drive.google.com/file/d/1AwPbK8IaS158fbyLbNoH9TyAMAhq57k3/view?usp=drive_link, https://drive.google.com/file/d/1OtCboBbaxI1oK2jz0L7HHfqmyzHX8wjc/view?usp=drive_link, https://drive.google.com/file/d/1PqPp3MH8G46hJoBTNCIddOCdfGcssenv/view?usp=drive_link, https://drive.google.com/file/d/1JXWx3za2fZW8wH04J2ehWfiHGFdQNa_g/view?usp=drive_link, https://drive.google.com/file/d/1LWaQZlnRKiINEgLaQI7AF8tKNVEyB3pC/view?usp=drive_link, https://drive.google.com/file/d/1iDEquKkTrMLdqpK8o_yd1Ek3eLgJHKPk/view?usp=drive_link, "
VN30,LISTA 2,Domingo,Jazmín Heresi,Av. Santa Cruz y Uyuni ,Queru Queru,Departamento,"138,000 $us.","🏢DEPARTAMENTO A ESTRENAR EN VENTA 🏢🌳 
 📍Av. SANTA CRUZ 
Queru Queru 

📐Superficie: 98.33 m2 
💲Precio: 138.000 $us  T/C 6.96 Bs.

➕CARACTERÍSTICAS 
- 1 Suite 
- 2 Dormitorios con roperos empotrados
- 1 baño compartido o visitas 
- Living 
- Comedor 
- Cocina americana con cajonería de primera con isla de mesón de granito
- Área de lavado 
- Incluye Parqueo 🚘 

✨Áreas comunes en piso 19:

Más información 📱

#VN30 #zonanorte #queruqueru #venta #departamentos #inversion #compra #90noventa #90 #lujo #aprovecha #parqueo #viralbolivia #cochabamba",,,"🏢DEPARTAMENTO A ESTRENAR EN VENTA 🏢🌳 
 📍Av. SANTA CRUZ 
Queru Queru 

📐Superficie: 98.33 m2 
💲Precio: 138.000 $us  T/C 6.96 Bs.

➕CARACTERÍSTICAS 
- 1 Suite 
- 2 Dormitorios con roperos empotrados
- 1 baño compartido o visitas 
- Living 
- Comedor 
- Cocina americana con cajonería de primera con isla de mesón de granito
- Balcón 
- Área de lavado 
- Incluye Parqueo 🚘 

✨Áreas comunes en piso 19:
•Salón de eventos 
•Gimnasio 
•Parrillero
•Parque infantil
•Jaulas de secado

TODA LA DOCUMENTACIÓN ESTÁ AL DÍA LISTA PARA TRANSACCIÓN

Agenda tu visita ❗","https://drive.google.com/file/d/18lGE6dQxyRU8_hopdTChF-jYVhvjWyYO/view?usp=drive_link, https://drive.google.com/file/d/1dySnMiMHtx6mIf8KkoGyqvC0PVoFK1Af/view?usp=drive_link, https://drive.google.com/file/d/1ywmcNYgjyQZEbMOvTBX47KGP6697GmzC/view?usp=drive_link, https://drive.google.com/file/d/1xhm0KFFBUEqNNhCeMPULv1IgF6xYFt7j/view?usp=drive_link, https://drive.google.com/file/d/1W3e3tLkK8bddMcLyU-ycmHvBMOJYEycz/view?usp=drive_link, https://drive.google.com/file/d/1pD7vqSyUiMszWrUZ-uv-FGMz1wqXnREi/view?usp=drive_link, "
AL31,LISTA 3,Lunes,Gabriel Cañipa,Calle Reza entre Junín y Hamiraya ,Centro,Auditorio/ ballet de niñas ,"3,000 Bs."," SALON EN ALQUILER 

Auditorio o para ballet de niñ@s 
📍  Calle Reza
📐Superficie de 60 m² 
💰 3.000 Bs.

- Amplio con tarima 
- 2 baños 

Cualquier duda o consulta estoy a su servicio 🤝 
𝐂𝐨𝐧𝐭𝐚𝐜𝐭𝐨 al 📱

#AL31 #Cochabamba #alquiler #departamento#2dormitorios #Arocagua #aestrenar#90Noventa #bienesraices #inmobiliaria #Sacaba#departamentonuevo#nuevo#parqueo
",,,"SALÓN EN ALQUILER 

Auditorio o para ballet de niñ@s 

📍  Calle Reza a una cuadra de la Av. Ayacucho 
📐Superficie de 60 m2

- Amplio espacio con tarima en medio 
- 2 baños 
- Una recepción con sillones y un escritorio 

Pagos a realizar 
Mes adelantado: 3.000 Bs.
Garantía: 3.000 Bs.
Comisión: 1500 Bs.

Cualquier consulta estoy a su servicio 🤝 
","https://drive.google.com/file/d/1atG0Q1J44Pv3dU1YBPdfHWKiKjkqFiAY/view?usp=drive_link, https://drive.google.com/file/d/1y6iMU-YWB6ukKV9CANGek0DIS3sg20ae/view?usp=drive_link, https://drive.google.com/file/d/1ui_T5XWrAGsUflj5-HxlDDfp3hM-zlX6/view?usp=drive_link, https://drive.google.com/file/d/1JeHN-Wfzg06rTvddT9Y2-G2TNcKbbQQD/view?usp=drive_link, https://drive.google.com/file/d/1o2N7c-sTfww2oZsLuCSswo4JxOyfsLKG/view?usp=drive_link, "
AL32,LISTA 1,Martes,,C. Aguas Potables esq. C. Beni,Tiquipaya,Departamento,"2,900 Bs.","🚨Departamento de 3 dormitorios en Alquiler 🚨
Hermosa vista!

📍Zona Tiquipaya Centro
 
💰 Precio de alquiler: 2900 Bs. 
📐 Superficie: 94.92 m²
🛏️ 1 Dormitorio suite con cama de dos plazas
🛏️ 2 Dormitorios simples con armarios empotrados
🍲 Cocina americana
🛀🏻 2 baños
🧼 Servicios de agua incluido en el canon de alquiler 

🏢 Áreas comunes:

📲 Más información: 

#AL32 #Inversion #90 #Inmobiliaria #Viral #Asesores #Bienes #alquiler #Raices #Comercial #Tiquipaya #Quillacollo #Ambiente #Bolivia #Inmobiliarios #Departamento #Cochabamba #ViralBolivia #Noventa #Alquiler #Zonatiquipaya #estudiantes #univalle #peru #venezuela
",,,"🚨 Departamento de 3 dormitorios en Alquiler 🚨

📍 Zona Tiquipaya Centro

C. Beni
📏 94.92 m²
💵 2900 Bs.
🗺️ Viene con cortinas en sala y dormitorios

🛌🏻 3 dormitorios con roperos
🛀🏻 2 baños con box de vidrio 
🫕 Cocina americana con cajonería alta y baja y area para lavadora. 
🫕 comedor de diario con refrigerador y microondas. 
🛋️ Living y comedor amoblado mesas y sillas
🗺️ Balcón

🏢 Áreas comunes:
🧼 área de lavado arriba  
🥩 parrillero en terraza

Para tomar el departamento:
1 mes de alquiler
1 mes de garantía 
50% (del alquiler) comisión inmobiliaria.

Su consulta no molesta!","https://drive.google.com/file/d/1CeW3eUnjF3c0f_brb_8h9b87o3j1HlEH/view?usp=drive_link, https://drive.google.com/file/d/14JN6XGSDjfGxCqnkPo1xX8yx_F14Wg9x/view?usp=drive_link, https://drive.google.com/file/d/1caP0cktSBbHQx89akI60fu29KBPwel1k/view?usp=drive_link, https://drive.google.com/file/d/1JM56XnbgVCMqextQbUnXcO_NziB71EjE/view?usp=drive_link, https://drive.google.com/file/d/17G7RPWrcP9q1jYa8I3FYwWJkwZStQK3-/view?usp=drive_link, https://drive.google.com/file/d/1R90EkG5-PP5pEaVySItXqDotkesiGN1Q/view?usp=drive_link, https://drive.google.com/file/d/1W0rFWJ19UWx_JFf08iCYYVkQ8Pi2uuTB/view?usp=drive_link, "
AL33,LISTA 2,Miercoles,Gabriel Cañipa,C/ Chuquisaca entre Ballivian y España ,El Prado,Departamento,"3,000 Bs.","𝐌𝐨𝐧𝐨𝐚𝐦𝐛𝐢𝐞𝐧𝐭𝐞 𝐚𝐦𝐨𝐛𝐥𝐚𝐝𝐨  𝐞𝐧 𝐂𝐨𝐜𝐡𝐚𝐛𝐚𝐦𝐛𝐚
📐  36 m2  
🛏 Cama de dos plazas y media 
🍴Cocineta
🛋Living
🛁Baño 
🗃Cajonería alta y baja🍴Cocineta

💸 3.000 bs 
Más información: 📱

#AL33 #BienesRaices #DepartamentosNuevos #DepartamentosenPreventa #inversionesinmobiliarias #avsantacruz #preventa #cochabamba #departamentos #venta #1dormitorio #2dormitorios #preventa #condominio#Monoambiente",,,"𝐌𝐨𝐧𝐨𝐚𝐦𝐛𝐢𝐞𝐧𝐭𝐞 𝐚𝐦𝐨𝐛𝐥𝐚𝐝𝐨  𝐞𝐧 𝐂𝐨𝐜𝐡𝐚𝐛𝐚𝐦𝐛𝐚
 📐Superficie: 36 m2    
📍Zona el Prado 

📐  36 m2  
🛏 Cama de dos plazas y media 
🛋Living
🛁Baño 
🗃Cajonería alta y baja
🍦Frigobar
Mesa con sus dos sillas  
🍶Vajilla necesaria 
📺1 Tv 
Expensas 300 Bs
 
Áreas comunes 
☕️cowork
🏋🏻‍♀️gimnasio 
🥩 Parrillero 
Cerca del Prado
 
ALQUILER mes adelantado 3.000 Bs
GARANTÍA 3.000Bs
Comisión 1.500Bs","https://drive.google.com/file/d/1XngK6GAU6sgiawKWdpfjZPjXW_gqSKkN/view?usp=drive_link, https://drive.google.com/file/d/1rrFfH7OTmiDqDbK5mQV9hN0A9aZ-1Mdr/view?usp=drive_link, https://drive.google.com/file/d/1ZHFVT3Il2rqrA2AIpcYF_p3CHI-hMl4s/view?usp=drive_link, https://drive.google.com/file/d/1UpqcXGvPJK6zQHpSoWZAi0U85oodzsT7/view?usp=drive_link, https://drive.google.com/file/d/1w_vWyYlft6dQeZPI7VRH9UJnj8Uzbs0n/view?usp=drive_link, "
VN31,LISTA 3,Jueves,Cecilia Ardaya,INNOMINADA,Arocagua,Departamento,"72,000 $us.","Departamento de 3 dormitorios en venta 

Condominio moderno y seguro

📍  Av. Max Fernández - Arocagua
📐Superficie de 101 m² 
💰 72.000 $us. 

🚗 𝐏𝐚𝐫𝐪𝐮𝐞𝐨 𝐈𝐧𝐜𝐥𝐮𝐢𝐝𝐨

Mas Información 📱

#VN31 #Venta #Departamento #Cochabamba ","Departamento en venta en condominio

🚗 𝐏𝐚𝐫𝐪𝐮𝐞𝐨 𝐈𝐧𝐜𝐥𝐮𝐢𝐝𝐨

📍  Av. Max Fernández - Arocagua
📐Superficie de 101 m² 
💰 72.000 $us. 

Mayores informes 📱

Condominio moderno y seguro

#VN31",,"Departamento de 3 dormitorios en venta 
Condominio moderno y seguro

📍  Av. Max Fernández - Arocagua
📐Superficie de 101 m² 
💰 72.000 $us. 
🚗 𝐏𝐚𝐫𝐪𝐮𝐞𝐨 𝐈𝐧𝐜𝐥𝐮𝐢𝐝𝐨

🛏️2 Dormitorios roperos empotrados 
🛏️1 dormitorio en suite
🚽 Baño compartido 
🛋️  Living - comedor 
🍲 Cocina abierta
🌟 A estrenar 

✨Áreas comunes :
🫧Piscina
💪 Gym equipado
🥩 3 parrilleros
🌆 Salón de copropietarios
🛝 Parque infantil 

Agenda tu visita  ❗

            ","https://drive.google.com/file/d/1o1l1kB6ejv92uFwz3ZeZ0HT4jT2RAd_2/view?usp=drive_link, https://drive.google.com/file/d/1zN4voXhaSa08Ev9aS6Z1Jdn2N6QH6Pzx/view?usp=drivesdk, https://drive.google.com/file/d/14DRtWAg1AT8XNpc1Q7pKuEYjLXbA3rx2/view?usp=drivesdk, https://drive.google.com/file/d/18tyiaztNbV9ZMVZ3kF38xwruhc9BMpfG/view?usp=drivesdk, https://drive.google.com/file/d/195SFpsOQ1b7dG-rlp3eC1IqshuODT2a9/view?usp=drivesdk, https://drive.google.com/file/d/173iTwtvGV8gtfxtq5qBcNW-ZEq7nlTxL/view?usp=drivesdk, https://drive.google.com/file/d/1A9GIBrnOiYHMT6hPv8Vba8X48K82pTaL/view?usp=drivesdk, https://drive.google.com/file/d/1LuOUm9Xp1yGMlzCaYXtfuxYBAk-pseON/view?usp=drivesdk, "
PV17,LISTA 1,Viernes,Gabriel Cañipa,B.M. Pulacayo entre Héctor Cossio y Jorge Washington,Cala Cala,Edificio de Departamentos,"56,384 $us.","💎 EN PRE VENTA  DEPARTAMENTOS DE LUJO

EXCELENTE UBICACIÓN.

📍Parque Lincoln Zona Cala Cala🌳🌳🌳

💰PRECIOS DE PRE VENTA:
✔️DEPARTAMENTOS DE 1 DORMITORIOS:
   1,600 $/M2
✔️DEPARTAMENTOS DE 2 DORMITORIOS:
   1,500 $/M2
✔️DEPARTAMENTOS DE 3 DORMITORIOS:
    1,500 $/M2
✔️DEPARTAMENTOS DE 4 DORMITORIOS:
     1,500 $/M2
✔️DEPARTAMENTOS PENTHOUSE:
     1,650 $/M2
Tc/ 7.3

Información y visitas : 

🤩 Elegantes, modernos y amplios departamentos, con  hermosa vista y excelente iluminación.

#PV17 #Garzonier #Monoambiente #Bolivia #Venta #Departamento #Cochabamba ","💎 EN PRE VENTA  DEPARTAMENTOS DE LUJO

EXCELENTE UBICACIÓN.

📍Parque Lincoln Zona Cala Cala🌳🌳🌳

💰PRECIOS DE PRE VENTA:
✔️DEPARTAMENTOS DESDE 1 DORMITORIOS:
   1,600 $/M2

Información y visitas 📲: 

Tc/ 7.3

#PV17",,"💎 EN PRE VENTA  DEPARTAMENTOS DE LUJO

EXCELENTE UBICACIÓN.

📍Parque Lincoln Zona Cala Cala🌳🌳🌳

🤩 Elegantes, modernos y amplios departamentos, con  hermosa vista y excelente iluminación.

💰PRECIOS DE PRE VENTA:
✔️DEPARTAMENTOS DE 1 DORMITORIOS:
   1,600 $/M2
✔️DEPARTAMENTOS DE 2 DORMITORIOS:
   1,500 $/M2
✔️DEPARTAMENTOS DE 3 DORMITORIOS:
    1,500 $/M2
✔️DEPARTAMENTOS DE 4 DORMITORIOS:
     1,500 $/M2
✔️DEPARTAMENTOS PENTHOUSE:
     1,650 $/M2

Tc/ 7.3

CARACTERISTICAS:
Techo: Doble Altura
Superficies desde : 35.24 m²
✅ 1, 2 o 3 Suites con ropero empotrado y baño privado 
✅ 1 o 2 Dormitorios
 con roperos empotrados
✅ Baño compartido
✅ Living - Comedor 
✅ Balcón
✅ Baño de visitas
✅ Cocina con cajonería alta/baja, cocina encimera, horno, y extractor de grasas digital
✅Área de Lavandería abierta 

AREAS COMUNES:
🏊‍♀️Piscina y atemperada 
🔹Sauna vapor
🔹Baños con vestidor
❇️Salón de Copropietarios 
🔥Parrilleros 
 🌳Parque infantil 

Agende una visita será un gusto atenderlo 🤝","https://drive.google.com/file/d/1_kXmSyQzCjeHcJMly9MGxT-I96rNXgWl/view?usp=drive_link, , https://drive.google.com/file/d/1d8bqx5z-HskraeKBixqqNVew9tzUFxwc/view?usp=drive_link, https://drive.google.com/file/d/1PcuJWSabl5Wgi8WnXZpzx7Y3y6sjRSEw/view?usp=drive_link, https://drive.google.com/file/d/1WT3BCYGIZ_fGFncpwyv70WLqIqQtpBcH/view?usp=drive_link, https://drive.google.com/file/d/12PqwPNgCreL391xMMn-icgQ4f0RGh1zK/view?usp=drive_link, https://drive.google.com/file/d/1BFxmkjAGMpiMFwGzFsb5axME3RHEJiYa/view?usp=drive_link, https://drive.google.com/file/d/1G_0_wQO4KBjuZ0wOxwHs8K3SHHrz8cy-/view?usp=drive_link, https://drive.google.com/file/d/1v9Ls5z-Q0aRed5gmCUKYc-fYUOUNF9uQ/view?usp=drive_link, "
AL34,LISTA 2,Sabado,Claudia Campos,Calle Illapa entre C.Quilla y Waldo Ballivian,Cala Cala,Departamento,"2,600 Bs.","Departamento de 3 dormitorios en Alquiler.

📍Zona Cala Cala 
 
💰 2.600 Bs.
📐150m²
🛏️ 3 Dormitorios 
💼 1 Escritorio
🛋️ Living y comedor 
🍲Cocina cerrada
🛀🏻  1 Baño
🚙 Parqueo incluido 
🚫 No mascotas 

Más información: 

#AL34 #Inversion #90 #Inmobiliaria #Viral #Asesores #Bienes #alquiler #Raices #Comercial #Norte #Ambiente #Bolivia #Inmobiliarios #Departamento #Cochabamba #ViralBolivia #Noventa #Alquiler #Zona",,,"🚨𝐃𝐞𝐩𝐚𝐫𝐭𝐚𝐦𝐞𝐧𝐭𝐨 𝐞𝐧 𝐚𝐥𝐪𝐮𝐢𝐥𝐞𝐫 3 dormitorios 🚨

📍 Zona Cala Cala 
C. Illapa a pasos del parque Lincoln
📏 150 m²
💵 2.600Bs.
🗺️Viene con cortinas en sala y dormitorios

🛌🏻 3 dormitorios con roperos
💼 1 Escritorio
🛀🏻 1 baño compartido 
🫕 Cocina cerrada con cajonería alta y baja , extractor incluido. 
🛋️ Living y comedor  bastante amplio
Un pequeño patio para secar la ropa
🚙 Parqueo incluido 
🚫 No mascotas 
Para tomar el departamento:
1 mes de alquiler
1 mes de garantía 
50% (del alquiler) comisión inmobiliaria.

Su consulta no molesta!","https://drive.google.com/file/d/1fqVDPQorihWDjPntozmV4drKXmZZuVOy/view?usp=drive_link, https://drive.google.com/file/d/1VUT24EBmeBveGKjF03ZEAWtrk3bqGYlL/view?usp=drive_link, https://drive.google.com/file/d/1SnkCzTdTctoX_EgfN4yglLcYw0wpAZdq/view?usp=drive_link, https://drive.google.com/file/d/1awtzlPmqoZ36VgISjRdMRUgC7rwoRs7C/view?usp=drive_link, https://drive.google.com/file/d/18h6Hdf-WYH_fWw3xjAInnq7SRbxq0KrY/view?usp=drive_link, https://drive.google.com/file/d/1f5GaXhKa-1So6YPhHZ3o4gyqEHBxZ57U/view?usp=drive_link, https://drive.google.com/file/d/1H81RbJwR5F6q_qvzW6O4vK4KvfVv7Z3E/view?usp=drive_link, "
VN32,LISTA 3,Domingo,Cecilia Ardaya,Av Circunvalación ,Ciudad del Niño,Lote,"190,000 $us.","𝐋𝐨𝐭𝐞 𝐞𝐧 𝐯𝐞𝐧𝐭𝐚 

𝐢𝐝𝐞𝐚𝐥 𝐩𝐚𝐫𝐚 𝐜𝐨𝐧𝐬𝐭𝐫𝐮𝐜𝐜𝐢𝐨́𝐧

📍 Ciudad del Niño
📐 483.8mts2
💰190.000$us

🧱 Amurallado y en esquina

Si tiene alguna consulta o desea agendar una visita estoy a su servicio 🤝
📲 Contacto 

#VN32 #Cochabamba #terreno #loteenventa","𝐋𝐨𝐭𝐞 de terreno 𝐞𝐧 𝐯𝐞𝐧𝐭𝐚 

🧱 Amurallado y en esquina

📍 Ciudad del Niño
📐 483.8mts2
💰190.000$us

Si tiene alguna consulta o desea agendar una visita estoy a su servicio 🤝
📲 Contacto 

𝐢𝐝𝐞𝐚𝐥 𝐩𝐚𝐫𝐚 𝐜𝐨𝐧𝐬𝐭𝐫𝐮𝐜𝐜𝐢𝐨́𝐧

#VN32",,"𝐋𝐨𝐭𝐞 𝐞𝐧 𝐯𝐞𝐧𝐭𝐚 𝐢𝐝𝐞𝐚𝐥 𝐩𝐚𝐫𝐚 𝐜𝐨𝐧𝐬𝐭𝐫𝐮𝐜𝐜𝐢𝐨́𝐧

📍 Ciudad del Niño
📐 483.8mts2
💰190.000$us

🧱 Amurallado
⭐ En plena esquina, sobre avenida

No cuenta con servicios básicos pero en la zona hay todos los servicios el lote está sobre la avenida circunvalación 

𝐀𝐠𝐞𝐧𝐝𝐚 𝐭𝐮 𝐯𝐢𝐬𝐢𝐭𝐚❗
","https://drive.google.com/file/d/1ptoM-zAAE6hGWtjWOC0hTy3oi7QvVN5j/view?usp=drive_link, https://drive.google.com/file/d/1tsCyp4h78Pp8tPSlQlKL2DuLGwZh9co2/view?usp=drive_link, https://drive.google.com/file/d/1DeEmAqaKDvnKcoX-ykf7ukswPgvtHqq2/view?usp=drive_link, https://drive.google.com/file/d/1hlAM635fAGoBuerjnmCT_I8ETPNLMmrs/view?usp=drive_link, https://drive.google.com/file/d/1J3tE7o-qyh2EyeAIpOL3Gj8JUMLCXqyo/view?usp=drive_link, "
AL35,LISTA 1,Lunes,Gabriel Cañipa,Av. Beni entre Potosí y Pje. Portales,Queru Queru,Local Comercial,"6,500 Bs.","Local comercial en alquiler 🏪

Con excelente ubicación
📍Zona Recoleta
📐 83 m2 + 30 Faja Jardín
💰6500 bs.

Agenda tu visita 📲

Cuenta con:
🎛️ Cocineta
🚽 Baño 
🪑 Patio

#AL35 #Garzonier #Monoambiente #Inversion #90 #Inmobiliaria #Lote #Viral #Oficina #Asesores #Bienes #Compra #Raices #Comercial #Norte #Ambiente #Bolivia #Inmobiliarios #Terreno #Venta #Departamento #Cochabamba #ViralBolivia #Anticretico #Local #Noventa #Alquiler #Casa #Zona",,,"Local comercial en alquiler 🏪

Con excelente ubicación
📍Zona Recoleta
📐 83 m2 + 30 Faja Jardín
💰6500 bs.

Cuenta con:
🎛️ Cocineta
🚽 Baño 
🪑 Patio

Mes de Alquiler adelantado 6,500 Bs.
Garantía 6,500 Bs
Comisión Inmobiliaria 4,500 Bs.

🛑 Su consulta no molesta, agende su visita ya mismo! ","https://drive.google.com/file/d/16Nta_HP1HpoI6rycJ6wGro3vkMGKWQ9I/view?usp=drive_link, https://drive.google.com/file/d/1Z3ryeAZGM09TOJaqAhayWN501a9LHnWv/view?usp=drive_link, https://drive.google.com/file/d/1S9FI-B-CegFiZ6qOua-q3knAc8xAVjfp/view?usp=drive_link, https://drive.google.com/file/d/1r_guRNrxpq1-uT6MgRjOE2BgFC3WYjDn/view?usp=drive_link, "
AL36,LISTA 2,Martes,Claudia Campos,Av. América esquina Eduardo Caba,Cala Cala,Local comercial ,"3,000 Bs.","LOCAL COMERCIAL- ZONA DE ALTA CIRCULACIÓN

💼 Local comercial con excelente visibilidad 📐 60m2
🚿 Baño privado 
🚪 Entrada frontal para exhibición o atención al público. 

📲 Más información

💡 Ideal para el rubro en ventas 💵

📍 Av. América y René Moreno 

💵 Bs 3000 

#AL36 #Garzonier #Monoambiente #Inversion #90 #Inmobiliaria #Lote #Viral #Oficina #Asesores #Bienes #Compra #Raices #Comercial #Norte #Ambiente #Bolivia #Inmobiliarios #Terreno #Venta #Departamento #Cochabamba #ViralBolivia #Anticretico #Local #Noventa #Alquiler #Casa #Zona",,,"LOCAL COMERCIAL  ZONA DE ALTA CIRCULACIÓN 🪙

🔑 Emprende en un lugar estratégico 

💼 Local comercial con excelente visibilidad
🚿 Baño privado 
🚪 Entrada frontal para exhibición o atención al público. 

🚶‍♂️🚗 Ubicado en una zona estratégica con alto flujo peatonal y vehicular — ¡clientes desde el primer día! 🔥

💡 Ideal para el rubro en ventas 💵

📐 Características:

Superficie: 60 m²

🚻 Baño privado
⚡ Medidor de luz independiente
💧 Agua prorrateado

✅ Ideal para negocios ya establecidos:
🍽️ Restaurante
🥟 Salteñería
🍦 Heladería
🛍️ Tienda
🍾 Licorería


📍 Av. América a pasos de la torre Luxor y parque Lincoln 
Zona de alta circulación

Alquiler Bs. 3000
Mes adelantado
Garantía Bs. 3000
Comisión Bs. 1500

Agenda tu visita ❗","https://drive.google.com/file/d/1Yaqy0TN0ioXeeRXQjYGA3-ZLph549d7D/view?usp=drive_link, https://drive.google.com/file/d/1fpQXKXCkV1iYg6H5wGFBdeq-0zo4SdYS/view?usp=drive_link, https://drive.google.com/file/d/18aZQhwwAN1zWWp9yIHvBdeLEus6xEr-X/view?usp=drive_link, https://drive.google.com/file/d/1VoDmMf9U7SXP0G2DjTqfIsBRUXBR3Fik/view?usp=drive_link, "
AL37,LISTA 3,Miercoles,Diana Antunez,Av. Isiboro Sécure entre calle Golondrinas,Alalay Sud,Depósito,"2,000 Bs.","🏗️✨ TERRENO PARA DEPÓSITO EN ALQUILER! ✨🏗️

¿Buscás un lugar amplio, seguro y con buena ubicación para tu negocio o materiales? 🚛🌳
¡Esta es tu oportunidad! 🙌

📲 Más información o visitas:

📍 Ubicación: Zona Sud – Alalay, Cochabamba
📏 Superficie: 467 m²
➡️ Frente: 14 metros
🚰 Cuenta con agua y alcantarillado
💰 Precio tentativo: 2.000 Bs 😱
🧾 

✅ Ideal para depósito de madera, agregados, taller o acopio
✅ Zona tranquila y de fácil acceso

#AL37 #Cochabamba #ZonaSud #Alalay #Alquiler #Depósito #Terreno #DepósitoEnAlquiler #EspacioDisponible #NegocioPropio #Maderera #Construcción #Emprendedores #Oportunidad #Oferta #Inversión #CochabambaEmprende #TerrenoEnAlquiler #DepósitoCochabamba #AlquilerEconómico #Bolivia#NOVENTA",,,"🏗️🌟 TERRENO PARA DEPÓSITO EN ALQUILER 
¡GRAN OPORTUNIDAD EN LA ZONA SUD (ALALAY)! 🌟🏗️

¿Buscás un espacio amplio, seguro y bien ubicado para tu negocio o almacenamiento? 😎
🌳🚜 ¡Este depósito/terreno es perfecto para vos!

📍 Ubicación: Zona Sud – Alalay, Cochabamba
📏 Superficie total: 467 m²
➡️ Frente: 14 metros
🚰 Conexión de agua y alcantarillado

💰 Precio tentativo: 2.000 Bs 
1 mes de garantía: 2,000 Bs.
Comisión Inmobiliaria 1,000 Bs.

✨ Ideal para:
🔸 Depósito de madera o materiales de construcción
🔸 Taller, acopio o emprendimiento
🔸 Espacio para maquinaria, camiones o agregados

🚪 Ventajas del espacio:
✅ Terreno amplio y despejado
✅ Fácil acceso desde vías principales
✅ Zona tranquila y segura
✅ ¡Listo para usar de inmediato!


💬 AGENDA TU VISITA 😉","https://drive.google.com/file/d/1yoYk9EwIKoUxxLoYLSuK3mjRVQJU1VcQ/view?usp=drive_link, https://drive.google.com/file/d/18_xFORbaEK-1q79ETGZGOxyWOmNGzyWZ/view?usp=drive_link, https://drive.google.com/file/d/17u2XVpgPNaPve93J8xVycwU2o2Tksgev/view?usp=drive_link, "
AL38,LISTA 1,Jueves,Claudia Campos,Calle Beni a pasos de la Avenida Santa Cruz,Queru Queru,Departamento,"2,200 Bs.","🏢 Monoambiente amoblado y equipado en alquiler 
📍 Ubicación: Av. Santa Cruz
Disfruta de un espacio cómodo, moderno y con una vista única al Cristo de la Concordia  quienes  buscan tranquilidad y buena ubicación.
 
💰 Precio: Bs 2200
📐 18.5m2

Características:
🛏 Monoambiente con roperos empotrados
🛏️ Cama de dos plazas
🍳 Cocina equipada

📱 Contáctanos para más información o para agendar tu visita: 

#AL38 #inversion #monoambiente #edificio #departamento #zonanorte #Cochabamba #Bolivia #alquiler",,,"
✨Monoambiente amoblado y equipado en alquiler✨ 

Disfruta de un espacio cómodo, moderno y con una vista única al Cristo de la Concordia  quienes  buscan tranquilidad y buena ubicación.

📍 Ubicación: Av. Santa Cruz 
📌Queru Queru 
💰 Precio: Bs. 2200 
📐 18.5m2

📅 Visitas: Previa coordinación

Características:
🛏 Monoambiente con roperos empotrados
🚿 Baño privado
🍽 Cocina con cajonería alta y baja + cocina incorporada
🌇 Terraza para secado de ropa
🛏️ Cama de dos plazas
🍳 Cocina equipada
🛁 Ducha con agua caliente a calefón
📺 TV grande
🍽️ Comedor
Heladera pequeña
Microondas
Ventilador

🌆 A pasos de El Prado, restaurantes, parques y tiendas

📍 Zona segura y accesible

Alquiler adelantado Bs.2200
Garantía Bs.2200bs
Comisión inmobiliaria Bs. 1100

Agenda tu visita ❗","https://drive.google.com/file/d/16Fwj_ReOKBylDneJGez42qo0VohbGZ_u/view?usp=drive_link, https://drive.google.com/file/d/1bfhVUZENwLpvsJLxjnB7cJ_33EUEBXTP/view?usp=drive_link, https://drive.google.com/file/d/15Sqcy48Ql2HiTjpVwN3zchscMVFpx8np/view?usp=drive_link, https://drive.google.com/file/d/1mhKoZBJMxJmgId1qlQpZ8l81PW0meU5A/view?usp=drive_link, "
VN33,LISTA 2,Viernes,Diana Antunez,Av. Huanchaca entre Av. Isiboro Secure,Alalay Norte,Edificio multifamiliar ,"400,000 $us.","🏢✨ ¡Gran oportunidad de inversión! Edificio multifamiliar en venta ✨🏢

Ubicado en una zona estratégica, cerca de la FEXCO, avenidas principales, áreas verdes y con excelente acceso al transporte público 🚏🌳

Este edificio es ideal para vivir, alquilar o generar ingresos, combinando comodidad, ubicación y gran potencial de rentabilidad 💼💎

🏠 Distribución general:
🔹 2 departamentos amplios (1er y 2do piso)
🔹 2 tiendas comerciales en planta baja
🔹 1 depósito, 3 baños y lavandería
🔹 Terraza con lavandería adicional
🔹 Garaje para 4 vehículos o incluso un camión 🚗🚛

📐 Superficie de lote: 298 m²
🏗️ Superficie construida: 499 m²
💰 Precio: $us. 400.000 | 💱 Tipo de cambio: 7.50 Bs

Servicios básicos: 💧 Agua | ⚡ Luz | 🔥 Gas | 🚽 Alcantarillado

📞 Contáctanos hoy mismo:

#VN33 #Cochabamba #casas #venta #inversion #Bolivia #edificio #zonasud #fexco #familiar
#VentaDeEdificio #InversiónInmobiliaria #PropiedadEnVenta #OportunidadDeInversión #EdificioMultifamiliar #DepartamentosEnVenta #LocalesComerciales #CochabambaInmuebles #ZonaFEXCO #InmobiliariaNoventa #TuHogarIdeal #InversiónSegura #BienesRaíces #VentaDirecta #EdificioEnVenta #CochabambaBolivia #NoventaAsesoresInmobiliarios #ViveBien #ConstruyeTuFuturo #CompraInteligente",,,"🏢✨ ¡Gran oportunidad de inversión! Edificio multifamiliar en venta ✨🏢

📍 Zona estratégica, cercana a la FEXCO, avenidas principales, áreas verdes y con excelente acceso al transporte público.

💰 Precio: $us. 400.000
💱 Tipo de cambio: 7.50 Bs
📐 Superficie de lote: 298 m²
🏗️ Superficie construida: 499 m²

🏠 El edificio cuenta con:
🔸 2 Departamentos:

➡️ Departamento 1er Piso:
- Espacio de Ingreso 
- 1 Suite con baño
- 2 Dormitorios
- Living–Comedor
- Cocina independiente
- 1 Baño adicional 
- Balcón 

➡️ Departamento 2do Piso: 
- Espacio de Ingreso 
- 3 Dormitorios
- Living–Comedor
- Cocina independiente
- 1 Baño
- Balcón 

🏬 Planta baja:
🛍️ 2 Tiendas comerciales
📦 1 Depósito
🚻 3 Baños
🧺 1 Lavandería

🌇 Terraza:
🧺 Lavandería adicional

🚗 Garaje amplio para 4 vehículos o incluso para un camión 🚛

💧 Agua | ⚡ Luz | 🔥 Gas | 🚽 Alcantarillado

📞 Agenda tu visita con NOVENTA Asesores Inmobiliarios 🏡
📲 ¡Tu inversión segura te espera! 💼💎","https://drive.google.com/file/d/1iaH8ilQE-TTQylbERW9HvPCgzfGvFgst/view?usp=drive_link, https://drive.google.com/file/d/1RZclfjjhWVIyjYjbrJnhVVZ4rYHLhLGe/view?usp=drive_link, https://drive.google.com/file/d/1j91KzvIx511CRBKNFINzIBQGUGZzAjbS/view?usp=drive_link, https://drive.google.com/file/d/1T4_jwpnC1D0CCeSm62iQa-4Fw9tuTNFK/view?usp=drive_link, https://drive.google.com/file/d/1HLH_jvhwH8eoWUveP1p49Cz3jzHW6D5n/view?usp=drive_link, https://drive.google.com/file/d/1JSB4myTQZqnaJNhpZmDyKSCFeHtzYpfQ/view?usp=drive_link, https://drive.google.com/file/d/1A422X0rtLrvwN7sM2L_6KcaqNhgPQz6h/view?usp=drive_link, "
AL39,LISTA 3,Sabado,,"calle Junin y Cochabamba, Tiquipaya",Tiquipaya,Local comercial,"7,000 Bs."," LOCAL COMERCIAL EN ALQUILER

🏢✨ ¡Gran oportunidad de activar tu negocio! Local en alquiler ✨🏢

Ubicado en una zona estratégica, cerca de la plaza Principal de Tiquipaya, avenidas principales, áreas verdes y con excelente acceso al transporte público 🚏🌳

Local amplio y luminoso para generar ingresos, combinando comodidad, ubicación y gran potencial de rentabilidad 💼💎
 ¡Ideal para Oficinas, Bancos, Cooperativas y Farmacia! 

Más información 📱

📍Ubicación: Zona Tiquipaya céntrica
 Trastienda 
 3 baños  
 📐185.92 m²
 💰 Precio: Bs. 7.000 
Servicios básicos:  Agua |  Luz |  Gas domiciliario |  Alcantarillado

✨ 3 ingresos frontales hacia la calle
 ✨ Excelente visibilidad

#AL39 #Localcomercial #oficinas #banco #farmacia #Garzonier #Monoambiente #Inversion #90 #Inmobiliaria #Lote #Viral #Oficina #Asesores #Bienes #Compra #Raices #Comercial #tiquipaya #Norte #Ambiente #Bolivia #Inmobiliarios #Terreno #Venta #Departamento #Cochabamba #ViralBolivia #Anticretico #Local #Noventa #Alquiler #Casa #ZonaTiquipaya
",,," LOCAL COMERCIAL EN ALQUILER

📌 Zona Tiquipaya centro 
📍calle Junin y Cochabamba 

🏢✨ ¡Gran oportunidad de activar tu negocio! Local en alquiler ✨🏢

Ubicado en una zona estratégica, cerca de la plaza Principal de Tiquipaya, avenidas principales, áreas verdes y con excelente acceso al transporte público 🚏🌳

Local amplio y luminoso para generar ingresos, combinando comodidad, ubicación y gran potencial de rentabilidad 💼💎
 ¡Ideal para Oficinas, Bancos, Cooperativas y Farmacia! 

 LOCAL EN ALQUILER – PLANTA BAJA
 ¡Ideal para Oficinas, Bancos, Cooperativas y Farmacia! 

📐185.92 m²
 💰7.000 Bs
 Trastienda 
 3 baños 
 ✔️ servicios de luz y agua independientes
 ✔️ Sin expensas
 ✔️ Frente al ingreso del edificio


Agende su visita ❗
","https://drive.google.com/file/d/1vuIjhG50mypIkNymVnOrdtl41d3ilPGo/view?usp=drive_link, https://drive.google.com/file/d/1ucuEY8O4hoMWadyJhCAq_YwsWmhvSJja/view?usp=drive_link, https://drive.google.com/file/d/1HVSaj-49LYInHu8Qt_7Keqo3srstAWa8/view?usp=drive_link, https://drive.google.com/file/d/1RNO4XV8hstwjFemI2Io3qBNTFvt_8aix/view?usp=drive_link, https://drive.google.com/file/d/1QQha7trcTPRWDD4ClIAFrT-kKx2Pn1fg/view?usp=drive_link, "
VN34,LISTA 1,Domingo,Jazmín Heresi,Huallparrimachi y Túpac Amaru ,Cala Cala,Departamento,"62,000 $us.","DEPARTAMENTO EN VENTA A PRONTA ENTREGA!!! 

📈 Una inversión inteligente en una zona premium y de alta plusvalía.
 
📍 Avenida América y Tarija
CALA CALA 
💸  62,000 $us

TIPO DE CAMBIO 7 bs.🚨

Más información 📱

Ideal para Airbnb o invertir

#VN34 #Departamento #inversion  #venta #nuevo #garzonier ",,,"EN VENTA DEPARTAMENTO A PRONTA ENTREGA!!

Una inversión inteligente en una zona premium y de alta plusvalía.

📍 Avenida América y Tarija
CALA CALA 

💰 60.000$  
📐 34.87 m2
🕰️ Julio 2026

🛏️1 habitación 
🚪roperos empotrados
🎛️ Cocina abierta (cajoneria arriba y abajo, mesones de mármol, incluye grifería)
🚽 Baño con box 
🛋️Sala 
🪑Comedor
🧼 Área de lavado 

✨Áreas comunes 

☑️Piscina atemperada
☑️Sauna
☑️Parrillero
☑️Salón de Copropietarios
☑️Gimnasio
☑️Terraza jardín
☑️Jaulas de secado y lavandería

🚶‍♀️‍➡️📖🚶Próximo a Universidades, súper mercados, colegios, cerca al centro de la ciudad
 
Agenda tu visita ❗❕","https://drive.google.com/file/d/1v-S0-w6b4AXIR8xfI19n6ofUd7MOwlIS/view?usp=drive_link, https://drive.google.com/file/d/1_esndHBvsz6hcLDvpRE8SGq-u4PhZJ--/view?usp=drive_link, https://drive.google.com/file/d/1wKNCdCQ0950N8POlqlTmugTkm03zg9je/view?usp=drive_link, https://drive.google.com/file/d/1kznR2fw8LrmJV_jabxVx4aYncptPjRR4/view?usp=drive_link, https://drive.google.com/file/d/1izASONRcTp8jJV3S0xIOIVV3DSpxkFGU/view?usp=drive_link, https://drive.google.com/file/d/15XHJgHVsbAqpmd5wuxOMG55JXpNQ44u1/view?usp=drive_link, "
VN35,LISTA 2,Lunes,Jazmín Heresi,Calle Huallparrimachi y Pasos kanqui ,Cala Cala,Departamento,"800,000 Bs.","DEPARTAMENTO EN VENTA A PRONTA ENTREGA!!! 

 📍 Inmediaciones avenida America 
CALA CALA 

 💸 800,000 Bs
📐 67.65 m2
🕰️ Entrega inmediata 

🚶‍♀️‍➡️📖🚶Próximo a Universidades, súper mercados, colegios, cerca al centro de la ciudad

Más información 📱

#VN35 #Departamento #calacala #venta","
🏡 Departamento en venta – Pronta entrega
🔥 ¡Invierte en una de las zonas con mayor demanda de Cochabamba!

📍 Cala Cala – Inmediaciones Av. América 📐 67.65 m² 💰 Bs 800.000 💸
📅 Entrega: Inmediata 
✅ Cerca de universidades, ideal para inversión Airbnb o alquiler mensual 

📲 Solicita más información y conoce esta excelente oportunidad.

#inversion VN35 #Noventa #airbnb #2Dormitorios #nuevo","🏡 Departamento en venta – Cala Cala 
🔥 ¡zona con mayor demanda de Cochabamba!

📍 Cala Cala – Inmediaciones Av. América y Tarija 
📐 67.65 m² 
💰 Bs. 800.000 
📅 Entrega: Inmediata 

✅ Cerca de universidades, ideal para inversión Airbnb o alquiler mensual 

📲 Solicita más información 

#inversion VN35 #Noventa #airbnb #2Dormitorios #nuevo"," DEPARTAMENTO EN VENTA 2 DORMITORIOS CALA CALA 
 
📍 Inmediaciones avenida America y Tarija
Cala cala 

💰Bs. 800.000  
📐 67.65 m2
🕰️ Entrega inmediata  

🛏️2 habitaciónes (1suite)
🚪roperos empotrados
🎛️ Cocina abierta (cajoneria arriba y abajo, mesones de mármol, incluye grifería)
🛋️Sala 
🪑Comedor
🚽Baño compartido 
🧼 Área de lavado (calefón)

✨Áreas comunes 

☑️Piscina atemperada
☑️Sauna
☑️Parrillero
☑️Salón de Copropietarios
☑️Gimnasio
☑️Terraza jardín
☑️Jaulas de secado y lavandería
✅ Documentación al día 

🚶‍♀️‍➡️📖🚶Próximo a Universidades, súper mercados, colegios, cerca al centro de la ciudad
 
Agenda tu visita ❗❕","https://drive.google.com/file/d/1_3emq9dNtd7RW9WTmhwR0PSvniBsi9ym/view?usp=drive_link, https://drive.google.com/file/d/1eXr8BkWeGf-tzOiFTGgI97DKwgGNvfTS/view?usp=drive_link, https://drive.google.com/file/d/1_MWEVDp0Y-bOu_WCAEK1V8z05AraWrzf/view?usp=drive_link, https://drive.google.com/file/d/1OcDTuo_DhxhVwW5muQvdsR8eFMlSlJOT/view?usp=drive_link, https://drive.google.com/file/d/1ZgtgR_wjK1m_xbphW4FbbIE4SbXucOzp/view?usp=drive_link, "
VN36,LISTA 3,Martes,Diana Antunez,Av. Humberto Guzmán Arce entre calle Felix Reyes Ortiz,Temporal Pampa,Casa,"155,000 $us.","🏡✨ Casa en venta – Temporal Pampa ✨🏡

🚗 Transporte público en la puerta 

📲 Contáctanos al:

📐 270 m² de terreno | 149 m² construidos
💰 $us. 155.000 (charlable)
💱 Tipo de cambio: 8 Bs.

💼 ¡Tu inversión segura te espera! 💎

#VN36 #CasaEnVenta #TemporalPampa #CasaFamiliar #CochabambaInmuebles","🏡✨ Casa en venta – ✨🏡

💼 ¡Tu inversión segura te espera! 💎

Temporal Pampa 
📐 270 m² de terreno | 149 m² construidos
💰 $us. 155.000 (ofertable)
💱 Tipo de cambio: 8 bs.

📲 Contáctanos al:

🚗 Transporte público en la puerta 

#VN36",,"🏡✨ Casa amplia y funcional en venta – Temporal Pampa ✨🏡

Esta propiedad combina espacios cómodos, buena ubicación y excelente potencial de inversión, ideal para vivienda familiar o proyecto inmobiliario.

📐 Superficie de lote: 270 m²
🏗️ Superficie construida: 149 m²
📏 Frente: 9 m | Fondo: 30 m

🏠 Distribución:
🔹 Planta alta: 4 dormitorios, 1 baño y balcones con vista panorámica.
🔹 Planta baja: cocina independiente, living, comedor, estar–recibidor, baño y depósito interno.
🔹 Área externa: patio amplio en el ingreso, patio posterior espacioso, lavandería y depósito adicional en la entrada.

💰 Precio: $us. 155.000
💱 Tipo de cambio: 8 bs.

📍 Ubicación:
Situada en Temporal Pampa, con acceso directo a calle principal, cercana a servicios de transporte público 🚏 y en una zona tranquila y con proyección de crecimiento 🌳🏘️

---

🔧 Servicios básicos:
💧 Agua potable
⚡ Energía eléctrica
🔥 Gas domiciliario
🌐 Internet
🚽 Alcantarillado

---

📲 Agenda tu visita con NOVENTA Asesores Inmobiliarios 🏡
💼 Tu inversión segura y tu próximo hogar te esperan. 💎","https://drive.google.com/file/d/1AZ5Lg9pA40WQWHrRuuO6M1DABwtR8x8o/view?usp=drive_link, https://drive.google.com/file/d/1WdnPdBN1WjGr84pcsOBsOTMTV7LZzovD/view?usp=drive_link, https://drive.google.com/file/d/1Kt0UOdZogmUi_kALkWXCMkJHXA5Pxea0/view?usp=drive_link, https://drive.google.com/file/d/1VW2b5VH7memBM2ZSK164KPmi8DdL-FZ7/view?usp=drive_link, "
VN37,LISTA 1,Miercoles,Jazmín Heresi,Circunvalación y Chillimarca ,Tiquipaya,Lote,"750,000 $us.","𝐋𝐨𝐭𝐞 𝐝𝐞 𝐭𝐞𝐫𝐫𝐞𝐧𝐨 𝐞𝐧 𝐯𝐞𝐧𝐭𝐚

✨La mejor inversión 

📍 Av. Chillimarca (Tiquipaya)
💵 Precio 750.000$us
📐2990m²

💸 Tipo de cambio 6.97bs

Más información 📱

#VN37 #Cochabamba #terreno #Cochabamba #terreno ",,,"LOTE DE TERRENO EN VENTA🌳🌴

📍 Av. Chillimarca (tiquipaya)

  (Zona de proyección y desarrollo) 
🛣 terreno en esquina 
🏌️ Próximo a la avenida Ecológica 

📐Superficie 2990m² 
💵Precio 750.000$us
💰 Tipo de cambio 6.97bs
🌿🌱 Áreas verdes
🧱 Semi amurallado 
🛣️ Avenidas principales 
✅ Papeles al día
✅ Servicios básicos
📝 Financiamiento bancario 

Agenda tu visita ❗ ❗ 
","https://drive.google.com/file/d/1VgW2hqoO16_RuBpC85ATBr688WErB-a4/view?usp=drive_link, , "
AL40,LISTA 2,Jueves,Gonzalo Fuentes,Av circunvalación ,Puntiti,Departamento,"1,800 Bs.","🏢 DEPARTAMENTO 3 DORMITORIOS EN ALQUILER

📍Ubicacion; Av circunvalación, ZONA PUNTITI, SACABA 
💰Precio: 1800 Bs.
📐Sup. 120 m²

El inmueble cuenta con:
🛏️3 Dormitorios 
🚽2 Baños 
🎛️Cocina Cerrada 
🛋️Living
🍴Comedor
🧽Lavandería 

🐶Se permite máscota (pequeña)

📱Más información al inbox o al WhatsApp:

#AL40 #CochabambaBolivia #departamento #Noventa #InversionInmobiliaria #excelentezona #bienesraices #alquiler #alquiler3D #departementoenalquiler #sacaba #zonapuntiti
",,,"🏢DEPARTAMENTO 3D DORMITORIOS EN ALQUILER

📍Ubicacion; Av circunvalación ZONA PUNTITI, SACABA 
💰Precio: 1800 Bs.
📐Sup. 120 m²

El inmueble cuenta con:
🛏️3 Dormitorios 
🚽2 Baños 
🎛️Cocina Cerrada 
🛋️Living
🍴Comedor
🧽Lavandería

🐶Se permite mascotas (pequeña)

Precio: 1800 Bs.
Garantia: 1800 Bs
Comision: 900 Bs.

Agenda tu visita ❗ 

","https://drive.google.com/file/d/12xywhwBVesc-TbURkGW8Fy8vIgndhrjY/view?usp=drive_link, https://drive.google.com/file/d/1nJm3xldz2QaHf1KiEJBYzzabFkGah-bE/view?usp=drive_link, https://drive.google.com/file/d/1vROYOy0rdH9HtSwEDmA7U0sZ-_wdYeRk/view?usp=drive_link, https://drive.google.com/file/d/1ldkMVhx7hCdxIfOoL2EZumEdfk0lUAN2/view?usp=drive_link, https://drive.google.com/file/d/1Mc_o7g5zY2nAQIC-WsYpifHkX6pHFc7e/view?usp=drive_link, https://drive.google.com/file/d/1oo4qfYxvlMTrhaO2doVJx9riFHe27M_M/view?usp=drive_link, https://drive.google.com/file/d/1PdUQa90zYgZjccLfwP9D5fhIEZFY9FWj/view?usp=drive_link, "
AL41,LISTA 3,Viernes,Claudia Campos,Agustín Virreira y Avenida America,Cala Cala,Local Comercial,"2,300 Bs.","AMBIENTE COMERCIAL EN ALQUILER – ZONA NORTE (AVENIDA AMÉRICA) 
  
 🚗 Ubicación estratégica: Av. América en el corazón de la zona norte, uno de los puntos más exclusivos y de mayor movimiento comercial de Cochabamba.
♦️Precio: 2.300 Bs.   

   Informes y visitas: 📲

📐 Superficie: 55  m²
📐 Frente: 2 metros
       Baño privado 

El Alquiler incluye 
📍 agua
📍 Wifi 

#AL41 #Garzonier #Monoambiente #Inversion #90 #Inmobiliaria #Lote #Viral #Oficina #Asesores #Bienes #Compra #Raices #Comercial #Norte #Ambiente #Bolivia #Inmobiliarios #Terreno #Venta #Departamento #Cochabamba #ViralBolivia #Anticretico #Local #Noventa #Alquiler #Casa #Zona",,,"AMBIENTE COMERCIAL EN ALQUILER – ZONA NORTE (AVENIDA AMÉRICA) 
  
 🚗 Ubicación estratégica: Av. América en el corazón de la zona norte, uno de los puntos más exclusivos y de mayor movimiento comercial de Cochabamba.

 ♦️Precio: 2.300 Bs.  
 ♦️Mes de garantía: 2.300 Bs.
 ♦️Comisión Inmobiliaria : 2000 Bs.
 📐 Superficie: 55  m²
 📐 Frente: 2 metros
       Baño privado 

Servicio de Luz 60 bs 
El Alquiler incluye 
📍 agua
📍 Wifi 

LOCAL IDEAL PARA : 
🟡Tiendas de ropa, calzado o accesorios
🟡Oficinas de atención al cliente o servicios profesionales (estudios contables, agencias de viaje, asesorías, etc.)
🟡Centros de estética, barberías o peluquerías.
🟡 Venta de tecnología o productos especializados

Condiciones de Alquiler
Mes de Garantía
Mes de Adelanto
Comisión inmobiliaria

💰 ¡Excelente oportunidad de inversión en una zona de alta plusvalía y tráfico constante de clientes!","https://drive.google.com/file/d/1s_qENDePmrIaaYpbH35W5cJ2F5OpDqma/view?usp=drive_link, https://drive.google.com/file/d/1Wp-zLxc7gt7CwgtvfCIW_98RaFylQDP1/view?usp=drive_link, https://drive.google.com/file/d/1sxwNbpVEkYBTqx2RcY6KqUaihrlcY8R7/view?usp=drive_link, "
VN38,LISTA 1,Sabado,Jazmín Heresi,América y Tarija ,Cala Cala,Local Comercial,"48,000 $us.","⚜️ LOCAL COMERCIAL EN VENTA ⚜️

📌Ubicación :América  
Zona Cala Cala 

📐 19.5m2 
💰 48.000$us 
💸 Tipo de cambio 7bs

 Más información 📱

#VN38 #local #comercial #cochabamba #calacala",,,"⚜️ LOCAL COMERCIAL EN VENTA– ZONA CALA CALA ⚜️

Invierte en una ubicación estratégica y asegura tu espacio en una de las zonas con mayor movimiento y crecimiento de Cochabamba.

📍 Av. América & Tarija – Zona Cala Cala
📐 Superficie: 19,5 m²
💰 Precio: $us 48.000
💱 Tipo de cambio: 7 Bs
👨🏻‍🚒 Seguridad 24/7

🔹 Ambiente cómodo con baño privado
🔹 Ideal para tienda de ropa, regalos, oficina boutique o emprendimiento
🔹 Excelente conectividad y alto flujo peatonal y vehicular

Una oportunidad perfecta para invertir o posicionar tu marca en un punto clave de la ciudad.


 Agenda tu visita hoy mismo y asegura tu inversión.","https://drive.google.com/file/d/1Xi6CRQc_h7WwgDYFe4ju7ejCFm7o7GLh/view?usp=drive_link, https://drive.google.com/file/d/1cdA1S39vh0gjLRytSIr_iqOXBDDsR6j-/view?usp=drive_link, https://drive.google.com/file/d/1zwYkpOQzaP1WcXeSnfRa--_f3salAdc6/view?usp=drive_link, https://drive.google.com/file/d/1m7Jwyck66OILmBA2A1gxXGFyAUwj4NPs/view?usp=drive_link, "
AN9,LISTA 2,Domingo,Gabriel Cañipa,Edificio Trojes Av. Ecologica y Chilimarca,Tiquipaya,Departamento,"20,000 $us.","𝐄𝐍 𝐀𝐍𝐓𝐈𝐂𝐑𝐄𝐓𝐈𝐂𝐎 𝐃𝐄𝐏𝐀𝐑𝐓𝐀𝐌𝐄𝐍𝐓𝐎 𝐃𝐄 𝟐 𝐃𝐎𝐑𝐌𝐈𝐓𝐎𝐑𝐈𝐎𝐒

📍 Av. Ecológica y Chilimarca  
📐87 m2
💰 20.000 $us

Más información: 📱

🛏️ 2 Dormitorios  
🛋️ Living Comedor  
🍴 Cocina 
🧼Área de lavado 
🚙 Parqueo 

✨ Áreas comunes 

#AN9 #departamentode2dormitorios #Garzonier #Monoambiente #Inversion #90 #Inmobiliaria #Lote #Viral #Oficina #Asesores #Bienes #Compra #Raices #Comercial #Norte #Ambiente #Bolivia #Inmobiliarios #Terreno #Venta #Departamento #Cochabamba #ViralBolivia #Anticretico #Local #Noventa #Alquiler #Casa #Zona",,,"𝐄𝐍 𝐀𝐍𝐓𝐈𝐂𝐑𝐄𝐓𝐈𝐂𝐎 𝐃𝐄𝐏𝐀𝐑𝐓𝐀𝐌𝐄𝐍𝐓𝐎 𝐃𝐄 𝟐 𝐃𝐎𝐑𝐌𝐈𝐓𝐎𝐑𝐈𝐎𝐒
📍 Av. Ecológica y Chilimarca  
📐87 m2
💰20.000 $us

🛏️ 1 Dormitorio suite  
🛏️ 1 dormitorio simple
🚿1 Baño compartido 
🛋️ Living Comedor  
🍴 Cocina abierta
🧼Área de lavado 
🚙 Parqueo

✨ Áreas comunes 
⬆️ Ascensor 
🥩 Parrillero
✨Salon de copropietarios 

✨Expensas
 300 Bs. incluye agua

Comisión: 3% 

Si tiene alguna consulta o desea agendar una visita estoy a su servicio","https://drive.google.com/file/d/1MivXLFD_wNxfOraeO55OBSGhpPdJ6pvH/view?usp=drive_link, https://drive.google.com/file/d/17hWeFBA4-PXMBWDygbKsn_42t5_wpP7H/view?usp=drive_link, https://drive.google.com/file/d/12iirf-hJ9kQHO_RWVTOeGHXFVSuuGPAG/view?usp=drive_link, https://drive.google.com/file/d/1ph87EdpDt0ZoKo9yhmPtioDbMCHfeH_6/view?usp=drive_link, https://drive.google.com/file/d/12Bi95T2nFvtmpTokQJAgAtQIScktDxHa/view?usp=drive_link, https://drive.google.com/file/d/14r4vW0xPJTKBAbVZUU8Y1F61oway78Cc/view?usp=drive_link, "
AL42,LISTA 3,Lunes,Diana Antunez,Av. Ayacucho entre Colombia ,Centro,Departamento,"3,000 Bs.","🏢✨ Departamento amplio en alquiler – Zona Céntrica ✨🏢

📍 A pasos del Correo, en zona céntrica con acceso a comercios, transporte y trufis 🚏🚌

📐 Superficie: 190 m²
💰 Precio: Bs. 3.000 (incluye expensas)

🏠 Ambientes:
🛏️ 1 suite con baño privado y ropero
🛏️ 2 dormitorios adicionales
🛋️ Living – comedor amplio
🍳 Cocina amplia con cajonería alta 
🚽 1 baño de visitas 
🧺 Cuarto de lavado
🌇 Balcones con vista exterior

💧 Agua y alcantarillado
⚡ Medidor propio de luz | 🔥 Gas domiciliario | 🔥 Calefón

📲 Informes y visitas:

💼 Comodidad, accesibilidad y todo a tu alcance. 💎

#AL42 #DepartamentoEnAlquiler #ZonaCéntrica #InversiónInmobiliaria #TuHogarIdeal #CochabambaInmuebles #DepartamentoAmplio #AlquilerCochabamba #NoventaAsesoresInmobiliarios #OportunidadDeAlquiler #ViviendaCéntrica #AccesibilidadTotal #TrufisYCercanías #ComodidadYEstilo #ExpensasIncluidas #DepartamentoConBalcones #EspaciosAmplios #CochabambaBolivia #VivirEnElCentro #HogarFuncional #Correo #DepartamentoParaFamilia",,,"🏢✨ Departamento amplio en alquiler – Zona Céntrica ✨🏢

📍 Ubicado a pasos del Correo, en una zona céntrica con acceso a comercios, transporte y trufis 🚏🚌, ideal para quienes buscan comodidad, amplitud y excelente ubicación. Zona segura y muy bien conectada con todo lo necesario a tu alcance. 🌳🏙️

📐 Superficie: 190 m²
💰 Precio: Bs. 3.000 (incluye expensas)

🏠 Ambientes:
🛏️ 1 suite con baño privado y ropero
🛏️ 2 dormitorios adicionales
🛋️ Living – comedor amplio, luminoso y cómodo
🍳 Cocina independiente, muy amplia, con cajonería alta 
🚽 1 baño de visitas 
🧺 Cuarto de lavado
🌇 Balcones con vista exterior
📦 Depósito interno

💧 Servicios básicos:
Agua potable | Alcantarillado
⚡ Medidor propio de luz | 🔥 Gas domiciliario | 🔥 Calefón

✨ Ventajas del departamento:

- Excelente ubicación céntrica, con fácil acceso a transporte y trufis 🚏🚌

- Ideal para familias o para quienes trabajan en la zona.

- Expensas incluidas, todo listo para mudarse.

- Amplios espacios y buena iluminación natural 🌞


Agenda tu visita 🏡
💼 Comodidad, accesibilidad y todos los servicios a tu alcance. 
Tu nuevo hogar te espera💎","https://drive.google.com/file/d/1inQadSf2EwaQ9y804fn9v1UKeOo6jPI-/view?usp=drive_link, https://drive.google.com/file/d/10lBdkfhS0mpZNri36kN1HuquP9P2mhw_/view?usp=drive_link, https://drive.google.com/file/d/1vs184XE0izx1qz8Iq4ocSixwzpz9ho90/view?usp=drive_link, https://drive.google.com/file/d/1QVtG3_urFCKQlEqW-vzOU8GYyo0-Eble/view?usp=drive_link, https://drive.google.com/file/d/1uihv6R1BTlKoA7FuuxEAC_3e1u1gnPUB/view?usp=drive_link, https://drive.google.com/file/d/1HyuUp1D-9rR4XwLYBRErB4hEaNvlGoxb/view?usp=drive_link, https://drive.google.com/file/d/1XAbvN2jaSPkuenXatsJ74P7WImFlbUa9/view?usp=drive_link, "
AL43,LISTA 1,Martes,Jazmín Heresi,Juan de la rosa y Medinaceli ,Sarco,Departamento,"2,200 Bs.","🚨Departamento de 2 dormitorios en Alquiler 🚨

📍 Juan de la rosa (hipermaxi)
Zona Sarcobamba
 
💰 Precio de alquiler: 2200 Bs. 
📐 Superficie: 100 m²
🛏️ 2 Dormitorios
🍲 Cocina cerrada 
🛀🏻 1 baño

📲 Más información: 

#AL43 #Inversion #90 #Inmobiliaria #Viral #Asesores #Bienes #alquiler #Raices #Comercial #sarco  #Ambiente #Bolivia #Inmobiliarios #Departamento #Cochabamba #ViralBolivia #Noventa #Alquiler #estudiantes 
",,,"🚨 Departamento de 2 dormitorios en Alquiler edificio Familiar 🚨

📍 Av. Juan de la rosa (hipermaxi)
Zona Sarcobamba 

📐 100 m²
💵 2200 Bs.

🛌🏻 2 dormitorios con roperos empotrados 
🛀🏻 1 baño con tina
🫕 Cocina cerrada con cajonería alta y baja, nevera, cocina de 4 hornillas y garrafa
🛋️ Amplio living y comedor
🧼 área de lavado 
🐶 Se aceptan mascotas 

Para tomar el departamento:
1 mes de alquiler
1 mes de garantía 
50% (del alquiler) comisión inmobiliaria.

Su consulta no molesta!","https://drive.google.com/file/d/1tiL2CSAqAURFW-vtpEaIH-VFnxdBxzOP/view?usp=drive_link, https://drive.google.com/file/d/1od2Gr2xVfuzHg1MGnExB1aDiUaaDGyzB/view?usp=drive_link, https://drive.google.com/file/d/1dm0tLerQV-_jFQPW67fZoU5Zmc3efXNF/view?usp=drive_link, https://drive.google.com/file/d/1rbNDxKMdk7wfH35UxZjKYNwBy3qWktsX/view?usp=drive_link, https://drive.google.com/file/d/1J8KIasDPuPaI2CYXi6FgGUn5Lap9TpA5/view?usp=drive_link, https://drive.google.com/file/d/1wFzbXh38r5f5HGNWAwlHiQkqIG7Xn6yt/view?usp=drive_link, https://drive.google.com/file/d/15cMFOEUG_LntDlmiXZfmCvQZ3RqNNDHV/view?usp=drive_link, "
VN39,LISTA 2,Miercoles,Eduardo Wayar,Av. Beijing y América,Sarco,Departamento,"150,000 $us.","DEPARTAMENTO 3 SUITES EN VENTA

🚗Parqueo disponible: $us 12.000

📍Zona: SARCO
📐Superficie: 178 m²
💲Precio: $us 150.000
💱Tipo de Cambio: osficial BCB
================================
Información:  

================================
🚽Baño de visitas.


#VN39 #Departamento #EnVenta #Cochabamba ","DEPARTAMENTO EN VENTA

💱Tipo de Cambio: Bs. 7,50

📍Zona: SARCO
📐 Superficie: 178 m²
🛏️ 3 SUITES
💲 Precio: $us 150.000

================================
Información:  

================================
🚗Parqueo disponible: $us 12.000

#VN39",,"DEPARTAMENTO 3 SUITES EN VENTA
📍Zona: SARCO - inmediaciones Av. Beijing y Av. América
📐Superficie: 178 m²
💲Precio: $us 150.000
💱Tipo de Cambio: oficial BCB

🛏️3 suites con roperos empotrados.
🍴Cocina con cajonería alta y baja.
🚽Baño de visitas.
🧼Área de lavado
🚗Parqueo disponible: $us 12.000

ÁREAS COMUNES
🔸Salón de Copropietarios
🔸2 Ascensores
🔸Locales comerciales.

AGENDA TU VISITA!!","https://drive.google.com/file/d/1sCMIYQNKZGQttFPVY4WBWVM2zCZSUcJ3/view?usp=drive_link, https://drive.google.com/file/d/117HE2AIFKhZmyZXSmT0pqTscDvzJDqLj/view?usp=drive_link, https://drive.google.com/file/d/1dB7wObzVlHIaMWkGBkQmgYyHU-Tmkl7N/view?usp=drive_link, https://drive.google.com/file/d/1E4ZPhKPKuUU1wuMsNEE79BTvfqImerGF/view?usp=drive_link, https://drive.google.com/file/d/1EmNFIk6Iy208JdtDDzL1EZciwtgjnNEX/view?usp=drive_link, https://drive.google.com/file/d/1uPjbkrT9roHASMHxGQNRwXxpaKlSJMl3/view?usp=drive_link, https://drive.google.com/file/d/1YmpRx86OP2dl68lPcIcOB5kJtt47Lpkx/view?usp=drive_link, https://drive.google.com/file/d/1erAOR63QpRaHxQW_4ejXUQayVsj5VsVc/view?usp=drive_link, "
VN40,LISTA 3,Jueves,Eduardo Wayar,Sipe Sipe,Sipe Sipe,Casa / Hotel,"310,000 $us.","CASA / HOTEL EN VENTA - SIPE SIPE
📍SIPE SIPE
📐Superficie Terreno: 3.094 m²
📐Superficie Construida: 1.117 m²
💲Precio: $us 310.000
💱Tipo de Cambio: Bs. 7,00
===============================
Información:  

===============================
🛏️14 habitaciones con baño privado.
🍴Área social con dos baños.
🌱Amplio jardín.
🚗A 10 minutos de la Plaza de Sipe Sipe.

#VN40 #Hotel #EnVenta #SipeSipe #Cochabamba #Bolivia #inversion #venta #Turismo ",,,"CASA / HOTEL EN VENTA - SIPE SIPE

📍SIPE SIPE - A 10 minutos de la plaza principal
📐Superficie Terreno: 3.094 m²
📐Superficie Construida: 1.117 m²
💲Precio: $us 310.000
💱Tipo de Cambio: Bs. 7,00

CASA
🛏️4 habitaciones con baño privado.
🛋️Sala
🍴Cocineta

HOTEL
🛏️10 habitaciones con baño privado.
🍴Área social.
🚽2 baños
🥩Parrillero y horno de barro
🌱Amplio jardín.

AGENDA TU VISITA!!","https://drive.google.com/file/d/1o3lYUUM6KCwYVH_YrGLS8m1fOTgGzMu5/view?usp=drive_link, https://drive.google.com/file/d/1xJmOzJNg7NrEt9YXeb8ia8rXcZ23horG/view?usp=drive_link, https://drive.google.com/file/d/1psKnB5UWP5JfvEKps9O8yB5GWQbq7ulC/view?usp=drive_link, https://drive.google.com/file/d/1qInduTNNbQ9FLr6JCi1ExsNigMXZy03N/view?usp=drive_link, https://drive.google.com/file/d/17nJiSZVCBuT6ObT7cUam7zA3RmkAbKmB/view?usp=drive_link, https://drive.google.com/file/d/1CbFnwpcoUlJP9s4ORxlACUkUB0yPr_1X/view?usp=drive_link, https://drive.google.com/file/d/15TcY6LLRBoHwid2LJaMYBdw8Ti46dntH/view?usp=drive_link, "
AL44,LISTA 1,Viernes,Juan Pablo Villán,Pasaje Vaca Duez y Esq. C. Troje,Chimba,Tienda Comercial,"1,000 Bs.","LOCAL COMERCIAL EN ALQUILER
📍 Zona Chimba
📐 6m²
💰 Bs. 1.000
🏷 Tienda de  regalos, snacks, venta de ropa y artículos varios

Más Información 📲  :

#Garzonier #Monoambiente #Inversion #90 #Inmobiliaria #Lote #Viral #Oficina #Asesores #Bienes #Compra #Raices #Comercial #Norte #Ambiente #Bolivia #Inmobiliarios #Terreno #Venta #Departamento #Cochabamba #ViralBolivia #Anticretico #Local #Noventa #Alquiler #Casa #Zona",,,"LOCAL COMERCIAL EN ALQUILER

📍 Zona Chimba
📌Pasaje Vaca Diez 

📐 6m²
🏷 Tienda de  regalos, snacks, venta de ropa y artículos varios

💰 Bs. 1.000 Alquiler
💵 Bs. 1.000 Garantía 
💵 Bs. 500 Comisión 

Agenda tu visita ❗","https://drive.google.com/file/d/1BaFekfopOFvwON6ejtCzW-GSbLuBtRJg/view?usp=drive_link, https://drive.google.com/file/d/1dUHziJmxwtkMgCxYNqZMgiB23W7b4UqW/view?usp=drive_link, https://drive.google.com/file/d/1pnSDDtOcQd4XruahNlG5SsH3ZOrmDLhI/view?usp=drive_link, https://drive.google.com/file/d/1W4jIRD6K_vmSzbc24DSO3Bt2yOGvHXZo/view?usp=drive_link, "
VN41,LISTA 2,Sabado,Jazmín Heresi,Chuquisaca y Antezana ,El Prado,Departamento,"28,000 $us.","MONOAMBIENTE AMOBLADO EN VENTA 

📌 Av. Chuquisaca 
📍Ubicación estratégica, a pasos del prado, restaurantes, heladerías, cafeterías..

🛏️ cama 2 plazas y escritorio
✅ Ropero empotrado.
✅ Baño equipado 
✅ Cocina encimera con cajonería alta y baja.

👉🏻 19m²
Precio del monoambiente 28.000$us
💰Tipo de cambio paralelo del día 
 🗂️ Expensas 160bs 

 Más información 📱

#VN41 #Garzonier #Monoambiente #Inversion #90 #Inmobiliaria #Lote #Viral #Oficina #Asesores #Bienes #Compra #Raices #Comercial #Norte #Ambiente #Bolivia #Inmobiliarios #Terreno #Venta #Departamento #Cochabamba #ViralBolivia #Anticretico #Local #Noventa #Alquiler #Casa #Zona",,,"MONOAMBIENTE AMOBLADO Y EQUIPADO EN VENTA 

📌 Av. Chuquisaca 
📍Ubicación estratégica, a pasos del prado, restaurantes, heladerías, cafeterías..

👨‍👩‍👧‍👦AREAS COMUNES:👨‍👩‍👧‍👦
Terraza, jaulas secado y lavandería

🏢CARACTERISTICAS DEL MONOAMBIENTE:
🛏️ cama 2 plazas y escritorio
✅ Ropero empotrado.
✅ Baño equipado con box de ducha 
✅ Cocina encimera y lavaplatos con cajonería alta y baja.
✅ 📺 Smart TV 
✅Mesa de diario y toquitos
✅ lavadora 
✅ Focos Led
✅Friogobar


👉🏻 Piso 2 son 19m²
Precio del monoambiente 28.000$us
💰 Tipo de cambio paralelo del día 
 🗂️ Expensas 160bs 

Éste Monoambiente viene totalmente equipado listo para funcionar.


Agenda tu visita ❗","https://drive.google.com/file/d/1KU8MFsjzdCtgfIQ7yGIeQdc-7GGQrKS4/view?usp=drive_link, https://drive.google.com/file/d/1uqyFmOizLNvRBAlOeTF_yoGmzZc2BeGO/view?usp=drive_link, https://drive.google.com/file/d/1Nr6kM71LDStmhLi8-vGdPNnLfRL2-435/view?usp=drive_link, https://drive.google.com/file/d/196gYGF24iX14ELhz3NshIg1lw-MTlZc5/view?usp=drive_link, "
AL45,LISTA 3,Domingo,Claudia Campos,Av. Melchor Urquidi Nro 1737,Queru Queru,Casa,"10,500 Bs.","🚀 ALQUILER DE CASA - COMO LOCAL COMERCIAL  🚀

📍 Ubicación Premium: Lado NORTE de la Avenida America, inmediaciones IC Norte.
Zona de alto flujo peatonal y vehicular, ideal para negocios que buscan exposición y prestigio.

🏢 Superficies disponibles:
🔹 Planta Baja → 115 m²
🔹 Primer Piso → 110 m²
Precio del alquiler: Bs. 10.500 facturado

✨ Características destacadas:
✅ Ingreso independiente para el local
✅Sala amplia y confortable
✅ 3 dormitorios con dos baños en suit, uno compartido, roperos de madera en todos los dormitorios.
✅ Cocina con cajonería alta y baja 
✅ Fachada perfecta para publicidad y exposición de marca

🌟 Ideales para: empresas, showrooms, oficinas corporativas, clínicas, academias e instituciones de alto nivel.
📞 Escribeme para más info 

 ¡Impulsa tu negocio en la mejor zona comercial de Cochabamba!

#AL45 #local #comercial #alquiler #GranPoder #LaPaz #Inmofuerte #Negocios #inversion #Restaurante #ZonaComercial#90#NOVENTA
#LocalesComerciales #TiendasDeRopa #Accesorios #Cochabamba #Moda #Emprendedores #Negocios #LocalesComerciales #Oportunidad #Cochabamba #Negocios #AlquilerComercial #ZonaEstratégica",,,"🚀 ALQUILER DE CASA - COMO LOCAL COMERCIAL  🚀

📍 Ubicación Premium: Lado NORTE de la Avenida América, inmediaciones IC Norte 
Zona de alto flujo peatonal y vehicular, ideal para negocios que buscan exposición y prestigio.

🏢 Superficies disponibles:
🔹 Planta Baja → 115 m²
🔹 Primer Piso → 110 m²
Precio del alquiler: Bs. 10.500 facturado
💡💧Medidor de servicios básicos independientes 

✨ Características destacadas:
✅ Ingreso independiente para el local
✅Sala amplia y confortable
✅ 3 dormitorios con dos baños en suit, uno compartido, roperos de madera en todos los dormitorios.
✅ Cocina con cajonería alta y baja 
✅ Fachada perfecta para publicidad y exposición de marca

🌟 Ideales para: empresas, showrooms, oficinas corporativas, clínicas, academias e instituciones de alto nivel.

🔘 Condiciones:
💲 1 Mes de Garantía
💲 1 mes anticipado
💲 Comisión Inmobiliaria
 ¡Impulsa tu negocio en la mejor zona comercial de Cochabamba!

Agenda tu visita ❗❗","https://drive.google.com/file/d/1hNbf2j6PH7EeoTA2LiMZSMbfCqjj5j13/view?usp=drive_link, https://drive.google.com/file/d/1QuWjzoumzXUBExZfReSKrHz9lTjIgd1C/view?usp=drive_link, https://drive.google.com/file/d/19V1k96AsPn6SwsK-d-T7_l2WgdI2UmM5/view?usp=drive_link, https://drive.google.com/file/d/1-MpagabBz_YlS8-U5PnHzY0vhhIlOXAe/view?usp=drive_link, "
AN10,LISTA 1,Lunes,Jazmín Heresi,Pedregal,Pacata Alta,Departamento,"250,000 Bs.","✨ Amplio y lindo departamento en anticrético ✨
📍 Pacata Alta, inmediaciones Estación de Servicio GYG
📐 Superficie: 100 m² aprox.

🏡 Consta de:
🔹 1 suite amplia
🔹 2 dormitorios amplios con roperos empotrados
🔹 1 baño compartido 
🔹 Cocina cerrada con cajonería alta y baja 
🔹 Amplio balcón
🔹 Garaje 
🌿 Amplios y bonitos jardines

🐾 SE PERMITEN MASCOTAS

💸 Expensas: 50 Bs
🏠 Comisión inmobiliaria: 3%

💰 PRECIO: 250.000 Bs

📞 Más información 

#AN10 #Departamento #Pacata #Anticretico #3Dormitorios #familiar #cochabamba #Bolivia #90 #Noventa #Jardines #casa #mascotas",,,"✨ Amplio y lindo departamento en anticrético ✨
📍 Pacata Alta, inmediaciones Estación de Servicio GYG
📐 Superficie: 100 m² aprox.

🏡 Consta de:
🔹 1 suite amplia
🔹 2 dormitorios amplios con roperos empotrados
🔹 1 baño compartido 
🔹 Cocina cerrada con cajonería alta y baja 
🔹 Amplio balcón
🔹 Sala
🔹 Comedor
🔹 Garaje
🔹 Área de lavado
🌿 Amplios y bonitos jardines

🐾 SE PERMITEN MASCOTAS

💡 Servicios:
🔌 Medidores de luz y gas independientes
💧 Agua con prorrateo
🚌 Transporte público en la puerta
💸 Expensas: 50 Bs
🏠 Comisión inmobiliaria: 3%

💰 PRECIO: 250.000 Bs

Agenda tu visita ❗❗","https://drive.google.com/file/d/1zMtGptOFnaLNQpb_IjKHmQ0Ub4m94wUu/view?usp=drive_link, https://drive.google.com/file/d/1rLOEphCF8KCQ0qiFmAjLACN6afqE0cbb/view?usp=drive_link, https://drive.google.com/file/d/1OtZe4yCk_HsM8c_Lw_H4Yd0F9GehKt1w/view?usp=drive_link, https://drive.google.com/file/d/1v81clFNj4p4TwAcFk7RXXT1_fU9m__yX/view?usp=drive_link, https://drive.google.com/file/d/15bLwiJ7w8uhgyn_ozZOkoZUlBLp5kC4G/view?usp=drive_link, https://drive.google.com/file/d/1dneQqhZ1uEDISkmRHuLRmadXGNjen-9d/view?usp=drive_link, https://drive.google.com/file/d/1bLLHLAiYtT__gRgkwxSFjCiIzUqUXdD1/view?usp=drive_link, "
VN42,LISTA 2,Martes,Jazmín Heresi,"Sumumpaya
Avenida Simón Bolívar y calle Casuarinas",Colcapirhua,Departamento,"70,000 $us.","🍃 🏢 DEPARTAMENTO EN VENTA COLCAPIRUHUA 

EN CONDOMINIO🔥

🟠 Precio: 70.000$us 
📍 Ubicación: Zona Sumumpaya Colcapiruhua 
📐 Superficie: 100 m²
🧭 Orientación: Sud

💰 Tipo de cambio oficial flexible 
🧺 Área de lavandería

 📲 Más información 

#VN42 #Colcapiruhua #Departamento #Venta #Cochabamba","🍃 Departamento en venta en condominio
🔥 ¡Por este precio, encontrar 100 m² en condominio es una gran oportunidad! 🏡

📍 Zona Sumumpaya – Colcapirhua 📐 100 m² 🧭 Orientación Sur 💰 $us 85.000 💸 Tipo de cambio oficial flexible 

💥 Una oportunidad así no aparece todos los días. ¡Consúltala hoy mismo!

📲 Escríbeme hoy y agenda tu visita antes de que otra persona lo reserve.

#VN42 #Departamento #Noventa #nuevo #colcapihrua"," Departamento en venta en condominio

📏 100 m² en condominio es una gran oportunidad! 🏡

📍 Zona Sumumpaya – Colcapirhua 
🧭 Orientación Sur 💰 $us 70.000 💸 Tipo de cambio oficial flexible 

💥 Una oportunidad así no aparece todos los días. ¡Consúltala hoy mismo!

🪙 Financiamiento bancario 

📲 Escríbeme hoy y agenda tu visita antes de que otra persona lo reserve.

#VN42 #Departamento #Noventa #nuevo #colcapihrua","🍃 🏢 DEPARTAMENTO EN VENTA SUMUMPAYA EN CONDOMINIO 🔥
𝘼 𝙢𝙚𝙙𝙞𝙖 𝙘𝙪𝙖𝙙𝙧𝙖 𝙙𝙚 𝙡𝙖 𝘼𝙫 𝙑𝙞𝙘𝙩𝙤𝙧 𝙐𝙨𝙩𝙖𝙧𝙞𝙯

🟠 Precio: 70.000$us 
📍 Ubicación: Zona Sumumpaya, Av. Simón Bolívar y Calle Casuarinas, Torre A – Piso 7
📐 Superficie: 100 m²
🧭 Orientación: Sud
💰 Tipo de cambio oficial flexible 

🔹 CARACTERÍSTICAS
🛏️ 1 Dormitorio (Suite)
🛏️ 2 dormitorios 
🚻 1 baño (compartido)
🍳 Cocina cerrada 
🛋️ Living – comedor iluminado
🧺 Área de lavandería
🌳 Balcón 

🔹 ÁREAS COMUNES
🏊 Piscina atemperada
🎠 Parque infantil
🏢 Salón de copropietarios
🥩 Parrillero
⚽ Cancha de futsal
🛒 Micromercado en planta baja

🟢 Una excelente opción para vivir con comodidad y todo al alcance de tu mano.

 agenda tu visita ❗❗","https://drive.google.com/file/d/1x6yO6c-kyPpa4s_c2aI3iZKmMwGsFO5F/view?usp=drive_link, https://drive.google.com/file/d/1s3CUVe12yinfz7_J89H48YiJIAhN2lhZ/view?usp=drive_link, https://drive.google.com/file/d/1UODVBYQ3qpDhxZnH7MdHqteQ3rowbOpM/view?usp=drive_link, https://drive.google.com/file/d/1raFQRIuKBQSBbfxKLnvG-SBJb9p9C3Ck/view?usp=drive_link, https://drive.google.com/file/d/1W6SYAS2exosYduu7hUzU-s9jzaydYemQ/view?usp=drive_link, "
VN43,LISTA 3,Miercoles,Jazmín Heresi,Calle coyaraymi,Colcapirhua,Lote,"38,500 $us.","LOTES DE TERRENO EN VENTA

✨La mejor inversión para el futuro

📍 Colpapirhua ( 6 cuadras de la Av. Reducto)
Collcapampa (barrio Kami)

💵 precio 190$us/m2

📐Desde 220m²
💧Servicios basicos

📲 Información 

#VN43 #Terrenoenventa #Construcion #inversion #Colcapirua","🌳 Lotes colcapiruhua en venta

💰 El mejor momento para comprar un terreno fue ayer. El segundo mejor momento es hoy.

📍 Colcapirhua – Collcapampa (Barrio Kami) 📐 Desde 220 m² 💵 $us 190/m² 💧 Servicios básicos

📲 Solicita ubicación y disponibilidad. ¡Las mejores opciones se venden primero!

VN43 #lotes #naturaleza #terrenos #Noventa #Compra","🌳 Lotes de terreno en colcapiruhua en venta

📍 Colcapirhua – Collcapampa (Barrio Kami) 
📐 Desde 220 m² 💵 $us 190/m² 
💧 Servicios básicos
🌴 Áreas verdes 
✨ Tu próxima casa puede ser aquí! 

📲 Solicita ubicación y disponibilidad. ¡Las mejores opciones se venden primero!

VN43 #lotes #naturaleza #terrenos #Noventa #Compra","LOTES DE TERRENO EN VENTA 

📍 Zona Colcapirhua¨a 6 cuadras de la Av. Reducto 
(Zona de proyección y desarrollo) 
🛣 Collcapampa (Barrio Kami)
🏌️ Próximo a la Universidad Salesiana

📐Superficie desde 220m2 
💵Precio 190$us/m2
🌿🌱 Areas verdes
💧Pozo de agua propio

✅ Al contado
✅ Servicios básicos

Agenda tu visita ❗ ❗ 
","https://drive.google.com/file/d/1t5AsUtmB5-LV_793Cii_5DvfeUh1znAD/view?usp=drive_link, https://drive.google.com/file/d/1cLhsq4VYigDR0u5hwto3n7AzfRAiCNf1/view?usp=drive_link, https://drive.google.com/file/d/1083XwjhaIkPusppYPc3lktq7zKedQJvO/view?usp=drive_link, https://drive.google.com/file/d/1JW5z4w7asOaT6XxaEL6B0xQsUIRrPscw/view?usp=drive_link, "
AL46,LISTA 1,Jueves,Jazmín Heresi,Juan capriles y Potosí ,Queru Queru,Departamento,"3,100 Bs.","Departamento 2 Dormitorios en Alquiler

📍Queru Queru
Inmediaciones av. America
💰 3.100 Bs.
📐115m²
🛏️ 2 Dormitorios 
🎛️Cocina americana  

Más información: 📱

#AL46 #Inversion #90 #Inmobiliaria #Viral #Asesores #Bienes #Raices #Comercial #Norte #Ambiente #Bolivia #Inmobiliarios #Departamento #Cochabamba #ViralBolivia #Noventa #Alquiler #Zona",,,"🚨𝐃𝐞𝐩𝐚𝐫𝐭𝐚𝐦𝐞𝐧𝐭𝐨 𝐞𝐧 𝐚𝐥𝐪𝐮𝐢𝐥𝐞𝐫 🚨

📍 Zona Queru Queru 
Av. América y Potosí 
📏 115 m²
💵 3.100Bs.

🛌🏻 2 dormitorios 
🛀🏻 1 baño: de visitas y compartido 
🫕 Cocina americana con cajonería alta y baja y equipada con extractor
🛋️ Living comedor
🌳 Balcón con vista a la calle
📷 Cámaraz de seguridad y portón eléctrico.
🗂️ Expensas incluidas con agua 
🪧Portón eléctrico 
🎚️ Ascensor 
🐶 Se aceptan Mascotas 

Para tomar el departamento:
1 mes de alquiler: 3100Bs.
1 mes de garantía: 3100Bs.
50% (del alquiler) comisión inmobiliaria: 1550Bs.

Su consulta no molesta! 🫵🏻","https://drive.google.com/file/d/1R_ZJsUp-Vjbvg-ez2SD7LLgghxGMTezQ/view?usp=drive_link, https://drive.google.com/file/d/1q3R4teNPrS15c9TEEkcPVVTCJKWIyuhh/view?usp=drive_link, https://drive.google.com/file/d/1h2K5UquBh_ENSACokqM_1GbA6gVrc15e/view?usp=drive_link, https://drive.google.com/file/d/1o2p8GOs8o7LOJ47BxjIEQYuoZLsvJD0X/view?usp=drive_link, https://drive.google.com/file/d/1QBkVF6ci12UiAHrdI2KtT23EFwwkhGGl/view?usp=drive_link, "
AL47,LISTA 2,Viernes,Gonzalo Fuentes,Eudoro Galindo,Queru Queru,Departamento,"2,400 Bs.","🏢DEPARTAMENTO DE 2 DORMITORIOS EN ALQUILER

📍Zona Queru Queru 
 Inmediaciones Parque Fidel Anze
💰Precio: 2400 Bs. + Expensas
📐Sup. 60.50 m2

🛏️ 2 Dormitorios
🚽 Baño
🎚️ calefon
🎛️ Cocineta
🛋️ Living

✨AREAS COMUNES

Más información 📲 

#AL47 #CochabambaBolivia #departamento #Noventa #InversionInmobiliaria #excelentezona #bienesraices #alquiler #alquiler2D #departementoenalquiler #sacaba #fidelanze",,,"🏢✨DEPARTAMENTO DE 2 DORMITORIOS EN ALQUILER

📍Zona Queru Queru 
Inmediaciones Parque Fidel Anze
💰Precio: 2400 Bs. + Expensas
🛏️Sup. 60.50 m2

🛏️2 Dormitorios
🚽 Baño 
🎚️ calefon
🎛️ Cocineta
🛋️ Living

✨AREAS COMUNES
🗂️Lobby 
👷🏻Porteria
✨Área de descanso 
🧽Lavanderia 
🧺Jaulas de secado
🥩 Parrillero 

Precio: 2400 Bs.
Garantia: 2400 Bs
Comision: 1200 Bs.

Si tiene alguna consulta o desea agendar una visita estoy a su servicio","https://drive.google.com/file/d/1vOcue_ciF-2jvX9wheeOuwZYow45Yj8g/view?usp=drive_link, https://drive.google.com/file/d/1bp07_mf7MQXJY25HFBFamciBNY2IdAvo/view?usp=drive_link, https://drive.google.com/file/d/1-3OS_kOwcJk8QiHiMOICdOT-zhGr42Mi/view?usp=drive_link, https://drive.google.com/file/d/1H4CJg8KLVVfbE24zB0s7DfLjOOVgSAHt/view?usp=drive_link, https://drive.google.com/file/d/1TMGUyeDViM2nau9dj8RnXkTwxm_tI7Ex/view?usp=drive_link, https://drive.google.com/file/d/13LlwBZMK277YveQiBf5u3aYH6PEB2twd/view?usp=drive_link, https://drive.google.com/file/d/1buAPk5Pr9ybzzC518s64i4FZJubXwlkM/view?usp=drive_link, https://drive.google.com/file/d/1FpGF64cHP8_CZcfOMibpkIHiF1d0SAbf/view?usp=drive_link, "
AL48,LISTA 3,Sabado,Jazmín Heresi,Juan capriles y Potosí ,Queru Queru,Departamento,"2,900 Bs.","Departamento 2 Dormitorios en Alquiler

📍Queru Queru
Inmediaciones av. America
💰 2.900 Bs.
📐95m²
🛏️ 2 Dormitorios 
🎛️Cocina americana  
🚗 Parqueo

Más información: 📱

#AL48 #Inversion #90 #Inmobiliaria #Viral #Asesores #Bienes #Raices #Comercial #Norte #Ambiente #Bolivia #Inmobiliarios #Departamento #Cochabamba #ViralBolivia #Noventa #Alquiler #Zona",,,"🚨𝐃𝐞𝐩𝐚𝐫𝐭𝐚𝐦𝐞𝐧𝐭𝐨 𝐞𝐧 𝐚𝐥𝐪𝐮𝐢𝐥𝐞𝐫 🚨

📍 Zona Queru Queru 
Av. América y Potosí 
📏 95 m²
💵 2.900Bs

🛌🏻 2 dormitorios 
🛀🏻 1 baño: de visitas y compartido 
🫕 Cocina americana con cajonería alta y baja y equipada con extractor
🛋️ Living comedor
🌳 Balcón con vista a la calle
📷 Cámaraz de seguridad y portón eléctrico.
🗂️ Expensas incluidas con agua 
🪧Portón eléctrico 
🎚️ Ascensor 
🐶 Se aceptan Mascotas 
🚗 Parqueo

Para tomar el departamento:
1 mes de alquiler: 2900Bs.
1 mes de garantía: 2900Bs.
50% (del alquiler) comisión inmobiliaria: 1450Bs.

Su consulta no molesta! 🫵🏻","https://drive.google.com/file/d/1XnJI_7WQ_SIDLZI8UU89uApYxWed_SWB/view?usp=drive_link, https://drive.google.com/file/d/18y5m09Coozvnq6p6u9Rll1GZ4Si7kVpB/view?usp=drive_link, https://drive.google.com/file/d/1G6obZUPke4DQD8ugk8HvhLaSml5mAgd3/view?usp=drive_link, https://drive.google.com/file/d/1lQ0w1Yjz2vd-hkHDTjuAKg-KJ6YCTs-R/view?usp=drive_link, https://drive.google.com/file/d/1P1JnmkCszMlf0T8qaIk-EIL-x3weOGUA/view?usp=drive_link, https://drive.google.com/file/d/1M8Nmv18mAHMCpyJ9zvRKz9G0x37yB-W8/view?usp=drive_link, "
AL49,LISTA 1,Domingo,Cecilia Ardaya,Man Cesped 242 y Washington y Enrique Arze,Cala Cala,Departamento,"2,600 Bs.","Departamento 2 dormitorios amoblado, ideal para estudiantes. Ubicacion extrategica. 
📍  Cala Cala
📐Superficie de 95 m² 
💰 2.600 Bs. Incluye expensas 

Cualquier duda o consulta estoy a su servicio 🤝 
𝐂𝐨𝐧𝐭𝐚𝐜𝐭𝐨 al 📱

🛏️2 Dormitorios 
🛋️  Living - comedor 
🍲 Cocina abierta
🚗 Parqueo y baulera
🚫 No mascotas 

🌆 Areas comunes 

#AL49 #Cochabamba #alquiler #departamento#2dormitorios #zonanorte #90Noventa #bienesraices #inmobiliaria #CalaCala#amoblado#departamentoamoblado#parqueo",,,"Departamento 2 dormitorios amoblado, ideal para estudiantes. Ubicacion extrategica. 
📍  Cala Cala
Man Césped 
📐Superficie de 95 m² 
💰 2.600 Bs. Incluye expensas 

Incluye
🛏️1 Dormitorio 
🛏️ 1 suite ( 1 cama de dos plazas y velador) 
🛋️  Living - comedor 
🪑 comedor de diario 
🚽Baño con box
🍲 Cocina abierta estilo americano  (incluye refrigerador y cocina, extractor)
🚗 Parqueo y baulera

🌆 Areas comunes 
Salón  de Copropietarios 

💵 Mes adelantado 2600 bs. 
     Mes de garantía 2600 bs. 
Comisión inmobiliaria 1300 bs. 

","https://drive.google.com/file/d/1zaezwLqxrqt3zpeMqXMKrfonOXsYiAw6/view?usp=drive_link, https://drive.google.com/file/d/1n_f41hgHrq7oVohOTqWBhFuBsx47UZ-b/view?usp=drive_link, https://drive.google.com/file/d/1KGMivJ8HyIfM6ELROKIsFr2_afCET5Bj/view?usp=drive_link, https://drive.google.com/file/d/1ZeOQHikdVn1tw83wQBHahiOMEYaUgGGZ/view?usp=drive_link, https://drive.google.com/file/d/1pXJXX1fgNuWXXecg2UZUw5nlA4nPGyZf/view?usp=drive_link, https://drive.google.com/file/d/1wxVyruAnybLtO7fjryUAyOeSgCvL9Epd/view?usp=drive_link, https://drive.google.com/file/d/1Polo8UD_P7ie2uuqNp_q-OQ_lVUsV_m2/view?usp=drive_link, https://drive.google.com/file/d/1453Un1lQs57htGmir7bGsxbCFbJeFKDL/view?usp=drive_link, "
AL50,LISTA 2,Lunes,,Juan de la Rosa y America,Sarco,Departamento,"2,200 Bs.","𝐃𝐞𝐩𝐚𝐫𝐭𝐚𝐦𝐞𝐧𝐭𝐨 𝐝𝐞 1 𝐝𝐨𝐫𝐦𝐢𝐭𝐨𝐫𝐢𝐨 𝐞𝐧 𝐚𝐥𝐪𝐮𝐢𝐥𝐞𝐫

📍  Av. Juan de la Rosa oeste  

📐Superficie de 55.06 m² 
💰 2.200 Bs.
 Incluye expensas

𝐂𝐨𝐧𝐭𝐚𝐜𝐭𝐨 al 📱

🛏️ 1 Dormitorios 
🛋️  Living - comedor 
🍲 Cocina abierta
🌆 Areas comunes 

Cualquier duda o consulta estoy a su servicio 🤝 
 
#AL50 #Cochabamba #alquiler #departamento#2dormitorios #Arocagua #aestrenar#90Noventa #bienesraices #inmobiliaria #Sacaba#departamentonuevo#nuevo#parqueo",,,"𝐃𝐞𝐩𝐚𝐫𝐭𝐚𝐦𝐞𝐧𝐭𝐨 𝐝𝐞 1 𝐝𝐨𝐫𝐦𝐢𝐭𝐨𝐫𝐢𝐨 𝐞𝐧 𝐚𝐥𝐪𝐮𝐢𝐥𝐞𝐫

📍  Juan de la Rosa oeste 
📐Superficie de 55.06 m² 
💰 2.200 Bs. 

🛏️ 1 Dormitorios 
🚪Ropero empotrado 
🛋️  Living - comedor 
🍲 Cocina abierta
🔥  Calefón 
Incluye 𝐄𝐱𝐩𝐞𝐧𝐬𝐚𝐬

Áreas comunes :
🧖🏻Hidromasaje 
🥩 Parrilleros
🏊‍♂️ Piscina 
🌆 Salón de copropietarios

Precio 2.200 Bs. 
Garantía 2.200 Bs. 
Comisión 1.100 Bs.

Cualquier duda o consulta estoy a su servicio 🤝","https://drive.google.com/file/d/131HKuQIDwGPKatcTmF_ElVIrkqJd8juK/view?usp=drive_link, https://drive.google.com/file/d/1gFoGvyenLWtleBxhzJYMdXez_ryshVoF/view?usp=drive_link, https://drive.google.com/file/d/1hgTIGRyKIRD5tBMwI0m1ituzvdxgtZiC/view?usp=drive_link, https://drive.google.com/file/d/1N-QydIIsrbdF5Su_x9mUOUk30wikzCUb/view?usp=drive_link, https://drive.google.com/file/d/1NqGu6dRZG-rXh04y84ITtVq7luly1IDj/view?usp=drive_link, https://drive.google.com/file/d/1WSbiYTosDtLrKaMgTiQp6h0kliTlL-_I/view?usp=drive_link, "
VN44,LISTA 3,Martes,Eduardo Wayar,"c. P Montalvo, entre M. Montealegre y J.M. Mercado ",Pacata,Lote,"155,000 $us.","TERRENO EN VENTA

Excelente relación tamaño/precio

📍PACATA
📐Superficie Terreno: 585.11 m²
💲Precio: $us 155.000
💱Tipo de Cambio: Paralelo del día
==========================
Información:  
==========================
Papeles al DÍA!

#VN44 #Terreno #Lote #EnVenta #Pacata ","LOTE DE TERRENO EN VENTA

Papeles al DÍA!

📍PACATA
📐Superficie Terreno: 585.11 m²
💲Precio: $us 155.000
💱Tipo de Cambio: Paralelo del día
==========================
Información:  
==========================
Excelente relación tamaño/precio

#VN44",,"TERRENO EN VENTA
📍PACATA
📐Superficie Terreno: 585.11 m²
📐 Frente: 21 m.
💲Precio: $us 155.000
💱Tipo de Cambio: Paralelo del día

🚰Servicios disponibles.
🌱Cercano a Parques y Campos Deportivos.
🏠Zona Residencial

AGENDA TU VISITA❗","https://drive.google.com/file/d/1-se_dv6sSLS96Fbm9G5fLEakJy9gZyJO/view?usp=drive_link, https://drive.google.com/file/d/1im_R0bhTjpeCf72tbri3EW78SHg-Uifm/view?usp=drive_link, https://drive.google.com/file/d/1NCdZsX8ApYcsnaVmCXlADutpJ5_Or-4G/view?usp=drive_link, "
VN45,LISTA 1,Miercoles,Jazmín Heresi,Aniceto padilla y Villarroel ,Queru Queru,Departamento,"298,000 Bs.","🌟 MONOAMBIENTE EN VENTA AMOBLADO Y EQUIPADO 🌟
📍ZONA QUERU QUERU 
📏 18.21 m² 

💰 Precio: Bs 298.000 
💧 Expensas: Bs 210

📲 Más información al:

Distribución funcional y moderna:
🔹 Ropero empotrado
🔹 Cocineta con cajonería alta y baja
🔹 Cocina eléctrica empotrada
🔹 Conexión para lavadora y frigobar

🐾 ¡Pet Friendly! Se permiten mascotas

🌿 ÁREAS COMUNES:

#VN45 #Garzonier #Monoambiente #Inversion #90 #Inmobiliaria #Lote #Viral #Oficina #Asesores #Bienes #Compra #Raices #Comercial #Norte #Ambiente #Bolivia #Inmobiliarios #Terreno #Venta #Departamento #Cochabamba #ViralBolivia #Anticretico #Local #Noventa #Alquiler #Casa #Zona",,,"🌟 MONOAMBIENTE EN VENTA AMOBLADO Y EQUIPADO 🌟
📍  Gualberto Villarroel 
ZONA QUERU QUERU 
📏 18.21 m² 

💰 Precio: Bs 298.000
💡 Luz independiente
🚿 Agua con prorrateo 
💧 Expensas: Bs 210

Distribución funcional y moderna:
🔹 Ropero empotrado
🔹 Cocineta con cajonería alta y baja
🔹 Cocina eléctrica empotrada
🔹 Conexión para lavadora y frigobar

🏢CARACTERISTICAS DEL MONOAMBIENTE INCLUYE:
🛏️ Distribución para una cama y escritorio.
✅ Baño
✅ TV Smart
✅ Microondas 
✅Vajilla necesaria para dos personas 
✅ box de baño
✅ Frigobar
✅ mesita de diario

🐾 ¡Pet Friendly! Se permiten mascotas
⬅️ Orientación oeste

🌿 ÁREAS COMUNES:
🎊 Salón de copropietarios
🔥 Churrasqueros
🧺 Lavandería y jaulas de secado
🚻 Baños compartidos

📌 ¡Ideal para estudiantes, inversionistas o personas que buscan su primer espacio propio!

Agenda tu visita ❗❗","https://drive.google.com/file/d/19_JCfscpYlJTOWEhLeFT2xXjoAxgN-iS/view?usp=drive_link, https://drive.google.com/file/d/1ygNvsPHP66PUJyQEJ_bOq6gcw28kweMR/view?usp=drive_link, https://drive.google.com/file/d/10TGZxR1PrWSkFmifFROts462J2hPN_Sl/view?usp=drive_link, https://drive.google.com/file/d/1X0OBKUM6c1nSdDtYbBPovCeXDxGQxO4J/view?usp=drive_link, https://drive.google.com/file/d/13nIczuQsHoOr6Mc3_hLwwlbrZdeKkpM_/view?usp=drive_link, https://drive.google.com/file/d/1jr30_ksiX0CCJj3rK4euGSfIA5w1BFc-/view?usp=drive_link, "
VN46,LISTA 2,Jueves,Jazmín Heresi,Reza y Ballivian ,El Prado,Departamento,"630,000 Bs.","EN VENTA DEPARTAMENTO 1D PRADO 
 
🚶‍♀️‍➡️📖🚶Próximo a Universidades, súper mercados, colegios, cerca al centro de la ciudad

📍Calle José Ballivián 
El Prado

💰630.000 Bs.  
📐 36 m2
🕰️ Entrega inmediata 
💵 Expensas 250bs

Más información 📲❕ 

🐶 Pet frendly  y 🌳 cuenta con balcón 

#VN46 #Venta #Departamento #Prado","🔥 ¡Los departamentos de 1 dormitorio en El Prado son de los más buscados! No dejes pasar esta oportunidad.

🏡 Departamento de 1 dormitorio en venta

📍 Calle José Ballivián – El Prado 📐 36 m² 💰 Bs. 630.000 🕰️ Entrega inmediata 💵 Expensas: Bs. 250
🐶 Pet friendly 🌿 Balcón
📍 Cerca de universidades, supermercados, colegios y del centro de la ciudad.

📲 Escríbeme y agenda tu visita antes de que se venda.

#VN46 #Noventa #lujo #prado #garzonier #ejecutivo",,"EN VENTA DEPARTAMENTO 1D PRADO 
 
📍Calle José Ballivián 
El Prado

💰630.000 Bs.  
📐 36 m2
🕰️ Entrega inmediata 
🐶 Pet frendly 
🛏️ 1 Habitación 
🚪ropero empotrado
🎛️ Cocina abierta encimera (cajonería alta y baja  
🌳 Balcón 
💵 Expensas 250bs

✨Áreas comunes

☑️ Piscina atemperada
☑️ Cowork
☑️ Churrasquera
☑️ Salón de eventos 
☑️ Gimnasio 
☑️.Área de juegos

🚶‍♀️‍➡️📖🚶Próximo a Universidades, súper mercados, colegios, cerca al centro de la ciudad
 
agenda tu visita ❗❗","https://drive.google.com/file/d/1QvIslv6V85yThWt4Y0kr7kWdt175LdsF/view?usp=drive_link, https://drive.google.com/file/d/1deNxJDA1jnyRaaRLPPOsUaAjsjM4WOcZ/view?usp=drive_link, https://drive.google.com/file/d/1M8kGqQUfTgpCdwGmvQMbK5mlJPdssHpP/view?usp=drive_link, https://drive.google.com/file/d/1GijEHHZfAQI9hlVABxyRpiQx2OuWEKGd/view?usp=drive_link, https://drive.google.com/file/d/1Exes-BlSQkmzWWrpFkA4kJwotlzKVleB/view?usp=drive_link, https://drive.google.com/file/d/1Y-Pqz1Z-SYw3vHTbxmrFFo8F6Knzb5dN/view?usp=drive_link, "
AL51,LISTA 3,Viernes,Cecilia Ardaya,A. Urquidi y J de Los Rios,Mirador,Casa,"5,600 Bs.","Casa en condominio cerrado en alquiler Amoblada

📍 Zona Mirador 
💸 5.600Bs.-

Más información 📱

🔸3 dormitorios/ 1 en suite
🔸 living comedor 
🔸cocina cajonera Alta/Baja
🔸Patio privado 
🔸Cuenta con  garaje
🚨Areas comunes 

✨Se acepta mascotas 
✨ Incluye expensas 

#AL51 #alquiler #casa #excelentezona #condominio cerrado #areascomunes #cochabamba #familia #vivienda #3dormitorios #lujo #comodidad #Bolivia recidencial ",,,"ALQUILER DE CASA EN CONDOMINIO 
 📍 Mirador cerca a universidad 
Características:
 🛏️ 3 Habitaciones: 1 Suite principal y 2 habitaciones con baño compartido.
 🛋️ Living comedor 
 🛁 Baño de Visitas 
 🛋️ Sala de Estar 
 🍽️ Cocina Cerrada 
 🧺 Área de Lavado, Patio Privado y Garaje 
 🔥 Agua Caliente  (Calefón a gas).
 🐕 Se Aceptan Mascotas

Beneficios del Condominio:
  🔒 Personal de Seguridad en portería 
 👨‍👩‍👧‍👦 Áreas Comunes: Parque Infantil y Parrillero.
Opciones de Alquiler (Incluye Expensas):
 🚨Amoblada: 5.600 Bs.
 
Mes adelantado 5600Bs
Garantía 5600Bs
Comisión inmobiliaria 2800Bs

Comodidad y la mejor ubicación

Agenda tu visita❗","https://drive.google.com/file/d/1kVNs8s3fRN1t9uMlNnjB-OW4M6q37Pv6/view?usp=drive_link, https://drive.google.com/file/d/1RLUmKaM595dPFcU91WG2hFEDMMvKFncd/view?usp=drive_link, https://drive.google.com/file/d/1jfphkNnqutyWyqjlxVCViBx67sv5n4gY/view?usp=drive_link, https://drive.google.com/file/d/1HMiLAivoRM_GCrexhC0TWZzYeCaT1ACD/view?usp=drive_link, https://drive.google.com/file/d/1aJFVfiL9Om2a05F6yHpkDj03lSsr-3Mo/view?usp=drive_link, https://drive.google.com/file/d/1Uh4sHDvlz1ShICKKm4c46EPgKjCAZH9o/view?usp=drive_link, https://drive.google.com/file/d/1KfKmV7DhJvx2UmYBQ8HwUaVfbzreE3AN/view?usp=drive_link, https://drive.google.com/file/d/1gMmSwV4S3gAR4ChdCH-O0fLGT6jQOWlT/view?usp=drive_link, "
AL52,LISTA 1,Sabado,Gabriel Cañipa,Av. Beijing y Mejillones ,Sarco,Departamento,"3,000 Bs.","DEPARTAMENTO SEMIAMOBLADO  DE 3 DORMITORIOS

📍 Beijing y Tadeo 
📐 140m2
💰Costo 3.000 Bs.

Mayor información  📲

🛏️ 1 Dormitorio suite con cama empotrada de dos plazas 
🛏️ 2 dormitorios simples 
🚿2 Baño 
🛋️ Living Comedor 
🍴 Cocina cerrada
🧼Área de lavado 

🚙 Parqueo extra 250 Bs. Mensual 
✨Sin expensas

#AL52 #Garzonier #Monoambiente #Inversion #90 #Inmobiliaria #Lote #Viral #Oficina #Asesores #Bienes #Compra #Raices #Comercial #Norte #Ambiente #Bolivia #Inmobiliarios #Terreno #Venta #Departamento #Cochabamba #ViralBolivia #Anticretico #Local #Noventa #Alquiler #Casa #Zona",,,"DEPARTAMENTO SEMI AMOBLADO EN ALQUILER DE 3 DORMITORIOS
📍Beijing y Tadeo 
📐140m2
🏙️Piso 3

🛏️ 1 Dormitorio suite con cama empotrada de dos plazas y baño privado 
🛏️ 2 dormitorios simples con camas 
🚿1 Baño compartido 
🛋️ Living Comedor
🚿1 baño de vistas 
🍴 Cocina cerrada cocina y gas domiciliario y refrigerador 
🧼Área de lavado 
⬆️ Ascensor 
📞Portero eléctrico 
(sin áreas comunes)
no se permiten mascotas 

🚙 Parqueo extra 250 bs. Mensual 
✨no se paga expensas
(el agua se prorratea por persona)
 
Precio: 3.000 Bs.-
Garantía: 3.000 Bs.-
Comisión: 1.700 Bs.-","https://drive.google.com/file/d/1D99_bye3oyWc4no8olHHGbcrZKjFk74E/view?usp=drive_link, https://drive.google.com/file/d/1ld0vvEVzxCL5gd5hiEeHjabkfWkV5XAB/view?usp=drive_link, https://drive.google.com/file/d/18Yp_oYDCpVTomyWFaTnYnAaEaWhbeL_V/view?usp=drive_link, https://drive.google.com/file/d/1UVti-GlWkznJU1uJ1XiwP_nkkGCMpuIW/view?usp=drive_link, https://drive.google.com/file/d/1XrFdl8DvPwnmsPaDi6ew2qH4Rr5izgji/view?usp=drive_link, https://drive.google.com/file/d/1N_lRGgLryLSt6AlEHq_O4hjYUEpATXTz/view?usp=drive_link, https://drive.google.com/file/d/1B4foerkSruFNnXfvfcEsbEthLqMDM9p9/view?usp=drive_link, https://drive.google.com/file/d/1lomFePP-XdNvZTf-kOgllzfh_GhGhWIv/view?usp=drive_link, "
AL53,LISTA 2,Domingo,Jazmín Heresi,Avenida Ballivian ,El Prado,Departamento,"1,500 Bs.","🏢MONOAMBIENTE EN ALQUILER 

📌 Av. Ballivian ( El Prado)
✨ Ubicación estratégica 

👨‍👩‍👧‍👦AREAS COMUNES:👨‍👩‍👧‍👦

🏢CARACTERISTICAS DEL MONOAMBIENTE:
✅ Ropero empotrado.
✅ Baño
✅ Cocineta

💰 1500 Bs
 🗂️ Expensas incluidas 

Más información 📱

#Departamento #alquiler #familia #zonanorte #QueruQueru #Cochabamba #Bolivia #monoambiente #1Dormitorio
#Avenida #90 #Noventa #Prado #Estudiante",,,"MONOAMBIENTE EN ALQUILER 

📌 Av. Ballivian 
📍Ubicación estratégica, a pasos  de restaurantes, heladerías, cafeterías..
💰 Bs. 1500

👨‍👩‍👧‍👦AREAS COMUNES:👨‍👩‍👧‍👦
Terraza 360°
Parrilleros 
Jaulas de secado 
Lavanderías

🏢CARACTERISTICAS DEL MONOAMBIENTE:
🛏️ Distribución para una cama y escritorio
✅ Ropero empotrado.
✅ Baño equipado con box de ducha 
✅ Cocina encimera y lavaplatos con cajonería alta y baja.

 
👉🏻 son 23 m²
 🗂️ Expensas incluidas 

Mes adelantado Bs. 1500
Garantía Bs. 1500
Comisión inmobiliaria Bs. 1500

Agenda tu visita ❗
","https://drive.google.com/file/d/1fFLfpiuTRtqEKfWFI7dY1_8cjnoqwjxp/view?usp=drive_link, https://drive.google.com/file/d/1wgfkEgjtnhuYnY0FUw24VPcDDWDKxo-C/view?usp=drive_link, https://drive.google.com/file/d/1QM0pwPiorUtNThgdkv8xEEK8fvlQ_fYb/view?usp=drive_link, https://drive.google.com/file/d/1L7bYBPcqhDUmFtD33JDkXSQ_dgqoZDZv/view?usp=drive_link, https://drive.google.com/file/d/1vUiwTta645qNsVuIj1XTH4SIrFT1j-99/view?usp=drive_link, https://drive.google.com/file/d/1Qj_sdhJASw17DTE5E4D8xZIor1smk3S7/view?usp=drive_link, "
AL54,LISTA 3,Lunes,Jazmín Heresi,Avenida Santa Cruz ,Queru Queru,Departamento,"2,700 Bs.","DEPARTAMENTO DOS DORMITORIOS EN ALQUILER 

📍Inmediaciones Queru Queru 
 Avenida Santa Cruz 
💰2700 Bs.
📐80m²

1 Suite 
1 Dormitorio 
1 Baño de Visitas y compartido
🍴Cocina estilo americana con cajonería alta y baja

✨ Áreas comunes 

📲 Más información 

#AL54 #Departamento #alquiler #familia #zonanorte #QueruQueru #Cochabamba #Bolivia #monoambiente #2Dormitorios #Avenida #90 #Noventa",,,"DEPARTAMENTO DOS DORMITORIOS EN ALQUILER 

📍Inmediaciones Queru Queru 
 Avenida Santa Cruz 
💰2700 Bs.
📐80m²

1 Suite 
1 Dormitorio 
1 Baño de Visitas y compartido
🍴Cocina estilo americana con cajonería alta y baja
🛋️Living comedor
🧼area de lavado
🗃️ Expensas incluidas (agua, mantenimiento edificio, ascensor y portería 24/7) 

✨Áreas comunes 

🥳Salon de Copropietarios
🥩Parrillero 


𝐀𝐠𝐞𝐧𝐝𝐚 𝐭𝐮 𝐯𝐢𝐬𝐢𝐭𝐚❗","https://drive.google.com/file/d/1hH3y2oVu8Ov4JE3siivA389QghxkcWer/view?usp=drive_link, https://drive.google.com/file/d/1jy1sAgWa8-D0ysyF097dbLKeNIyXmEkE/view?usp=drive_link, https://drive.google.com/file/d/1hTK9GEtKTfSIHhwWXbbvEoAPuOAJR25F/view?usp=drive_link, https://drive.google.com/file/d/1pFrmVwZ2vEuMhXiQTMoHZUbAXQ5q5U90/view?usp=drive_link, https://drive.google.com/file/d/1QvvXmTtjQ5FJQq19tEkyDqA-d7mvk8PN/view?usp=drive_link, https://drive.google.com/file/d/1EoFvUxO58hSXamLkpPpj8AMjli4ddpsR/view?usp=drive_link, https://drive.google.com/file/d/1YoY-qUpdFy0HEE7kk8sXpdbS5Y_I1cEY/view?usp=drive_link, "
AL55,LISTA 1,Martes,Claudia Campos,Calle Pedro Blanco entre Av. Santa Cruz y Tomas Frías,Queru Queru,Oficina,"2,900 Bs.","✨🏢 ¡OFICINA EN ALQUILER ✨🏢 
 
📍 Inmediaciones en Av. Santa Cruz 
Precio Alquiler  : 2900Bs. Incluye expensas y agua
✨ Características:
✅  Vista a la calle
✅ 3 Ambientes luminosos
✅ 2 Baños
✅ Incluye expensas y agua
💡 Perfecta para consultorio , estudios jurídicos , estéticas , fisioterapeutas .

📲 Más información 

#AL55 #Garzonier #Monoambiente #Inversion #90 #Inmobiliaria #Lote #Viral #Oficina #Asesores #Bienes #Compra #Raices #Comercial #Norte #Ambiente #Bolivia #Inmobiliarios #Terreno #Venta #Departamento #Cochabamba #ViralBolivia #Anticretico #Local #Noventa #Alquiler #Casa #Cochabamba",,,"✨🏢 ¡OFICINA EN ALQUILER ✨🏢 
 
📍 Edificio en Av. Santa Cruz cerca a VIVA
Precio Alquiler  : 2900Bs. Incluye expensas 
✨ Características:
✅  Vista a la calle
✅ 3 Ambientes luminosos
✅ 2 Baños
✅ Incluye expensas y agua
💡 Perfecta para consultorio , estudios jurídicos , estéticas , fisioterapeutas . 

💰 Alquiler:
– Bs 2.900 mensual Alquiler
- Bs 2.900 mes de Garantía
- Bs 2.000 Comisión inmobiliaria 

Agenda tu visita ❗ 
","https://drive.google.com/file/d/1yaAp88ge63JynggJisbaxMVrTr2nOmyw/view?usp=drive_link, https://drive.google.com/file/d/1byZQtl1xLhKb6JBQpaHQegJ3joDOt2L3/view?usp=drive_link, https://drive.google.com/file/d/14NDmVpzPSS8tAqpZfSWwtpzsvV5uu7Zh/view?usp=drive_link, https://drive.google.com/file/d/1yEC0Jf47b4fHv7qbN-_-f6bQxt0JJKQq/view?usp=drive_link, https://drive.google.com/file/d/1A4TD7lPwmU5bXBshbvv8wBPRBlhI_4hJ/view?usp=drive_link, https://drive.google.com/file/d/1ZoTf6Ft_b0Tp7F_UeHdteFmXt0ECLetP/view?usp=drive_link, https://drive.google.com/file/d/1ifqbs-tUpFfk35MUYIZyED9V56YXKS8r/view?usp=drive_link, "
AL56,LISTA 2,Miercoles,Gonzalo Fuentes,Av Perú y Blanco Galindo ,Hipodromo,Tienda comercial ,"2,500 Bs.","🕋 TIENDA EN ALQUILER

📍Ubicacion Avenida Perú 
💸Precio: 2500 Bs.
📐Sup. 12.50 m²

Tienda comercial 
🎛️Cocineta
🚽Baño compartido

📲 Más información al inbox o al WhatsApp:


#AL56 #CochabambaBolivia #tienda #Noventa #InversionInmobiliaria #Comercio #excelentezona #bienesraices #alquiler #tiendaenalquiler
",,,"🕋 TIENDA EN ALQUILER

📍Ubicacion; Av Perú y Av Blanco Galindo 
💸 Precio: 2500 Bs.
📐 Sup. 12.50m2

Tienda comercial 
🎛️Cocineta
🚽Baño compartido

Ideal para snacks, tienda de ropa, regalos, tienda de barrio.

Precio: 2500 Bs.
Garantia: 2500 Bs
Comision: 1250 Bs.

Agenda tu visita ❗ 
","https://drive.google.com/file/d/1VzhQj3uIMKFEYZmuZ2VHMMyjl73lOum3/view?usp=drive_link, https://drive.google.com/file/d/1f4YubhStlUFp3Lvh09Brc5uH25JB8p99/view?usp=drive_link, https://drive.google.com/file/d/1oxtHcT2v1ydJe4BRTAsXRj_hqjUGL-0s/view?usp=drive_link, https://drive.google.com/file/d/1x2QCNZB5abnonTaoTGx_zT0kjYl-swsL/view?usp=drive_link, https://drive.google.com/file/d/1rM_t0txgtgrhNo129IQZ_7RcxYrLwim6/view?usp=drive_link, "
AN11,LISTA 3,Jueves,Gabriel Cañipa,Urb. El Bosque Norte,Condebamba,Casa,"1,200,000 Bs.","𝐂𝐀𝐒𝐀 𝐄𝐍 𝐀𝐍𝐓𝐈𝐂𝐑É𝐓𝐈𝐂𝐎 𝐄𝐍 𝐄𝐗𝐂𝐋𝐔𝐒𝐈𝐕𝐀 𝐔𝐑𝐁𝐀𝐍𝐈𝐙𝐀𝐂𝐈𝐎𝐍 🔝

📍 Ubicación: Urb. Bosque Norte 
📐 Superficie de terreno: 1.000 m2 
📐 Superficie construida: 424 m2

⚫ 2 Plantas:
* 2 máster suites
*1 suite
*2 dormitorios con baño compartido 
*Jardín
* Churrasquero
* Área de máquinas y lavandería 
* Dependencias de servicio con baño e ingreso independiente

Información y visitas: 📲

Á𝐑𝐄𝐀𝐒 𝐂𝐎𝐌𝐔𝐍𝐄𝐒 EN LA URBANIZACIÓN.
*Seguridad 24/7 

💵 𝐏𝐫𝐞𝐜𝐢𝐨 𝐀𝐧𝐭𝐢𝐜𝐫é𝐭𝐢𝐜𝐨:  Bs. 1.200.000.-

POSIBILIDAD DE VENTA
💵 𝐏𝐫𝐞𝐜𝐢𝐨: Bs. 4.500.000.-

#Garzonier #Monoambiente #Inversion #90s #Inmobiliaria #Lote #Viral #Oficina #Asesores #Bienes #Compra #Raices #Comercial #Norte #Ambiente #Bolivia #Inmobiliarios #Terreno #Venta #Departamento #Cochabamba #ViralBolivia #Anticretico #Local #Noventa #Alquiler #Casa #Zona",,,"🤩 𝐇𝐄𝐑𝐌𝐎𝐒𝐀 𝐂𝐀𝐒𝐀 𝐄𝐍 𝐀𝐍𝐓𝐈𝐂𝐑É𝐓𝐈𝐂𝐎 𝐄𝐍 𝐄𝐗𝐂𝐋𝐔𝐒𝐈𝐕𝐀 𝐔𝐑𝐁𝐀𝐍𝐈𝐙𝐀𝐂𝐈𝐎𝐍 “𝐁𝐎𝐒𝐐𝐔𝐄 𝐍𝐎𝐑𝐓𝐄” 🔝

📍 Ubicación: Urb. Bosque Norte 
📐 Superficie de terreno: 1.000 m2 
📐 Superficie construida: 424 m2

⚫ Planta Baja:
* Living Comedor con Chimenea
* Hermosa cocina con comedor de diario
* Sala de Estar 
* Escritorio  
* 1 dormitorio 
* 1 Baño de Visitas 
* Depósito bajo grada
* Galería techada  
* Churrasquero
* Área de máquinas y lavandería 
* Dependencias de servicio con baño e ingreso independiente
* Amplia Despensa

⚫ Planta Alta:
* 2 máster Suites
* 1 Suite
* 1 dormitorio
* Amplio jardín 

Á𝐑𝐄𝐀𝐒 𝐂𝐎𝐌𝐔𝐍𝐄𝐒:
✅ Salón de eventos 
✅ Amplias áreas verdes 
✅ Piscina atemperada 
✅ Churrasqueros 
✅ Gimnasio 
✅ Sauna a vapor
✅ Seguridad 24/7 con cámaras y guardias de seguridad


💵 𝐏𝐫𝐞𝐜𝐢𝐨 𝐀𝐧𝐭𝐢𝐜𝐫é𝐭𝐢𝐜𝐨:  Bs. 1.200.000.-

POSIBILIDAD DE VENTA
💵 𝐏𝐫𝐞𝐜𝐢𝐨: Bs. 4.500.000.-


💡Agenda tu visita para conocer tu nuevo hogar‼️","https://drive.google.com/file/d/1FFjVaC5X-w5tv5bCz3lFP4E1Jyo9FnmF/view?usp=drive_link, https://drive.google.com/file/d/1ejWMShxvgoeDSTftZ22uf7u8FgKZATSt/view?usp=drive_link, https://drive.google.com/file/d/1dkM5Gn_YvyVHifGeCgjYFq9Z1QuhnKZl/view?usp=drive_link, https://drive.google.com/file/d/1V_Ncaeb4HA5UZt4jLQruaq7dmrhP8y9O/view?usp=drive_link, https://drive.google.com/file/d/1nlPrNMssPsF5I-Y1brLT_n43rYLKq7tt/view?usp=drive_link, "
PV18,LISTA 1,Viernes,Jazmín Heresi,Ramón Rivero y Ballivian ,El Prado,Edificio de Departamentos,"62,147 $us.","🏙️ DEPARTAMENTOS EN PREVENTA DE LUJO

✨ Invierte en el corazón más exclusivo de Cochabamba ✨

📍 Ubicación Av. Ballivian – El Prado

Más información 📲 

Monoambientes, 1 Dormitorio, 2 dormitorios y 3 dormitorios 

💰 Desde: 62.147$us

💱 Tipo de cambio oficial 

✔ Ideal para vivienda, Airbnb o renta corporativa
✨ Locales Comerciales Exclusivos a la venta 
#PV18 #Garzonier #Monoambiente #Inversion #90 ","💎 DEPARTAMENTOS DE LUJO EN PREVENTA – EL PRADO, COCHABAMBA 💎

✨ Vive o invierte en la zona más exclusiva y cotizada de la ciudad ✨
📍 Av. Ballivián – El Prado
🏙️ Ubicación premium con alta demanda y plusvalía
🏢 Monoambientes | 1, 2 y 3 dormitorios
🏬 Locales comerciales exclusivos disponibles
💰 Desde $us 62.147
💱 Tipo de cambio oficial 
📈 Ideal para vivienda, Airbnb o renta corporativa

💼 Invierte hoy en etapa de preventa y asegura el mejor precio

📲 Más información y disponibilidad.

#PV18 #Garzonier #Monoambiente #Inversion #90","DEPARTAMENTOS DE LUJO EN PREVENTA – EL PRADO, COCHABAMBA 💎

💼 Invierte hoy en etapa de preventa y asegura el mejor precio
📍 Av. Ballivián – El Prado
🏢 Depas de 1, 2 y 3 dormitorios
🏬 Locales comerciales exclusivos disponibles
💰 Desde $us 62.147
💱 Tipo de cambio oficial 
📈 Ideal para vivienda, Airbnb o renta corporativa


📲 Más información y disponibilidad.

✨ Vive o invierte en la zona más exclusiva y cotizada de la ciudad ✨

#PV18 #Garzonier #Monoambiente #Inversion #90","🏙️ DEPARTAMENTOS EN PREVENTA DE LUJO

✨ Invierte en el corazón más exclusivo de Cochabamba ✨

📍 Ubicación Av. Ballivian – El Prado
 A pasos de Plaza de las Banderas
Un proyecto residencial de alto nivel, estratégicamente ubicado en una de las zonas más consolidadas y valorizadas de la ciudad, rodeado de los principales puntos urbanos
📈 Alta plusvalía, fuerte demanda de alquiler y excelente proyección de valorización

🏢 RESIDENCIAS DISPONIBLES
✨ Monoambientes Premium
Diseño contemporáneo, ideal para inversión o estilo de vida urbano
📐 Superficie: 42 m² a 50 m²
💰 Desde USD 62.147
✨ Departamentos de 2 Dormitorios
Espacios amplios y funcionales, con acabados de calidad superior
📐 Superficie: 73 m² a 93 m²
💰 Desde USD 106.024
✨ Departamentos de 3 Dormitorios
Residencias exclusivas para quienes buscan amplitud, confort y prestigio
📐 Superficie: 133 m² a 186 m²
💰 Desde USD 193.212

🛏️ Dormitorios Suite o simples
🎛️ Cocina americana con mesón incorporado
🚪Roperos empotrados 
🚽Baño compartido o visitas
🧽Área de lavado 
🌳 Balcón 
🕋 Áreas comunes 

✨ Locales Comerciales Exclusivos a la venta 
💱 Tipo de cambio aplicado oficial
💎 UNA INVERSIÓN QUE MARCA LA DIFERENCIA
✔ Entrega garantizada
✔ Planes de pago flexibles
✔ Ideal para vivienda, Airbnb o renta corporativa
✔ Zona de alta demanda permanente
💼 Precio preferencial y negociable para pago al contado
Más que un departamento, una inversión en patrimonio, prestigio y rentabilidad

Agenda tu visita ❗","https://drive.google.com/file/d/1HmTnkg1CHgNGgM_NoFsAiv1IoYP4ZzMj/view?usp=drive_link, https://drive.google.com/file/d/1JPyYtJYn_uk6RjuS67WDgHSBzf-ZBujh/view?usp=drive_link, https://drive.google.com/file/d/12cVdYSLUPOyEbQkWLhDufF42GZ6Yl-Zo/view?usp=drive_link, https://drive.google.com/file/d/1JI9YypD04Cukr92iYW0zEP8u67cgz-Ss/view?usp=drive_link, https://drive.google.com/file/d/1fUB-2GlRkLIakDBmKQ0gRS7lbd8ZWTsO/view?usp=drive_link, https://drive.google.com/file/d/1K6DGZQ3u3566HOcV55oi1y-DU5jIp4DN/view?usp=drive_link, "
AL57,LISTA 2,Sabado,Cecilia Ardaya,Calle Valdiviezo Edificio Alameda,El Prado,Departamento,"3,400 Bs.","DEPARTAMENTO EN ALQUILER EL PRADO 

🚗 Incluye Parqueo

🚨 Zona Central, El Prado
📌 calle Baldivieso 
📐 140m2 
💵 Alquiler 3400 bs incluye expensas 

📲 
Contáctanos para más información o agendar una visita. 

🍲Cocina con mobiliario 

#AL57 #CochabambaBolivia #departamento #alquiler ","DEPARTAMENTO 3 DORMITORIOS EN ALQUILER

🚗 Incluye Parqueo

🚨 Zona Central, El Prado
📌 calle Baldivieso 
📐 140m2 
💵 Alquiler 3400 bs incluye expensas 

📲 
Contáctanos para más información o agendar una visita. 

🍲Cocina con mobiliario 

#AL57 ",,"DEPARTAMENTO EN ALQUILER EL PRADO
 
🚨 Zona Central, el Prado
📐 140m2 
💵 Alquiler 3400 bs incluye expensas 

🛏️ 1 suite
🛏️ 2dormitorios con roperos empotrados
 🚽2 baños
🛋️ Amplio Living, comedor iluminado
🍲Cocina y comedor de diario con mobiliario 
🎽Lavandería
🚗 Parqueo
 
Alquiler 3400 bs
Garantía 3400 bs
Comisión inmobiliaria 2040 bs","https://drive.google.com/file/d/1q-AfWQlser_nCGlbYHPijy1ymxFznMqk/view?usp=drive_link, https://drive.google.com/file/d/1xXiSpZGkUMsgOt_nfoVsHSoUOkdPufEE/view?usp=drive_link, https://drive.google.com/file/d/1pqQ1wl7-UDdqJ9ALW1I0EYouMV38eYhQ/view?usp=drive_link, https://drive.google.com/file/d/1J_5zxQWgL1OhyX3fFX7CEMozuCBe243N/view?usp=drive_link, https://drive.google.com/file/d/17quanjMlWfAAFZoT7RMflv3Pyrb85fjA/view?usp=drive_link, https://drive.google.com/file/d/1rxkBozLDaaEsge9hEOq7mH_wRd15XoN-/view?usp=drive_link, "
AN12,LISTA 3,Domingo,Gabriel Cañipa,Kanarrancho ,Tiquipaya,Casa,"2,000,000 Bs.","🔥𝐌𝐀𝐍𝐒𝐈Ó𝐍 𝐄𝐍 𝐀𝐍𝐓𝐈𝐂𝐑É𝐓𝐈𝐂𝐎 

📐Sup. Terreno: 2.806 m2 
📐Sup. Construida: 1.217 m2
📍 Ubicación: Kanarancho (Tiquipaya)
▪️ 1 master suite y 4 suites
▪️Escritorio
▪️Varios ambientes adicionales

🟧 Á𝐑𝐄𝐀𝐒 𝐒𝐎𝐂𝐈𝐀𝐋𝐄𝐒 de primera y privados!!

💰 𝐏𝐫𝐞𝐜𝐢𝐨 𝐝𝐞 𝐀𝐧𝐭𝐢𝐜𝐫é𝐭𝐢𝐜𝐨: Bs. 2.000.000.-

Información detallada al 📲:

#AN12 #Mansion #Garzonier #Monoambiente #Inversion #90 #Inmobiliaria #Lote #Viral #Oficina #Asesores #Bienes #Compra #Raices #Comercial #Norte #Ambiente #Bolivia #Inmobiliarios #Terreno #Venta #Departamento #Cochabamba #ViralBolivia #Anticretico #Local #Noventa #Alquiler #Casa #Zona #Kanarrancho #Tiquipaya",,,"🔥𝐇𝐄𝐑𝐌𝐎𝐒𝐀 𝐌𝐀𝐍𝐒𝐈Ó𝐍 𝐄𝐍 𝐀𝐍𝐓𝐈𝐂𝐑É𝐓𝐈𝐂𝐎 𝐎 𝐕𝐄𝐍𝐓𝐀 - 𝐊𝐀𝐍𝐀𝐑𝐑𝐀𝐍𝐂𝐇𝐎

📐Sup. Terreno: 2.806 m2 
📐Sup. Construida: 1.217 m2
📍 Ubicación: Kanarancho (Tiquipaya)

 🟧 𝐏𝐋𝐀𝐍𝐓𝐀 𝐀𝐋𝐓𝐀:
▪️ 4 suites
▪️Oficina/Sala de escritorio 
▪️Sala de estar con salida a balcón 
▪️Baño de visitas 

🟧 𝐏𝐋𝐀𝐍𝐓𝐀 𝐁𝐀𝐉𝐀:
▪️Living
▪️Comedor
▪️Área de televisión con chimenea a gas
▪️Oficina amplia 
▪️Cocina estilo americano con isla central y espacio para comedor de diario 
▪️Baño de visitas
▪️1 Máster suite 
▪️Depósito 

🟧 Á𝐑𝐄𝐀𝐒 𝐒𝐎𝐂𝐈𝐀𝐋𝐄𝐒
▪️Piscina atemperada 
▪️Hidromasaje 
▪️Sauna vapor y seco
▪️Baños exteriores
▪️Churrasquero rústico
▪️Horno de barro
▪️Churrasquero de uso múltiple (Con cocina independiente, amplio bar y espacio para Karaoke)
▪️Cochera cubierta (4 movilidades) y espacio al aire libre para 10 movilidades
▪️Casa independiente para personal de servicio 

🟧 𝐒𝐄𝐌𝐈 𝐒Ó𝐓𝐀𝐍𝐎
▪️Sala de cine 
▪️Cava de vinos 
▪️Depósito
▪️Bar
▪️Área de esparcimiento (billar, ping pong, etc.)

🟧 𝐎𝐓𝐑𝐎𝐒:
▪️Fuente externa 
▪️Riego por aspersión 
▪️Portón vehicular automatizado 
▪️Tanque de agua de más de 20.000 Ltrs. 
▪️Riego por aspersión 
▪️Tanque de GN para todos los equipos (la casa cuenta con 3 calefones de gas) 

💰 𝐏𝐫𝐞𝐜𝐢𝐨 𝐝𝐞 𝐀𝐧𝐭𝐢𝐜𝐫é𝐭𝐢𝐜𝐨: Bs. 2.000.000.-
💰COMISIÓN INMOBILIARIA: 2% 

💰 Posibilidad de venta
𝐏𝐫𝐞𝐜𝐢𝐨 𝐝𝐞 𝐕𝐞𝐧𝐭𝐚: $us. 1.650.000.-
Tipo de cambio oficial 6,96

☑️ Contáctame y agenda una visita a tu futuro hogar!","https://drive.google.com/file/d/15lykgxb7FwbDy1TnHOhm17mp7jZJ2I8j/view?usp=drive_link, https://drive.google.com/file/d/1CXGguHV5io83kad_IZOIXnD7347pisnF/view?usp=drive_link, https://drive.google.com/file/d/1ChH2R2CxAOq-0spD219BtOG_9hRi82ZY/view?usp=drive_link, https://drive.google.com/file/d/1ZCyB_yz8WS8sugXtFLTaGbTsZaTggoPC/view?usp=drive_link, https://drive.google.com/file/d/19V0N_nBqFzqZeEwk280T6F4WipmWFdcS/view?usp=drive_link, https://drive.google.com/file/d/1AsqvhxQHiU6qU5cSYL3XxNT3ZqNp-yMa/view?usp=drive_link, https://drive.google.com/file/d/1WMske6g0ojY8t07lBsYQmZi-2Z6WFXs6/view?usp=drive_link, https://drive.google.com/file/d/163mVk9kqkU2P30evNA0Np_m2RUNyEvvJ/view?usp=drive_link, "
AL58,LISTA 1,Lunes,Gabriel Cañipa,Parque Fidel Anze,Tupuraya,Departamento,"25,000 Bs.","💎𝗔𝗠𝗣𝗟𝗜𝗢 𝗬 𝗟𝗨𝗝𝗢𝗦𝗢 𝗣𝗘𝗡𝗧𝗛𝗢𝗨𝗦𝗘 DUPLEX 𝗔𝗠𝗢𝗕𝗟𝗔𝗗𝗢 𝗘𝗡 𝗔𝗟𝗤𝗨𝗜𝗟𝗘𝗥 - 𝗣𝗔𝗥𝗤𝗨𝗘 𝗙𝗜𝗗𝗘𝗟 𝗔𝗡𝗭𝗘 🌳

🏗️ Constructora: Araucaria 
📐Superficie Total: 268 m2
▪️Pisos: 7 & 8 

📢 TOTALMENTE AMOBLADO CON MUEBLES DE LUJO 
•	1 Suite principal con Walking Closet & Baño Privado
•	2 Dormitorios
•	1 Baño compartido

Información detallada y visitas al: 📲

✅ Planta Alta privada con churrasquero:

✅ Áreas Comunes de primera

Incluye: 1 Garaje y 1 Baulera

💰𝐏𝐫𝐞𝐜𝐢𝐨 𝐝𝐞 𝐀𝐥𝐪𝐮𝐢𝐥𝐞𝐫:Bs. 25.000.- (Facturado)
Incluye expensas y consumo de agua.

#AL58 #Penthouse #Duplex #Garzonier #Monoambiente #Inversion #90 #Inmobiliaria #Lote #Viral #Oficina #Asesores #Bienes #Compra #Raices #Comercial #Norte #Ambiente #Bolivia #Inmobiliarios #Terreno #Venta #Departamento #Cochabamba #ViralBolivia #Anticretico #Local #Noventa #Alquiler #Casa #Zona #FidelAnze",,,"💎𝗔𝗠𝗣𝗟𝗜𝗢 𝗬 𝗟𝗨𝗝𝗢𝗦𝗢 𝗣𝗘𝗡𝗧𝗛𝗢𝗨𝗦𝗘 𝗔𝗠𝗢𝗕𝗟𝗔𝗗𝗢 𝗘𝗡 𝗔𝗟𝗤𝗨𝗜𝗟𝗘𝗥 - 𝗣𝗔𝗥𝗤𝗨𝗘 𝗙𝗜𝗗𝗘𝗟 𝗔𝗡𝗭𝗘 🌳

🏗️ Constructora: Araucaria 
📐Superficie Total: 268 m2
▪️Pisos: 7 & 8 

✅ Planta Baja:
•	Living Comedor
•	Cocina
•	Ambiente adaptado para Escritorio
•	1 Suite principal con Walking Closet & Baño Privado
•	2 Dormitorios
•	1 Baño compartido
•	Balcón cerrado
•	Calefacción digitalmente operada en cada ambiente 

✅ Planta Alta:
•	Churrasquero equipado con mesas & sombrilla
•	Amplio Living Comedor
•	Baño de Visitas
•	Área de lavandería (Incluye Lavadora y Secadora)

✅ Áreas Comunes:
•	Piscina atemperada
•	Sauna seco y vapor
•	2 Churrasqueros
•	1 Garaje
•	1 Baulera
•	Pozo Propio 
•	Agua Ionizada
♦️ Seguridad 24 horas 

📢 TOTALMENTE AMOBLADO CON MUEBLES DE LUJO 

💰𝐏𝐫𝐞𝐜𝐢𝐨 𝐝𝐞 𝐀𝐥𝐪𝐮𝐢𝐥𝐞𝐫:Bs. 25.000.- (Facturado)
Incluye expensas y consumo de agua.

💰COMISIÓN INMOBILIARIA 50% (12.500 Bs.) 
","https://drive.google.com/file/d/14AkgU5p26vTVqFaDYA18HE3PY7XYk-AB/view?usp=drive_link, https://drive.google.com/file/d/17NeCuwwxstMDvYZeNmrDlk3Z2rQ7CSXo/view?usp=drive_link, https://drive.google.com/file/d/1w0SulO1wS_RJEHlNDf7A61GWoLu2s4bG/view?usp=drive_link, https://drive.google.com/file/d/1svNjfoUnqMBUSRMbnhraphdJFA__3twN/view?usp=drive_link, https://drive.google.com/file/d/1pC1yvej1AWqYQt52HrpsVdykL0RzqoVD/view?usp=drive_link, https://drive.google.com/file/d/192Lmar8mI9sYcu9lmxxo9uioJJEz-jsj/view?usp=drive_link, https://drive.google.com/file/d/1rwRb1xh8_CScgz_CbB_7P3_WYTnvHxkE/view?usp=drive_link, https://drive.google.com/file/d/1nkg-Mx-ISxzOmG3AFk_emLT8C2FGbN2L/view?usp=drive_link, "
AL59,LISTA 2,Martes,Gonzalo Fuentes,C. Zenón Salinas ,Tupuraya,Departamento,"2,300 Bs.","=======================================
ALQUILER DEPARTAMENTO 2 DORMITORIOS
🔻Zona: Tupuraya, C. Zenón Salinas
📐Superficie: 60 m2
💵Precio: 2300
================================
Información: 📲 
🛏️2 Dormitorios
🍳Cocina Abierta
🚽1 Baño
Living Comedor

#AL59 #alquilerdepartamento #alquiler #departamento2dormitorios #tupuraya #cochabamba #Bolivia #Cochabamba
",,,"=======================================
ALQUILER DEPARTAMENTO 2 DORMITORIOS
🔻Zona: Tupuraya, C. Zenón Salinas
📐Superficie: 60m2
💵Precio: 2300Bs.
=======================================
🛏️ 2 dormitorios, Living Comedor,
🎛️Cocina Abierta
🚽Baño 
🧽 Área de lavado

✅INCLUYE: Expensas 
✨ÁREAS COMUNES
🥩 Parrillero
🕋 Salón de copropietarios.

Mes adelantado 2300Bs.
Garantía 2300Bs.
Comisión inmobiliaria 1150Bs.

¡AGENDE SU VISITA!
","https://drive.google.com/file/d/11bfsWcoECO7W7QKxx5zM3slQ30ij6SNq/view?usp=drive_link, https://drive.google.com/file/d/1tGthEWVW4PdL4iMcz6srsu6wBSJ5W-cy/view?usp=drive_link, https://drive.google.com/file/d/1uxiiGZ7W6WdHWEpoTIBM8dLoup-rU2fJ/view?usp=drive_link, https://drive.google.com/file/d/1-BubALsusuCSfJCJygdMXiRUXpIoKYHz/view?usp=drive_link, https://drive.google.com/file/d/18yWvbt0eMSfxS14CPFPQPm6D1GJfQ7hi/view?usp=drive_link, https://drive.google.com/file/d/1b9aSd3B54WIrW-S6yZzaciozv9yO0dsg/view?usp=drive_link, "
AN13,LISTA 3,Miercoles,Juan Pablo Villán,C. Marta Qhapajj casi Av. Circunvalacion ,Colquiri Norte,Departamento,"135,000 Bs.","ANTICRETICO DEPARTAMENTO 2 DORMITORIOS
🔻Zona: Colquiri Norte, Av. Circunvalacion
📐Superficie: 60 m2
💵Precio: Bs. 135,000
================================
Información: 📲 :
🛏️ 2 Dormitorios
🍳  Cocina tipo Americana 
🚽 1 Baño
Balcón pequeño
Gas Domiciliario
Pequeña sala que integra a la cocina
1er piso

#AN13 #anticretico #departamento #2dormitorios #colquiri #Bolivia #Cochabamba",,,"ANTICRETICO DEPARTAMENTO 2 DORMITORIOS

🔻Zona: Colquiri Norte, Av. Circunvalacion

📐Superficie: 60 m2
Precio: 135.000Bs.
🛏️ 2 Dormitorios
🍳  Cocina tipo Americana 
🚽 1 Baño

Balcón pequeño
Medidores independientes 
Pequeña sala que integra a la cocina
1er piso
🐕 Se acepta mascotas 

💰comisión inmobiliaria 2%

Agende su visita❗","https://drive.google.com/file/d/1TxPRv9rw-Mdk6w-H2DYyVLVyls7pN8Jy/view?usp=drive_link, https://drive.google.com/file/d/10914Lyhp_pFmeYWSr49cOOAvIOp1kvFJ/view?usp=drive_link, https://drive.google.com/file/d/1RGx-9M3Qqugp5zFJJQBBm9uqwIM6zkdT/view?usp=drive_link, https://drive.google.com/file/d/13DBWcCEr90Pkf-B3I1hBngeoDS4tnyHY/view?usp=drive_link, https://drive.google.com/file/d/1mbXjs1CDDPHjr3-2bOPgSotsM9rXhy99/view?usp=drive_link, "
VN47,LISTA 1,Jueves,Jazmín Heresi,Avenida René Moreno entre parque excombatientes y 15 de agosto ,Hipodromo,Departamento,"120,000 $us.","🏡Departamento en Venta 3 Dormitorios.

🛻 garaje subterráneo incluido

📍 Inmediaciones Parque Excombatientes 
📐 Superficie: 97.59 m² c
💰Precio: $ 120.000 tipo de cambio bs 6.96

🧺 Área de lavado
🌡️ Calefón 

📲 Más información 

#VN47 #venta #Departamento #3Dormitorios","🔥 ¡No todos los días aparece un departamento con esta ubicación, tamaño y precio!
🏡 3 dormitorios | Garaje subterráneo incluido

📍 Inmediaciones Parque Excombatientes 📐 97.59 m² 💰 $us 120.000 💸 Tipo de cambio: 6.96 Bs.

✅ Área de lavado ✅ Calefón

📲 Envíame un mensaje y descubre por qué esta puede ser la mejor compra para ti.

#VN47 #parqueo #familia #compra #Noventa #3Dormitorios",,"🏡Departamento en Venta 3 Dormitorios.

📍 Inmediaciones Parque Excombatientes 
📐 Superficie: 97.59 m² c
💰Precio: $ 120.000 tipo de cambio bs 6.96

🛏️ Características del Departamento:
📍 1 Suite con baño privado
📍 2 Dormitorios con roperos empotrados
🛋️ Sala - comedor con excelente iluminación y una hermosa 
✔️ Baño compartido
🍽️ Cocina cerrada con cajonería alta y baja
🧺 Área de lavado
🌡️ Calefón 
🐕 Se acepta mascota pequeña/mediana
🛻 garaje subterráne incluidos
🗃️ Expensas 290Bs.
🛡️ Seguridad:
🎦Cámaras de vigilancia en todo el edificio
✨ El departamento incluye ( box, cortinas y estractor)
👮‍♀️Control de acceso y portería
🌇Zona residencial con todo cerca: transporte, colegios, supermercados, restaurantes y más.

🌟 Áreas Comunes del Edificio:
🌸 Jardín mirador en el último piso
🌇 Terraza panorámica
🍖 Parrilleros
🎉 Salón de eventos
🛝Parque infantil
💡 Servicios con medidor independiente: luz, gas y agua 

Agenda tu visita ❗","https://drive.google.com/file/d/1PY2Vx6a8oecRNl5JXBeW02WA-fd4S-lN/view?usp=drive_link, https://drive.google.com/file/d/1oiqy5J3Lo6Ykk2qu9ZonowXRQ5HKIdQC/view?usp=drive_link, https://drive.google.com/file/d/1qDY1kWpkUH3CnMtM8myoy34Fi7CGQYd4/view?usp=drive_link, https://drive.google.com/file/d/1CjMwUVokUKPhbxKR85ETP0xsWoXXxIwc/view?usp=drive_link, https://drive.google.com/file/d/1jWdN408r0mUaiSWLXtwsp7QE0CeXcwy0/view?usp=drive_link, https://drive.google.com/file/d/1_IH-haecHG-jzAPgPHVsWaObT9xXMg8E/view?usp=drive_link, "
VN48,LISTA 2,Viernes,Jazmín Heresi,Cuatro esquinas ,Sirpita,Lote,"685,000 $us.","LOTES DE TERRENO EN VENTA

📍 Sirpita (inmediaciones 4 esquinas)
Tiquipaya 

✨La mejor inversión para el futuro

💵 precio 285$us/m2 
📐2403.67m²
💧 Servicios básicos 

📲 Información

#VN48 #Terrenoenventa #Colcapirua ","📈 La tierra es una de las inversiones más seguras. ¡Haz crecer tu patrimonio!

🌿 Terreno en venta 📍 Sirpita – Tiquipaya 📐 2.403,67 m² 💵 $us 285/m² 💧 Servicios básicos 

📲 Escríbeme y agenda una visita. Las mejores oportunidades no permanecen disponibles por mucho tiempo.

#VN48 #terreno #construccion #casas #Noventa #lotes","🏡 ¡Invierte hoy donde mañana todos querrán estar! 🌿

📍 Sirpita – Tiquipaya (inmediaciones de 4 Esquinas) 📐 2.403,67 m² 💰 Solo $us 285/m² 💧 Servicios básicos disponibles.
✨ Ideal para proyecto, vivienda o una inversión con gran potencial de valorización.

📲 Escríbeme ahora y asegura esta oportunidad antes de que alguien más la aproveche.","LOTES DE TERRENO EN VENTA 

📍 Zona Sirpita (inmediaciones 4 esquinas)
(Zona de proyección y desarrollo) 
🌳Tiquipaya 

📐Superficie 2403.67m2 
💵Precio 285$us/m2
Cerca a la otb y cancha funcional de la zona
✅ Servicios básicos

Agenda tu visita ❗ ❗ 
","https://drive.google.com/file/d/1RgXd8boiUiXGYdzCODoq-BrIF0_NeLxw/view?usp=drive_link, , "
VN49,LISTA 3,Sabado,Jazmín Heresi,Cuatro esquinas ,Sirpita,Lote,"138,170 $us.","LOTES DE TERRENO EN VENTA

📍 Sirpita (inmediaciones 4 esquinas)
Tiquipaya 

✨La mejor inversión para el futuro

💵 precio 285$us/m2 
📐484.81m²

💧Servicios básicos

📲 Información 

#VN49 #Terreno #Venta #Colcapirua #Quillacollo ","
🌿 Terreno en venta en una zona de gran crecimiento
🔥 ¡Construye donde otros solo sueñan 
con hacerlo!
📍 Sirpita – Inmediaciones 4 Esquinas, Tiquipaya 📐 484.81 m² 💵 $us 285/m²
✅ Servicios básicos 

📲 Envíame un mensaje y conoce todos los detalles. ¡Esta oportunidad puede ser tuya!

#VN49 #lotes #urbanizacion #Noventa #inversion #compra",,"LOTES DE TERRENO EN VENTA 

📍 Zona Sirpita (inmediaciones 4 esquinas)
(Zona de proyección y desarrollo) 
🌳Tiquipaya 
📐Superficie 484.81m2 
💵Precio 285$us/m2
Cerca a la otb y cancha funcional de la zona 

✅ Servicios básicos

Agenda tu visita ❗ ❗ 
","https://drive.google.com/file/d/1LYr_FYIJ9tFLXNBszMfjTMpHLyh1rGQF/view?usp=drive_link, , "
AL60,LISTA 1,Domingo,Gabriel Cañipa,C. Antonio Quijarro y Parque Fidel Anze,Tupuraya,Casa,"12,000 Bs.","🌿 𝐇𝐄𝐑𝐌𝐎𝐒𝐀 𝐂𝐀𝐒𝐀 𝐄𝐍 𝐀𝐋𝐐𝐔𝐈𝐋𝐄𝐑 – 𝐈𝐍𝐌𝐄𝐃𝐈𝐂𝐀𝐂𝐈𝐎𝐍𝐄𝐒 𝐏𝐀𝐑𝐐𝐔𝐄 𝐅𝐈𝐃𝐄𝐋 𝐀𝐍𝐙𝐄 🏡

📍 𝐔𝐛𝐢𝐜𝐚𝐜𝐢ó𝐧: Antonio Quijarro casi parque Fidel Anze 
📐𝐒𝐮𝐩𝐞𝐫𝐟𝐢𝐜𝐢𝐞 𝐝𝐞 𝐓𝐞𝐫𝐫𝐞𝐧𝐨: 432 m2
📐𝐒𝐮𝐩𝐞𝐫𝐟𝐢𝐜𝐢𝐞 𝐂𝐨𝐧𝐬𝐭𝐫𝐮𝐢𝐝𝐚: 250 m2

💰 𝐏𝐫𝐞𝐜𝐢𝐨 𝐝𝐞 𝐀𝐥𝐪𝐮𝐢𝐥𝐞𝐫: Bs. 12.000.-

¡Agenda tu visita hoy mismo!📲 Contactame:

✨ 𝐂𝐀𝐑𝐀𝐂𝐓𝐄𝐑Í𝐒𝐓𝐈𝐂𝐀𝐒:
🍽 Cocina cerrada
🛋 Estar familiar y sala de TV
📚 Escritorio
🚽 Baño de visitas
🛌 1 suite amplia con baño privado
🛏 2 dormitorios
🚽 Baño compartido 
🛏 Cuarto y baño de servicio

🚗 Parqueo para 2 movilidades con portón eléctrico

#Comercial #Garzonier #Monoambiente #Inversion #90 #Inmobiliaria #Lote #Viral #Oficina #Asesores #Bienes #Compra #Raices #Comercial #Norte #Ambiente #Bolivia #Inmobiliarios #Terreno #Venta #Departamento #Cochabamba #ViralBolivia #Anticretico #Local #Noventa #Alquiler #Casa #Zona #FidelAnze",,,"🌿 𝐇𝐄𝐑𝐌𝐎𝐒𝐀 𝐂𝐀𝐒𝐀 𝐄𝐍 𝐀𝐋𝐐𝐔𝐈𝐋𝐄𝐑 – 𝐈𝐍𝐌𝐄𝐃𝐈𝐂𝐀𝐂𝐈𝐎𝐍𝐄𝐒 𝐏𝐀𝐑𝐐𝐔𝐄 𝐅𝐈𝐃𝐄𝐋 𝐀𝐍𝐙𝐄 🏡

📍 𝐔𝐛𝐢𝐜𝐚𝐜𝐢ó𝐧: Antonio Quijarro casi parque Fidel Anze 
📐𝐒𝐮𝐩𝐞𝐫𝐟𝐢𝐜𝐢𝐞 𝐝𝐞 𝐓𝐞𝐫𝐫𝐞𝐧𝐨: 432 m2
📐𝐒𝐮𝐩𝐞𝐫𝐟𝐢𝐜𝐢𝐞 𝐂𝐨𝐧𝐬𝐭𝐫𝐮𝐢𝐝𝐚: 250 m2

✨ 𝐂𝐀𝐑𝐀𝐂𝐓𝐄𝐑Í𝐒𝐓𝐈𝐂𝐀𝐒:
🍽 Cocina cerrada
🥗 Amplio comedor de diario
🛋 Living comedor con chimenea
🛋 Estar familiar y sala de TV
📚 Escritorio
🚽 Baño de visitas
🛌 1 suite amplia con baño privado
🛏 2 dormitorios
🚽 Baño compartido 
🚪 1 altillo
🧺 Área de lavado
🛏 Cuarto y baño de servicio

✨ 𝐄𝐗𝐓𝐄𝐑𝐈𝐎𝐑:
🥩 Área de churrasquero con terraza hacia el jardín trasero
🌳 Jardín 
🚗 Parqueo para 2 movilidades con portón eléctrico

💰 𝐏𝐫𝐞𝐜𝐢𝐨 𝐝𝐞 𝐀𝐥𝐪𝐮𝐢𝐥𝐞𝐫: Bs. 12.000.-

💬 𝐔𝐧𝐚 𝐨𝐩𝐨𝐫𝐭𝐮𝐧𝐢𝐝𝐚𝐝 ú𝐧𝐢𝐜𝐚 𝐞𝐧 𝐮𝐧 𝐞𝐧𝐭𝐨𝐫𝐧𝐨 𝐩𝐫𝐢𝐯𝐢𝐥𝐞𝐠𝐢𝐚𝐝𝐨.

¡Agenda tu visita hoy mismo!","https://drive.google.com/file/d/1I_LPlyMSIO3CPgsqomo85kyEWL2QpKdv/view?usp=drive_link, https://drive.google.com/file/d/1xGZ1t9VvnGCK9ULBjzbA-TCHVAOM0R3p/view?usp=drive_link, https://drive.google.com/file/d/12LudHiPnqXm-Ym60SUhUqDJqq4x2oSr9/view?usp=drive_link, https://drive.google.com/file/d/1rPJvNMnaO9y5HcYfGUcw6SPMbNPnlh_Q/view?usp=drive_link, https://drive.google.com/file/d/1HcWo2ymHo_HALl2JAK7s97ekM5hLc8OM/view?usp=drive_link, https://drive.google.com/file/d/1kZ93obQDbceYF272CDF8nERtWzSN9yI_/view?usp=drive_link, https://drive.google.com/file/d/1FZSVs_yinyNDY1WRNGDmPPEq-vkGTIJ1/view?usp=drive_link, "
VN50,LISTA 2,Lunes,Jazmín Heresi,Eudoro Galindo y parque Fidel anze ,Queru Queru,Departamento,"215,000 $us.","DEPARTAMENTO EN VENTA 

📍 Ubicación:
A PASOS DEL PARQUE FIDEL ANZE 🌳🌳🌳🌳

💰 PRECIO $us. 215.000
       Pago solo en Dólares o alguna parte en Bs. ó Tcp
📐 158,96 m2 Superficie 
☀️ Orientación Oeste
🌄 Balcón con parrilleros propio
Extractor de grasas, despensa con muebles

𝗜𝗻𝗰𝗹𝘂𝘆𝗲:
🚘 2 Garajes
🛄 1 Baulera 
 
Más información 📲

#VN50 #venta #departamento #fidelanze ","🏡 Departamento en venta de alta categoría

🚨 ¡Las propiedades cerca del Parque Fidel Anze son de las más cotizadas! No dejes pasar esta oportunidad. 🌳
📍 A pasos del Parque Fidel Anze 📐 158.96 m² 💰 $us 215.000 💵 Pago en dólares o parte en bolivianos/TCP
☀️ Orientación Oeste
 🌄 Balcón con parrillero privado 🍽️ Extractor de grasas y despensa con muebles
🎁 Incluye: 🚘 2 garajes 🛄 1 baulera

📲 Agenda tu visita hoy y descubre por qué este puede ser el hogar que estabas buscando.

#VN50 #3Dormitorios #lujo #parqueos #Noventa ",,"DEPARTAMENTO EN VENTA A PASOS DEL PARQUE FIDEL ANZE 🌳🌳🌳🌳
📍 Ubicación: Eudoro Galindo y Parque FIDEL Anze

💰 PRECIO $us. 215.000
       Pago solo en Dólares 
📐 158,96 m2 Superficie 
☀️ Orientación Oeste
DEPENDENCIAS:
⁠🛌 1 Suite con vestidor y baño PRIVADO con box de Vidrio 
⁠⁠🛌 2 Dormitorios con roperos empotrados uno con balcón 
 🚽 Baño familiar completo con ducha con box de vidrio 
📺 Espacio para sala de estar amplia 
🚽 1 Baño de visitas 
⁠🛗 Recibidor 
🛋 Amplio living /comedor con ventanales con salida al balcon
🌄 Balcón con parrilleros propio
🍽 Cocina amplia con cajoneria alta y baja c/ extractor de grasas, despensa con muebles
🧊 Área de lavado 

𝗜𝗻𝗰𝗹𝘂𝘆𝗲:
🚘 2 Garajes
🛄 1 Baulera 

✨Á𝗿𝗲𝗮𝘀 𝗦𝗼𝗰𝗶𝗮𝗹𝗲𝘀:
⁠🏢 Salón de copropietarios 
🫕 Parrillero
🛝 Parque infantil 
🏜️ Salón de amenidades 
🏋️ Gimnasio 
⁠🔒 Área de recepción y   seguridad
⁠🛗 Dos ascensores
☑️Documentación en orden 
✅ Cuenta con avalúo 

Agenda tu visita ❗","https://drive.google.com/file/d/1m3kGoIi6MnXCmuTla6cGUP7rEGAVTNr2/view?usp=drive_link, https://drive.google.com/file/d/12JJhz2JBRJD0Yb1Xn7t68bWLF2q3ld88/view?usp=drive_link, https://drive.google.com/file/d/1tacrGyhhL3wlwM4Pq0efD3AePHUqTNF0/view?usp=drive_link, https://drive.google.com/file/d/16i-9uxo_-ApTmd0yF0E7pJusa6J2ss2t/view?usp=drive_link, https://drive.google.com/file/d/1uVAnRLEPiQ9XdKuyeeigK_NKuEuviZiD/view?usp=drive_link, https://drive.google.com/file/d/1KH-H2k4PHMxn2BQSi9gJ3o_1pPtX0aGw/view?usp=drive_link, https://drive.google.com/file/d/1-WsGTgNmjJ4vVPf3qwSPcyQogL_6vkC1/view?usp=drive_link, "
VN51,LISTA 3,Martes,Jazmín Heresi,Libertador Bolívar y América ,Cala Cala,Local Comercial,"610,000 $us.","𝐋𝐎𝐂𝐀𝐋 𝐂𝐎𝐌𝐄𝐑𝐂𝐈𝐀𝐋 𝐄𝐍 VENTA

💠 𝐀𝐌𝐏𝐋𝐈𝐎 𝐘 𝐕𝐈𝐒𝐓𝐎𝐒𝐎  – 💙 EN COCHABAMBA 𝐙𝐎𝐍𝐀 𝐍𝐎𝐑𝐓𝐄 💠

📌 Ubicación: Avenida Libertador Bolívar 
📐 Superficie: 660,58 m²

🔵 Más información 📲

💠 Ubicación estratégica en zona de alto tránsito y visibilidad.

💰 𝐏𝐫𝐞𝐜𝐢𝐨 : $us. 610.000- 

💥 Servicios Agua y Luz independiente

#VN51 #Oficina #Bolivia #Cochabamba #Local ","
💠 Amplio y moderno local comercial en venta 💠

🚨 ¡Las mejores oportunidades de negocio comienzan con una ubicación estratégica!

📍 Avenida Libertador Bolívar – Zona Norte 📐 660,58 m²
💰 $us 610.000
✨ Ubicación de alto tránsito y excelente visibilidad 💧 Agua y luz independientes

📲 Escríbeme hoy y descubre el potencial de esta propiedad para tu empresa o inversión.

#VN51 #comercial #negocios #Noventa #alquileres "," ✨Amplio local comercial en venta ✨

🚨 ¡Las oportunidades de negocios comienzan con una ubicación estratégica!

📍 Avenida Libertador Bolívar – Zona Cala Cala 
📐 660,58 m²
💰 $us 610.000
✨ Ubicación de alto tránsito y excelente visibilidad 💧 Agua y luz independientes

📲 Escríbeme hoy y descubre el potencial de esta propiedad para tu empresa o inversión.

#VN51 #comercial #negocios #Noventa #alquileres ","💙 EN COCHABAMBA
💠 𝐀𝐌𝐏𝐋𝐈𝐎 𝐘 𝐕𝐈𝐒𝐓𝐎𝐒𝐎 𝐋𝐎𝐂𝐀𝐋 𝐂𝐎𝐌𝐄𝐑𝐂𝐈𝐀𝐋 𝐄𝐍 VENTA y/o 𝐀𝐋𝐐𝐔𝐈𝐋𝐄𝐑 – 𝐙𝐎𝐍𝐀 𝐍𝐎𝐑𝐓𝐄 💠

📌 Ubicación: Avenida Libertador Bolívar 
📐 Superficie:   local 1: 198,50 m²
                         local 2: 153,14 m²
                         local 3: 233,92 m²   
              Patio Privado: 75,02 m²
 SUPERFICIE TOTAL 660,58 m²
* Se alquila o vende todo. 

✴️ 𝐂𝐀𝐑𝐀𝐂𝐓𝐄𝐑Í𝐒𝐓𝐈𝐂𝐀𝐒:
➡️ Local 1 con vista amplia a la Avenida, frontis de vidrio lo que hace una excelente exposición, 1 baño.
➡️ Local 2 en Sótano con divisiones de oficinas o ambientes de uso múltiple.
➡️ Patio Privado techado que amplia el Local 2.
➡️ Local 3 en Mezanine ambientes amplios cocineta con un espacio para cafetería, 2 baños para varones y 2 baños para mujeres.
💠 Ubicación estratégica en zona de alto tránsito y visibilidad.
💰 𝐏𝐫𝐞𝐜𝐢𝐨 𝐝𝐞 Venta: $us. 610.000.
💰 𝐏𝐫𝐞𝐜𝐢𝐨 𝐝𝐞 𝐚𝐥𝐪𝐮𝐢𝐥𝐞𝐫: $us. 3.500.-
💥 Servicios Agua y Luz independiente
      Expensas Bs 300.-

🔵 ¡No dejes pasar esta oportunidad para tu Actividad comercial! 𝐂𝐨𝐧𝐭𝐚𝐜𝐭𝐚𝐧𝐨𝐬 𝐲 𝐚𝐠𝐞𝐧𝐝𝐚 𝐮𝐧𝐚 𝐯𝐢𝐬𝐢𝐭𝐚!","https://drive.google.com/file/d/1rftpGBBfRR_Uuatu_WK50DVEndZes8ny/view?usp=drive_link, https://drive.google.com/file/d/1CqdIJZT7jBkNtN9rnYiZkR6oMW50EtWj/view?usp=drive_link, https://drive.google.com/file/d/10vigKweKJL8XLJJApMOARrbwxInW8JW-/view?usp=drive_link, https://drive.google.com/file/d/1SedtLkMG2-HJrFAtw2rDIskt2ss5TX_n/view?usp=drive_link, https://drive.google.com/file/d/1yb4D4Ee-8sWfJujgfv7ogHD3CcJrEtxW/view?usp=drive_link, "
AL61,LISTA 1,Miercoles,Jazmín Heresi,Libertador Bolívar ,Cala Cala,Local Comercial,"3,500 $us.","𝐋𝐎𝐂𝐀𝐋 𝐂𝐎𝐌𝐄𝐑𝐂𝐈𝐀𝐋 𝐄𝐍 𝐀𝐋𝐐𝐔𝐈𝐋𝐄𝐑 

💠 𝐀𝐌𝐏𝐋𝐈𝐎 𝐘 𝐕𝐈𝐒𝐓𝐎𝐒𝐎 – 𝐙𝐎𝐍𝐀 𝐍𝐎𝐑𝐓𝐄 💠

📌 Ubicación: Avenida Libertador Bolívar 
📐 Superficie: 660,58 m²
* Se alquila toda la planta son 3 locales.
💰 𝐏𝐫𝐞𝐜𝐢𝐨 𝐝𝐞 𝐚𝐥𝐪𝐮𝐢𝐥𝐞𝐫: $us. 3.500
💥 Servicios Agua y Luz independiente
      Expensas Bs 300.-

𝐂𝐨𝐧𝐭𝐚𝐜𝐭𝐚𝐧𝐨𝐬 𝐲 𝐚𝐠𝐞𝐧𝐝𝐚 𝐮𝐧𝐚 𝐯𝐢𝐬𝐢𝐭𝐚 📲

💠 Ubicación estratégica en zona de alto tránsito y visibilidad.

#AL61 #local #Alquiler #Norte","💠 Local comercial en alquiler – Zona Norte
🚨 ¡La ubicación de tu negocio puede marcar la diferencia! Instálate en una zona de alto impacto comercial. 📈

📍 Av. Libertador Bolívar 📐 660.58 m² ✨ Se alquila toda la planta (3 locales)
💰 $us 3.500 
💧 Agua y luz independientes 💵 Expensas: Bs. 300
📍 Excelente visibilidad y alto flujo vehicular y peatonal, ideal para empresas, franquicias, clínicas, gimnasios o comercios.

📲 Escríbeme hoy y agenda tu visita. 

¡Las mejores ubicaciones se ocupan primero!

#AL61 #alquiler #comercial #negocios #Noventa"," Local comercial en alquiler Cala Cala 

Instálate en una zona de alto impacto comercial. 📈

📍 Cala cala 
📐 660.58 m² ✨ Se alquila toda la planta (3 locales)
💰 $us 3.500 
💧 Agua y luz independientes 
💵 Expensas a parte
 alto flujo vehicular y peatonal, 

ideal para empresas, franquicias, clínicas, gimnasios o comercios.

📲 Escríbeme hoy y agenda tu visita

Vista a la calle! 

#AL61 #alquiler #comercial #negocios #Noventa","💙 EN COCHABAMBA
💠 𝐀𝐌𝐏𝐋𝐈𝐎 𝐘 𝐕𝐈𝐒𝐓𝐎𝐒𝐎 𝐋𝐎𝐂𝐀𝐋 𝐂𝐎𝐌𝐄𝐑𝐂𝐈𝐀𝐋 𝐄𝐍 𝐀𝐋𝐐𝐔𝐈𝐋𝐄𝐑 – 𝐙𝐎𝐍𝐀 𝐍𝐎𝐑𝐓𝐄 💠
📌 Ubicación: Avenida Libertador Bolívar 
📐 Superficie:   local 1: 198,50 m²
                         local 2: 153,14 m²
                         local 3: 233,92 m²   
              Patio Privado: 75,02 m²
 SUPERFICIE TOTAL 660,58 m²
* Se alquila o vende todo. 

✴️ 𝐂𝐀𝐑𝐀𝐂𝐓𝐄𝐑Í𝐒𝐓𝐈𝐂𝐀𝐒:
➡️ Local 1 con vista amplia a la Avenida, frontis de vidrio lo que hace una excelente exposición, 1 baño.
➡️ Local 2 en Sótano con divisiones de oficinas o ambientes de uso múltiple.
➡️ Patio Privado techado que amplia el Local 2.
➡️ Local 3 en Mezanine ambientes amplios cocineta con un espacio para cafetería, 2 baños para varones y 2 baños para mujeres.
💠 Ubicación estratégica en zona de alto tránsito y visibilidad.
💰 𝐏𝐫𝐞𝐜𝐢𝐨 𝐝𝐞 𝐚𝐥𝐪𝐮𝐢𝐥𝐞𝐫: $us. 3.500.- 
💥 Servicios Agua y Luz independiente
      Expensas Bs 300.-

🔵 ¡No dejes pasar esta oportunidad para tu Actividad comercial! 𝐂𝐨𝐧𝐭𝐚𝐜𝐭𝐚𝐧𝐨𝐬 𝐲 𝐚𝐠𝐞𝐧𝐝𝐚 𝐮𝐧𝐚 𝐯𝐢𝐬𝐢𝐭𝐚!","https://drive.google.com/file/d/1RZaikz8uhlP_kA02W6GRC8hFwFH_H4l6/view?usp=drive_link, https://drive.google.com/file/d/1FGL6w6WpYZimeWQrmFV8xqJPMs-LiKr2/view?usp=drive_link, https://drive.google.com/file/d/12q6xTzYOpGoPFAstN2UCyhs1pGZth9qF/view?usp=drive_link, https://drive.google.com/file/d/1_l4cbYhdU6sHgqrVMJBtk5g1TSseomO2/view?usp=drive_link, https://drive.google.com/file/d/10hU_EPrpzJf_uXkdaaynNPz-V55Sipm1/view?usp=drive_link, "
VN52,LISTA 2,Jueves,Cecilia Ardaya,Av Uyuni Nr 777 Edif Sky Recoleta,Recoleta,Departamento,"214,654 $us.","𝙀𝙓𝘾𝙇𝙐𝙎𝙄𝙑𝙊 𝘿𝙀𝙋𝘼𝙍𝙏𝘼𝙈𝙀𝙉𝙏𝙊 𝘿𝙀 3 𝘿𝙊𝙍𝙈𝙄𝙏𝙊𝙍𝙄𝙊𝙎 𝙀𝙉 𝙕𝙊𝙉𝘼 𝙉𝙊𝙍𝙏𝙀 

✨ ¡Tu nuevo hogar te espera! 

Departamento de 217 m², con diseño moderno, amplios ambientes y la comodidad que tu familia merece.

🛏️3 dormitorios 
🚽 3 Baños
🛋️ Living – comedor con terraza
🍲 Cocina equipada 

Areas comunes :

Salón de copropietarios
Churrasquero

💵Precio:204. 654$us
💵Parqueo: 10.000$us


💡 Ideal para quienes buscan confort, amplitud y ubicación estratégica.

📲 Contactános:

#VN52 #ExclusivoParaTi #3dormitorios #zonanorte #CalaCala#Recoleta#Uyuni #comodida#Cochabamba #Bolivia #potosí #comodidad #Oruro#Lapaz#departamentoenventa",,,"𝙀𝙓𝘾𝙇𝙐𝙎𝙄𝙑𝙊 𝘿𝙀𝙋𝘼𝙍𝙏𝘼𝙈𝙀𝙉𝙏𝙊 𝘿𝙀 3 𝘿𝙊𝙍𝙈𝙄𝙏𝙊𝙍𝙄𝙊𝙎 𝙀𝙉 𝙕𝙊𝙉𝘼 𝙉𝙊𝙍𝙏𝙀 🏢

✨ ¡Tu nuevo hogar te espera! 

Departamento de 217 m², con diseño moderno, amplios ambientes y la comodidad que tu familia merece.

🛏️1 dormitorios en suite
🛏️ 2 dormitorios 
🚽 Baño familiar 
🚽baño de visitas
🛋️ Living – comedor con terraza
🍲 Cocina equipada con cajonería alta y baja, cocina y horno
🍲Alacena 
🎽 Área de lavado

Areas comunes :

🕋 Salón de copropietarios
🥩 Churrasquero

💵Precio:204. 654$us
💰Parqueo: 10.000$us


💡 Ideal para quienes buscan confort, amplitud y ubicación estratégica.
No dude en consultar y agendar su visita 🤝","https://drive.google.com/file/d/1u03pHqcZWs_YDHTH0cJ2VRUknK_5d0VE/view?usp=drive_link, https://drive.google.com/file/d/1h4Rv37Ef23YpPmvTJ0B3HVwew-XLzNpG/view?usp=drive_link, https://drive.google.com/file/d/1U0__hNX0fC25zl0j6PMDEVdmn2T5OVRC/view?usp=drive_link, https://drive.google.com/file/d/1gMb4Ec2nrI0z2PBY3MWSkGc821gB_TAz/view?usp=drive_link, https://drive.google.com/file/d/1Y3CDSLiAvujgkkl0SQQscKKQkYl8sQ_X/view?usp=drive_link, https://drive.google.com/file/d/1kULhu6v2V41XajZ4BEai9WhXEex0a_yJ/view?usp=drive_link, "
AL62,LISTA 3,Viernes,Cecilia Ardaya,Av Humbolt y Audiencia de Charkas,Hipodromo,Local Comercial,"7,000 Bs.","🚨 Local comercial en alquiler

📍Av. Humbold
 📌 zona Puente cobija 
 
📐 Cuenta con 382 m² de superficie. 
💰 Precio: 7.000 Bs 
🧱 Piso 1

ideal para oficinas, iglesia, , tiendas, academias, aulas de enseñanza y aprendizaje, showrooms. 

📞📲 Más información y visitas:

#AL62 #Alquiler #LocalComercial  #cochabamba ","🚨 Local en alquiler

🧱 Piso 1

📌 zona Puente cobija 
📍Av. Humboldt
 
📐 Cuenta con 382 m² de superficie. 
💰 Precio: 7.000 Bs 

📞📲 Más información y visitas:

Oficinas, iglesia, , tiendas, academias, aulas de enseñanza y aprendizaje, showrooms. 

#AL62",,"🚨 Local comercial en alquiler 

  zona  comercial con alto flujo vehicular.
📍 Av. Humbold y Tadeo Haenke
📌 Puente cobija 

📐 Cuenta con 382 m² de superficie. 
🧱 Piso 1
Ideal para oficinas, iglesia, , tiendas, academias, aulas de enseñanza y aprendizaje, showrooms. Mucha iluminación 

🚽 2 baños hombre y mujer
🍲 Cocineta
Terraza


💵  7.000 Bs mes alquiler
💵  7.000 Bs mes de garantía 
💵  3.500 Bs comisión 

Agenda tu visita ❗ 
","https://drive.google.com/file/d/1YpI0eLXbrm_y8WdIJy8hqeY1P8FeBSy1/view?usp=drive_link, https://drive.google.com/file/d/15tQGaf92w0_tbEp0w7e2Lcpm_4EEB9mE/view?usp=drive_link, https://drive.google.com/file/d/1xV6HVUOMXPyY9nzs4DF6qIM60y6wlWY1/view?usp=drive_link, https://drive.google.com/file/d/1uhhFCYeynia7ym7dRlHjBarPJJ2jExfX/view?usp=drive_link, https://drive.google.com/file/d/11Rd_ND8JWd87qISrarMojkM2bSEHeSiW/view?usp=drive_link, https://drive.google.com/file/d/15auH61A0i5o4wz4twXUrJSBA0tY4IaSm/view?usp=drive_link, https://drive.google.com/file/d/11ZYqkx5gJfHYQeGqx0paV0d8haOJLSaK/view?usp=drive_link, "
AN14,LISTA 1,Sabado,Cecilia Ardaya,Jose Aguirre Acha nro 1422 entre Obispo Anaya y Teofilo Vargas,Cala Cala,Departamento,"380,000 Bs.","🚨 DEPARTAMENTO DE LUJO EN ANTICRETICO – ¡Con excelente vista e iluminación 🏢 

📍 Ubicado en inmediaciones Estadio Félix Capriles

✨ Características del departamento:
 🛏️ 3 Dormitorios
🛋️ Living – Comedor 
🍲 Cocina americana 
🚽 Baños
🎽 Área de lavado

🌟 Áreas comunes del condominio: 
▪️ Parrillero
▪️ Jaulas

💰 Precio: 380.000 Bs
Comisión inmobiliaria 3%

📱 Más información :

#AN14 #anticretico #zonanorte #parque #lujo #familia #lujo #amenidades
#cochabamba #america #parrillero#departamentos",,,"DEPARTAMENTO DE LUJO EN ANTICRETICO – ¡Con excelente vista e iluminación 🏢 

📍 Ubicado en inmediaciones Estadio Félix Capriles

✨ Características del departamento:
🛏️ 1 dormitorio en suite
 🛏️ 2 Dormitorios alfombrados
🚽 Baño compartido 
🛋️ Living – Comedor entablonado de madera
🍲 Cocina americana con cajonería
🎽 Área de lavado
🥩 Churrasquero y Terraza 
 🐶Se permite mascota 
🚙 Parqueo incluido 

🌟 Áreas comunes del condominio: 
▪️ Parrillero
▪️ Jaulas

💰 Precio: 380.000Bs
💵 Comisión inmobiliaria 3%

Para mayor información o para agendar su visita no dude en escribirme  🤝 ","https://drive.google.com/file/d/145qmVhG7kZc5qXo4U8OLB9ZaSay8hrmU/view?usp=drive_link, https://drive.google.com/file/d/1e36jCpNBTLvy3avdsopsssjTQtE4VTlY/view?usp=drive_link, https://drive.google.com/file/d/10LsFSRLFSO1AZY1TeKETA1xOVobc7rPu/view?usp=drive_link, https://drive.google.com/file/d/1VU-aHHwZnNo7JtAZ8Q4bOzirFhJ0mr7W/view?usp=drive_link, https://drive.google.com/file/d/1GsyiS2DeXwf-XGOcNTlReaPuf_yAFb-V/view?usp=drive_link, https://drive.google.com/file/d/1q_7WlqNz4KmWXvAANvLJKhTAzQCjO8vv/view?usp=drive_link, https://drive.google.com/file/d/1ewNTB7UfRdMEGiL3fDtejQQQYCn7wnKf/view?usp=drive_link, https://drive.google.com/file/d/1V9rZVN0R6wE0zYSD5NmCGR4E3Ep_Cmgk/view?usp=drive_link, "
VN53,LISTA 2,Domingo,Jazmín Heresi,Avenida Perú y 15 de agosto ,Villa Galindo,Casa,"379,000 $us.","💙 En Cochabamba
CASA  EN VENTA

🏠 Casa ideal para Inversionistas y/o familia numerosa. 
Construcción principal de dos plantas con dos departamentos auxiliares 
📍Ubicación: Zona de Villa Galindo (Mercado Ingavi) 


📐Superficie: 
Lote 525,25 m2     
Construida 470 m2 ( 4 Departamentos )
💰Precio de Venta: $us 379.000.-💰
T/c conversable

✅ 𝐂𝐚𝐫𝐚𝐜𝐭𝐞𝐫í𝐬𝐭𝐢𝐜𝐚𝐬:
➡️ CONSTRUCION PRINCIPAL
Planta Baja:
▫ Living comedor
▫ Cocina amplia, tipo americana con cajoneria alta y baja,
¤ Baño familiar 
¤ 1 Suite con ropero empotrado y baño con ducha 
¤ 2 Dormitorios con roperos empotrados 
¤ 1 Balcón 
▫ Baño familiar con ducha y box de vidrio
¤ Terraza con  lavandería y área de secado propia
➡️ VIVIENDA 1 
➡️ VIVIENDA  3
➡️  ADICIONALES 
¤ Garaje Amplio

✅️ No tiene hipotecas

MAS INFORMACIÓN 📲

#VENTA #casa #Inversión #familias #empresas #Cochabamba #Bolivia #extranjeros #90 #Noventa #inmobiliaria #terreno ",,,"💙 En Cochabamba
CASA  EN VENTA

🏠 Casa ideal para Inversionistas y/o familia numerosa. 
Construcción principal de dos plantas con dos departamentos auxiliares 
📍Ubicación: Zona de Villa Galindo (Mercado Ingavi) 
📌Avenida Perú 

📐Superficie: 
Lote 525,25 m2     
Construida 470 m2 ( 4 Departamentos )
💰Precio de Venta: $us 379.000.-💰8Bs T/c conversable

✅ 𝐂𝐚𝐫𝐚𝐜𝐭𝐞𝐫í𝐬𝐭𝐢𝐜𝐚𝐬:
➡️ CONSTRUCION PRINCIPAL
Planta Baja:
▫ Living comedor
▫ Cocina amplia, tipo americana con cajoneria alta y baja,
¤ Baño familiar 
¤ 1 Suite con ropero empotrado y baño con ducha 
¤ 2 Dormitorios con roperos empotrados 
▫ Área de lavado en el patio trasero
Planta Alta:
¤  Living comedor con 
¤ Cocina tipo americana con cajoneria alta y baja 
¤ Suite con  ropero empotrado y vestidor,  baño con ducha 
¤ 2 dormitorios con roperos  empotrados
¤ 1 Balcón 
▫ Baño familiar con ducha y box de vidrio
¤ Terraza con  lavandería y área de secado propia
➡️ VIVIENDA 1 
Planta Baja
¤ 2 dormitorios con roperos ( 1 amplio y 1 mediano)
¤  1 Baño familiar con ducha
¤  Cuarto de planchado y lavado
¤ Cocina con cajoneria alta y baja
¤ Living comedor 
Planta Alta
¤ Terraza Amplia totalmente techada
➡️ VIVIENDA 3
¤ 2 Dormitorios
¤  Cocineta con cajoneria baja
¤ Sala comedor
¤ 1 baño familiar con ducha
¤ Lavanderia independiente 
➡️  ADICIONALES 
¤ Garaje Amplio
¤ Lámparas 
¤ conexión de gas
¤ Parrillero con Lavaplatos
✅️ No tiene hipotecas
🕛 Contáctame para agendar una visita‼
📲","https://drive.google.com/file/d/15fsQzGx1JR0NRhe6FZJOkMMw2D7AoO9G/view?usp=drive_link, https://drive.google.com/file/d/1uuODjTBBCVpq7d5t_qIwgWiS_2itBvgh/view?usp=drive_link, https://drive.google.com/file/d/1kqEN0mc_lPpDi_U8Jo9o0EJA7KO3nk3B/view?usp=drive_link, https://drive.google.com/file/d/1blDc2aw8h7-F28pcdSEPffAS3H7lrwud/view?usp=drive_link, https://drive.google.com/file/d/1MK2gzE1eJY3vGRkPAvI7lW9vV3WUip91/view?usp=drive_link, https://drive.google.com/file/d/1FElBh9ekR7SX95TP1c2HqRoADGN9-PEZ/view?usp=drive_link, https://drive.google.com/file/d/1OyYE1dQEmpO7mBh_i8EXtA_vYN2mzIns/view?usp=drive_link, "
AL63,LISTA 3,Lunes,Jazmín Heresi,Avenida Julio Romano,Coña coña,Terreno,"18,000 Bs.","🧱 TERRENO -GALPON AMURALLADO EN ALQUILER 

💡 Amplio galpón con dependencias, almacenamientos
Ideal para taller, depósito o empresa industrial.

📍Zona Coña Coña 
📌SURTIDOR LAS ISLAS

💰 18.000 Bs 
📐 2738.90 m2 

📲 Contáctame para más información o agendar visita.
𝐌á𝐬 𝐢𝐧𝐟𝐨𝐫𝐦𝐚𝐜𝐢ó𝐧 𝐚𝐥: 📲

Galpón de aproximadamente 1200 m2

#AL63 #Alquiler #CoñaCoña #Terrreno #galpón ","🧱 Terreno + galpón amurallado en alquiler
🚨 ¡Espacios industriales amplios como este no aparecen todos los días! Asegura tu operación en una ubicación estratégica.

💡 Ideal para taller, depósito, logística o empresa industrial
📍 Zona Coña Coña – Surtidor Las Islas
📐 2.738,90 m² de terreno
🏗️ Galpón aprox. 1.200 m²
💰 Bs. 18.000

📲 Contáctame y agenda tu visita. 

¡Instala tu empresa donde todo está listo para operar!

#AL63 #terreno #galpon #alquiler #amurallado #Noventa","Lote de terreno + galpón amurallado en alquiler

🚨 ¡Espacios industriales amplios como este no aparecen todos los días!  Ubicación estratégica.

💡 Ideal para taller, depósito, logística o empresas industriales
📍 Zona Coña Coña – km 5 blanco galindo 
📐 2.738,90 m² de terreno
🏗️ Galpón aprox. 1.200 m²
💰 Bs. 18.000

📲 Contáctame y agenda tu visita. 

#AL63 #terreno #galpon #alquiler #amurallado #Noventa","🧱 TERRENO CON GALPÓN AMURALLADO EN ALQUILER 

📍Zona Coña Coña 
📌SURTIDOR LAS ISLAS

💰 18.000 Bs 
📐 2738.90 m2 
 
🔹 Terreno completamente amurallado
🔹 Galpón amplio con estructura metálica y buena altura
🔹 Áreas de trabajo y dependencias adicionales
🔹 Patio amplio para maniobra de camiones, almacenamiento o parqueo
🔹 Fácil acceso vehicular
📍 Ubicado en Zona Coña Coña, sector estratégico y de alto movimiento comercial.

Oportunidad ideal para empresas:
Con espacio ideal para:
 ✔ Taller mecánico o industrial
✔ Carpintería / metalmecánica
✔ Almacén o centro de distribución, depósitos ó proyectos industriales que necesiten amplio espacio y excelente ubicación.
✔ Empresa constructora
✔ Proyectos productivos

✨ Mes adelantado 18.000Bs
✨ Garantía 18.000Bs
✨ Comisión inmobiliaria 9.000Bs.

Agenda tu visita ❗
","https://drive.google.com/file/d/1ejZMWrO5zCN_zzZfaRMF96Cc0wZh1px_/view?usp=drive_link, https://drive.google.com/file/d/1yrIwetSwfSP3SK_3KlGqZ9v_6xlCH4Iz/view?usp=drive_link, https://drive.google.com/file/d/1lz4QlwhJ8gVzJhWVvyCwu61o0DzYmuQj/view?usp=drive_link, https://drive.google.com/file/d/1ZLFCAyv8agLRxwtqem9feVHuZh0KdKmA/view?usp=drive_link, https://drive.google.com/file/d/17lcIYj6QBEuiXcX3ccvKsQdpuVlaqVad/view?usp=drive_link, "
VN54,LISTA 1,Martes,Jazmín Heresi,Avenida Julio Romano,Coña coña,Lote,"876,500 $us.","🧱 TERRENO -GALPON AMURALLADO EN VENTA 

💡 Amplio galpón con dependencias, almacenamientos
Ideal para taller, depósito o empresa industrial.

📍Zona Coña Coña 
📌SURTIDOR LAS ISLAS

💰 876.500 $us
📐 2738.90 m2 
💵 Pago sólo Dólares 

Mas información: 📲

#VN54 #Venta #CoñaCoña #Terrreno #galpón","
🧱 Terreno con galpón amurallado en venta
🚨 ¡Las propiedades industriales bien ubicadas son una inversión que escasea!
💡 Ideal para taller, depósito, logística o empresa industrial.

📍 Zona Coña Coña 📌 Inmediaciones Surtidor Las Islas
📐 2.738,90 m² 💰 $us 876.500 💵 Pago únicamente en dólares

📲 Solicita más información y agenda una visita. ¡Una oportunidad como esta no aparece todos los días!

#VN54 #Noventa #Terreno #constructoras #compra #venta",,"🧱 TERRENO CON GALPÓN AMURALLADO EN VENTA 

📍Zona Coña Coña 
📌SURTIDOR LAS ISLAS

💰 876.500$US
📐 2738.90 m2 
 💵 Pago sólo Dólares 

🔹 Terreno completamente amurallado
🔹 Galpón amplio con estructura metálica y buena altura
🔹 Áreas de trabajo y dependencias adicionales
🔹 Patio amplio para maniobra de camiones, almacenamiento o parqueo
🔹 Fácil acceso vehicular
📍 Ubicado en Zona Coña Coña, sector estratégico y de alto movimiento comercial.

Oportunidad ideal para empresas:
Con espacio ideal para:
 ✔ Taller mecánico o industrial
✔ Carpintería / metalmecánica
✔ Almacén o centro de distribución, depósitos ó proyectos industriales que necesiten amplio espacio y excelente ubicación.
✔ Empresa constructora
✔ Proyectos productivos

Agenda tu visita ❗
","https://drive.google.com/file/d/1SV8Hsfqv4585utWSl72GRuIUY_418JS_/view?usp=drive_link, https://drive.google.com/file/d/1DaAvc4uSdb9XLRz1sY9hqtN5sunjk2Eo/view?usp=drive_link, https://drive.google.com/file/d/18FsTCTShPQdx8PbYfYe3g6Iwod0-K3CK/view?usp=drive_link, https://drive.google.com/file/d/1rl2xqsHwPu6JwSSodj53nTi9xqQ5NBzH/view?usp=drive_link, https://drive.google.com/file/d/1TZazAE-Lkp_LjAb2nIn7gMwOHPuRE4Ep/view?usp=drive_link, "
VN55,LISTA 2,Miercoles,Jazmín Heresi,Calle Pedro borda,Muyurina,Departamento,"159,000 $us.","𝐃𝐄𝐏𝐀𝐑𝐓𝐀𝐌𝐄𝐍𝐓𝐎 𝐃𝐄 𝟑 𝐃𝐎𝐑𝐌𝐈𝐓𝐎𝐑𝐈𝐎𝐒 𝐄𝐍 𝐕𝐄𝐍𝐓𝐀

 🚗PARQUEO INCLUIDO

📍 Inmediaciones Hipermaxi Oquendo
📐Superficie: 210.40 m2
💰Precio: $us 159.000

🪟 Área de lavado 
☀️ Bastante iluminación natural 

ℹ️ Más información al 📲  

#VN55 #departamentos #sarco #enventa","¡No todos los días encuentras un departamento de este tamaño y con parqueo incluido!

🏡 3 dormitorios | 210.40 m²
📍 Inmediaciones Hipermaxi Oquendo 💰 $us 159.000
✅ Parqueo incluido 

📲 Envíame un mensaje y recibe toda la información. ¡Puede ser el hogar que estabas buscando!

#venta #comodidad #Noventa #parqueo #amplitud #centro","🏡 ¿Buscas un departamento amplio de verdad? Esta puede ser la oportunidad que esperabas. ✨

📍 Cerca de Hipermaxi Oquendo 📐 210,40 m² 🛏️ 3 dormitorios 🚗 Parqueo incluido ☀️ Ambientes amplios, excelente iluminación natural y área de lavado.

💰 $us 159.000

📲 Agenda tu visita hoy. Los departamentos con esta superficie y ubicación son cada vez más difíciles de encontrar.","𝐃𝐄𝐏𝐀𝐑𝐓𝐀𝐌𝐄𝐍𝐓𝐎 𝐃𝐄 𝟑 𝐃𝐎𝐑𝐌𝐈𝐓𝐎𝐑𝐈𝐎𝐒 𝐂𝐎𝐍 𝐏𝐀𝐑𝐐𝐔𝐄𝐎 𝐄𝐍 𝐕𝐄𝐍𝐓𝐀
📌 Avenida Pedro Borda
📍 Inmediaciones Hipermaxi Oquendo
➡️ Zona Muyurina 
📐Superficie: 210.40 m2
💰Precio: $us 159.000
💸 T/c Bs. 9.25
🛌3 dormitorios (1 suite)
 roperos empotrados
🚽Baño de visitas 
🛁 Baño compartido 
🪑Living Comedor
🎛️Cocina cerrada con cajonería alta y baja
🪟  Área de servicio 
🧼 Área de lavado
🚗 Parqueo incluido

Áreas Sociales
🥳Salón de Copropietarios
🥩Parrillero
🏊🏻Piscina

Expensas 880 Bs.-

Si tiene alguna consulta o desea agendar una visita estoy a su servicio 🤝 no ","https://drive.google.com/file/d/1f0gGWudKWDj-7zsbjDL2wdXKWACyU9fA/view?usp=drive_link, https://drive.google.com/file/d/1WrFHls_bW-RJrmH-VrRuN0cJEfkYX42T/view?usp=drive_link, https://drive.google.com/file/d/1QHZ7I-Xu9ctOtiywlBXklClGOWdEyKkB/view?usp=drive_link, https://drive.google.com/file/d/1DqxYPNHxpPgzgsRMNYuRU6zyE7mTNyX6/view?usp=drive_link, https://drive.google.com/file/d/1D1YwKwPpNxsAFel9gjfeOMs9ZujTPBPi/view?usp=drive_link, https://drive.google.com/file/d/131O19ZtsXbF2gMz35Huvj46cHEs3oPgl/view?usp=drive_link, https://drive.google.com/file/d/1hgVb3ZONIvkfNqyMm1XNFzS5ZlNk-Lys/view?usp=drive_link, "
AL65,LISTA 3,Jueves,Jazmín Heresi,Pedro borda y Oquendo ,Muyurina,Departamento,"4,500 Bs."," DEPARTAMENTO EN ALQUILER 3DORMITORIOS 

Inmediaciones Hipermaxi Oquendo

📌Muyurina 
📐Superficie: 210.40 m2
💰 Bs 4.500 incluye expensas y agua 💧 
🛌3 dormitorios con roperos empotrados

ℹ️ Más información al 📲 


🪟 Ventanales amplios ✨ Iluminación natural
🚗 Parqueo incluido

#AL65 #CochabambaBolivia #departamentos #alquiler",,,"DEPARTAMENTO EN ALQUILER 3 DORMITORIOS 

📌 Avenida Pedro Borda
📍 Inmediaciones Hipermaxi Oquendo
➡️ Zona Muyurina 
📐Superficie: 210.40 m2
💰Precio: Bs 4.500
🛌3 dormitorios (1 suite)
 roperos empotrados
🚽Baño de visitas 
🛁 Baño compartido 
🪑Living Comedor
🎛️Cocina cerrada con cajonería alta y baja
🪟  Área de servicio 
🧼 Área de lavado
🚫 No mascotas 
🚗 Parqueo incluido

Áreas Sociales
🥳Salón de Copropietarios
🥩Parrillero
🏊🏻Piscina

Expensas incluidas 
✨ Mes adelantado 4.500Bs.
✨ Garantía 4.500Bs.
✨ Comisión inmobiliaria 2.250Bs.

Si tiene alguna consulta o desea agendar una visita estoy a su servicio 🤝 no ","https://drive.google.com/file/d/1rbysoky9dnj-sDEIY91EBF6Xi9YWa95k/view?usp=drive_link, https://drive.google.com/file/d/1vd2eSiBTZ5kzIXzbfj1uIX0NpxoH_fMl/view?usp=drive_link, https://drive.google.com/file/d/1uXXiMNv68M4EYuiBj0kllzqBg5-cLQY2/view?usp=drive_link, https://drive.google.com/file/d/1PxUUz6NJAWKZ4Fh4315vjVpFD1bXo_wV/view?usp=drive_link, https://drive.google.com/file/d/1qImxOp2SyVe8bdkn1HpWUKMJazqDJbB4/view?usp=drive_link, https://drive.google.com/file/d/1-zUUTHaIYlAqRYkJwnfv3MgT14It1Ad7/view?usp=drive_link, https://drive.google.com/file/d/1p1hvlKovBEHWwYFdteWkzOZjflW-lkmU/view?usp=drive_link, "
AL64,LISTA 1,Viernes,Jazmín Heresi,Chipaya y moyo moyo,Sarcobamba,Departamento,"7,000 Bs.","PENTHOUSE EN ALQUILER 

📍  Sarcobamba 
📌 Chipaya (inmediaciones América y Juan de la Rosa)
📐 Sup. Terreno total 513m 
💸 7.000Bs
📱 Más información: 

🛏️1 Suite (bano privado con vestidor)
🛏️2 Dormitorios  
🛁 1 baño con tina a compartir 
🚽1 baño de visitas 
🛋 Living-comedor
🎛 Cocina cerrada 
🚙Garage 
🚪 Garzonier auxiliar 

🐕 Pet frendly 
📌 Entrega Inmediata 🗓.

#AL64 #Garzonier #Monoambiente #Inversion #90 #Inmobiliaria #Lote #Viral #Oficina #Asesores #Bienes #Compra #Raices #Comercial #Norte #Ambiente #Bolivia #Inmobiliarios #Terreno #Venta #Departamento #Cochabamba #ViralBolivia #Anticretico #Local #Noventa #Alquiler #Casa #Zona #90
",,,"PENTHOUSE EN ALQUILER 

📍  Sarcobamba 
📌 Chipaya (Inmediaciones America y Juan de la Rosa)
📐 Sup. Terreno total 513m²
📐 Sup. Construida departamento 233.35m² 
💸 7.000Bs

🛏️1 Suite (bano privado con vestidor)
🛏️2 Dormitorios  
🛁 1 baño con tina a compartir 
🚽1 baño de visitas 
🛋 Living-comedor
🎛 Cocina cerrada
🧱 Dependencias de empleada
🧺 Área de lavado 
🚪Pequeño depósito 
✨ Balcón 
 🕋Terraza 
💃🏻Salón de eventos privado
🍪 Horno de barro 
🏬 Garzonier auxiliar en terraza 
🚙Garage 
🐕 Pet frendly 

📌 Entrega Inmediata 🗓

✨ Mes adelantado 7.000Bs
✨ Garantía 7.000Bs.
✨ Comisión inmobiliaria 3.500Bs.

Cualquier duda o consulta estoy a su servicio 🤝🏻
Agenda tu visita ❗","https://drive.google.com/file/d/1sx8TrLAKKAtdh1Nkws1Buvw8vL8_qSgx/view?usp=drive_link, https://drive.google.com/file/d/1_mTEHgvz3AMlgsU-mYZZOxRBEAsn_5VP/view?usp=drive_link, https://drive.google.com/file/d/1-YScwHz2qA2XTnfObLE4Ezb0XXM3p2cx/view?usp=drive_link, https://drive.google.com/file/d/1SfMoUccapk1Y_DMN9DdVOlUgNl-pjaa9/view?usp=drive_link, https://drive.google.com/file/d/1G5WaQBmkeBY5IYjBHCCiPptaY8fmIr5B/view?usp=drive_link, https://drive.google.com/file/d/1UmREjIUHOI61uu82T5_PgQ-4d68d4ZaN/view?usp=drive_link, https://drive.google.com/file/d/1ZWa4s6b84DFz-A9Gc4akwVS0YxY3VvUP/view?usp=drive_link, "
VN56,LISTA 2,Sabado,Juan Pablo Villán,Provincia Punata - Municipio San Benito,San Benito,Lote,"860,000 $us.","🌱 TERRENO DE 5 HECTAREAS EN VENTA🐄

🚨 ATENCIÓN A INVERSIONISTAS! ⚠️

📍SAN BENITO - COCHABAMBA

⭐ Apto tanto para fines de agricultura, ganadería, industrial o residencial.
📑 Papeles al día
💧 Cuenta con servicios básicos en la zona.

Mayor información y visitas 📲 : 

#VN56 #SanBenito #Lote #Terreno #Venta #Cochabamba","🌱5 HECTAREAS EN VENTA🐄

📑 Papeles al día
💧 Cuenta con servicios básicos en la zona.

📍SAN BENITO - COCHABAMBA

Mayor información y visitas 📲 : 
PERFECTO PARA NVERSIONISTAS! ⚠️

#VN56",,"🌱 TERRENO DE 5 HECTAREAS EN VENTA🐄

🚨 Si buscas una inversión segura, para tu empresa o negocio industrial, esta es la perfecta oportunidad ⚠️

📍SAN BENITO - COCHABAMBA

📐 51.060,37 m2 de terreno 
🚨 17 $us/m2 (NEGOCIABLE) 
💰 Pago en dólares

📑 Papeles al día
💧 Cuenta con servicios básicos en la zona.

Reserva tu espacio para la vista ahora mismo ❗","https://drive.google.com/file/d/1LbE1LyRl-ANuNY6vbTrCeiIji-CA22P3/view?usp=drive_link, , https://drive.google.com/file/d/1XfIty4cXXvQKT4BUyhSj8Sc9RCio-tAC/view?usp=drive_link, https://drive.google.com/file/d/13vT4RvFJtQIXlEREtQvaeHz7pgqqOuzt/view?usp=drive_link, "
AN15,LISTA 3,Domingo,Gabriel Cañipa,Urbanización el Bosque Sur ,Condebamba,Departamento,"1,000,000 Bs.","✨ 𝗘𝗫𝗖𝗟𝗨𝗦𝗜𝗩𝗢 𝗗𝗘𝗣𝗔𝗥𝗧𝗔𝗠𝗘𝗡𝗧𝗢 𝗘𝗡 𝐀𝐍𝐓𝐈𝐂𝐑𝐄𝐓𝐈𝐂𝐎 - 𝗨𝗥𝗕. 𝗘𝗟 𝗕𝗢𝗦𝗤𝗨𝗘 𝗦𝗨𝗥 🌴

📍 Ubicación: Urb. El Bosque Sur ⚜
📐 Superficie: 293 m²

💰 𝐏𝐫𝐞𝐜𝐢𝐨 𝐝𝐞𝐥 𝐀𝐧𝐭𝐢𝐜𝐫é𝐭𝐢𝐜𝐨: Bs. 1.000.000.-
Expensas: Bs. 1.500.-

📅 Agenda de visitas y mayor información al 📲: 

𝐂𝐚𝐫𝐚𝐜𝐭𝐞𝐫í𝐬𝐭𝐢𝐜𝐚𝐬:
🛌 1 Master Suite con vestidor
🛌 2 Suites con baño privado 
🚽 Baño de visitas
🛋️ Living comedor
🍳 Cocina equipada con electrodomésticos 
🧹 Dependencias de servicio con depósito y baño
𝐈𝐧𝐜𝐥𝐮𝐲𝐞:
🚗 2 Parqueos y Baulera

#AN15 #Garzonier #Monoambiente #Inversion #90 #Inmobiliaria #Lote #Viral #Oficina #Asesores #Bienes #Compra #Raices #Comercial #Norte #Ambiente #Bolivia #Inmobiliarios #Terreno #Venta #Departamento #Cochabamba #ViralBolivia #Anticretico #Local #Noventa #Alquiler #Casa #Zona",,,"✨ 𝗘𝗫𝗖𝗟𝗨𝗦𝗜𝗩𝗢 𝗗𝗘𝗣𝗔𝗥𝗧𝗔𝗠𝗘𝗡𝗧𝗢 𝗘𝗡 𝐀𝐍𝐓𝐈𝐂𝐑𝐄𝐓𝐈𝐂𝐎 - 𝗨𝗥𝗕. 𝗘𝗟 𝗕𝗢𝗦𝗤𝗨𝗘 𝗦𝗨𝗥 🌴

📍 Ubicación: Urb. El Bosque Sur ⚜
📐 Superficie: 293 m²

𝐂𝐚𝐫𝐚𝐜𝐭𝐞𝐫í𝐬𝐭𝐢𝐜𝐚𝐬:
🛌 1 Master Suite con vestidor, baño privado y amplia terraza
🛌 1 Suite con baño privado y terraza privada
🛌 1 Suite con baño privado 
🚽 Baño de visitas
🛋️ Amplio living comedor
🎥 Sala de cine / escritorio
🍽️ Comedor
🍳 Cocina equipada con electrodomésticos de alta gama (BOSCH, TEKA)
🍴 Cocineta adicional
🧹 Dependencias de servicio con depósito y baño

𝐈𝐧𝐜𝐥𝐮𝐲𝐞:
🚗 1 Parqueo interior
🚗 1 Parqueo exterior techado
📦 1 Baulera

𝐎𝐭𝐫𝐨𝐬 𝐝𝐞𝐭𝐚𝐥𝐥𝐞𝐬:
💡 Iluminación dimerizable controlable mediante domótica
🌄 Ventanales panorámicos y acabados de materiales importados
🔐 Seguridad 24/7 en la urbanización

Á𝐫𝐞𝐚𝐬 𝐜𝐨𝐦𝐮𝐧𝐞𝐬:
🧖🏻‍♀️Club House, jacuzzi, sauna seco y a vapor
🥅Parrilleros, canchas de fútbol 8, tenis, ráquet y wally
🏊🏻‍♀️Piscina atemperada, parques infantiles y para mascotas

💰 𝐏𝐫𝐞𝐜𝐢𝐨 𝐝𝐞𝐥 𝐀𝐧𝐭𝐢𝐜𝐫é𝐭𝐢𝐜𝐨: Bs. 1.000.000.-
Comisión inmobiliaria *3%*
Expensas: Bs. 1.500.-

📅 Agenda tu visita para conocer este exclusivo departamento!","https://drive.google.com/file/d/1iaA9R1HtwEE6v69fRzKvS5PecaYhfxNa/view?usp=drive_link, https://drive.google.com/file/d/1CXNbyCx2I81GRuKlCK9dolSVfzZqTcIV/view?usp=drive_link, https://drive.google.com/file/d/1xf80yTEWaVmJLW8dsDGg_UnHwpg27Zra/view?usp=drive_link, https://drive.google.com/file/d/1NkFDuiSzgERjurA4QBcVMi0dGZ9CLNiV/view?usp=drive_link, https://drive.google.com/file/d/1BoPsku03sGHdadCQhGl4Rg1PtrrgU_yn/view?usp=drive_link, https://drive.google.com/file/d/1fQ0u_4TGWG6qzVqa05aLg279Ls6m_N91/view?usp=drive_link, "
AL66,LISTA 1,Lunes,Gonzalo Fuentes,C. Luis Castel Quiroga,Muyurina,Locales Comerciales,"5,000 Bs.","
PROPIEDAD COMERCIAL EN ALQUILER 

🔻Zona: Muyurina, C. Luis Castel Quiroga Próximo al Hospital Viedma 

📐Superficie: 80 m2 
💵Precio: 5000Bs

🏥Consultorios/oficinas
🧪Espacio para Laboratorio
🛋️Sala de Espera
🚽Baños 

📱Más información 
 
#AL66 #alquilerconsultorios #alquiler #3consultorios #laboratorio #muyurina #cochabamba #Bolivia #viralBolivia #paratiii #lapaz

",,,"
PROPIEDAD COMERCIAL EN ALQUILER 

🔻Zona: Muyurina, C. Luis Castel Quiroga Próximo al Hospital Viedma
📐Superficie: 80 m2
💵Precio: 5000 bs.
Garantía: 5000 bs.
Comisión: 2500 bs.
=======================================
✅ 3 OFICINAS/CONSULTORIOS 
✅ Laboratorio 1
✅ Recepción
✅ Sala de espera 
✅ Baño Pacientes, Baños Personal
✅ Pequeño patio con lavandería
💡 Medidores de Luz y Gas
💧 Agua prorrateo

Mes adelantado 5000Bs.
Garantía 5000Bs.
Comisión inmobiliaria 50%

¡AGENDE SU VISITA!

","https://drive.google.com/file/d/1zG1sSsKQlbmej5sy0d6iYUd1dWWRyRoh/view?usp=drive_link, https://drive.google.com/file/d/1VVX3FbQnGZkxThEklX3gkuMJQUNYTGc-/view?usp=drive_link, https://drive.google.com/file/d/1sMnomjzo-dgjhej7MNGW-GFwpZFScxUi/view?usp=drive_link, https://drive.google.com/file/d/1dByNA7NHWMoItzLYadyW90w1TdRqDta8/view?usp=drive_link, https://drive.google.com/file/d/17HogCNArVrq8RoPLKrQNLs-t2o9yHr5R/view?usp=drive_link, https://drive.google.com/file/d/1Nu0AY4Hvf1shWZe-Fh-1xDELUghGXl22/view?usp=drive_link, https://drive.google.com/file/d/12XAjP8NeCw4YEn6cGI-nsKZe6p-3Z3Xn/view?usp=drive_link, "
AN16,LISTA 2,Martes,Gonzalo Fuentes,C. Luis Castel Quiroga,Muyurina,Oficina / Consultorio,"20,000 $us.","
PROPIEDAD COMERCIAL EN ANTICRETICO 

🔻Zona: Muyurina, C. Luis Castel Quiroga
📐Superficie: 80 m2 
💵Precio: 20.000 $US
T.C.: 7.00
================================
Más información: 📱 
================================
🏥 3 Oficinas/Consultorios
🧪 1 Espacio para Laboratorio
📠 Recepción
🛋️ Sala de Espera
🚽 Baños

#AN16 #anticreticoconsultorios #anticretico #3consultorios #laboratorio #muyurina #cochabamba #Bolivia #viralBolivia #paratiii #lapaz

",,,"
PROPIEDAD COMERCIAL EN ANTICRETICO 

🔻Zona: Muyurina, C. Luis Castel Quiroga próximo al hospital Viedma
📐Superficie: 80 m2
💵Precio: 20.000 $US
T.C.: 7.00
Comisión inmobiliaria 2%
=======================================
✅3 OFICINAS/CONSULTORIOS  
✅Espacio para Laboratorio
✅Recepción
✅Sala de Espera
✅Pequeño patio con lavandería
🚽Baño Pacientes y Personal
💡Medidores de Luz y Gas
💧 agua prorrateo


¡AGENDE SU VISITA!
","https://drive.google.com/file/d/1TSEnaOwqPliiigmNq4nXYZfsrIhjCtjE/view?usp=drive_link, https://drive.google.com/file/d/1w7yKsIxEV856mVQktO3mXdWTMEBkvnJv/view?usp=drive_link, https://drive.google.com/file/d/1c8w0lzIoQ3Sg7X-slh66jA_dxlJP65dK/view?usp=drive_link, https://drive.google.com/file/d/1JxP_8K45GnWtyjr5LsA-JaS3sG_hp5pO/view?usp=drive_link, https://drive.google.com/file/d/1vOxWi6RSFHtQAgLi_5R3UkghvqK4QWjn/view?usp=drive_link, https://drive.google.com/file/d/1aOOw56hpNk2EmVruUYYqsRIPLQRZRPBB/view?usp=drive_link, "
VN57,LISTA 3,Miercoles,Jazmín Heresi,Beni y Santa Cruz ,Queru Queru,Departamento,"290,000 Bs.","🌟 MONOAMBIENTE EN VENTA AMOBLADO Y EQUIPADO 🌟
📍Calle  Beni  
ZONA QUERU QUERU 

📏 18.5 m² 
💰 Precio: Bs 290.000
💡 Medidores independientes 
🐕 Pet frendly: se permiten mascotas
Monoambiente moderno en excelente zona 🏙️

Diseño contemporáneo, iluminación cálida y distribución funcional que aprovecha cada espacio.
Cocina equipada, mobiliario integrado y acabados de calidad que aportan confort y estilo.
Ideal para vivir o como inversión en una ubicación estratégica.

Distribución funcional y moderna:
🔹 Ropero empotrado
🔹 Cocineta con cajonería alta y baja
🔹 Cocina eléctrica empotrada
🔹 Conexión para lavadora y frigobar

🏢CARACTERISTICAS DEL MONOAMBIENTE INCLUYE:
✅Cama de dos plazas
✅Box de Ducha 
✅ Frigar 
✅ Tv
 
🌿 ÁREAS COMUNES EN TERRAZA 
🧺 Lavanderías 

📲 Más información al:

 ¡Ideal para estudiantes, inversionistas o personas que buscan su primer espacio propio!

#VN57 #inversión #alquiler #Cochabamba #Bolivia #Departamentos #Monoambiete #vivienda #estudiantes #viralbolivia #familia #universidad #
",,,"🌟 MONOAMBIENTE EN VENTA AMOBLADO Y EQUIPADO 🌟
📍Calle  Beni  y Av. Santa Cruz 
ZONA QUERU QUERU 

📏 19.5 m² 
🧭 Orientación Oeste

💰 Precio: Bs 290.000
💡 Medidores independientes 
🐕 Pet frendly: se permiten mascotas
💧 Expensas: Bs 160
📟 Ascensor 

Distribución funcional y moderna:
🔹 Ropero empotrado
🔹 Cocineta con cajonería alta y baja
🔹 Cocina eléctrica empotrada
🔹 Conexión para lavadora y frigobar

🏢CARACTERISTICAS DEL MONOAMBIENTE INCLUYE:
🛏️  Cama de Dos plazas con colchón y juego de cama + Edredón 
✅ Baño con box de ducha 
✅ Espejo led en baño
✅ TV Smart 50°
✅ Espejo cuerpo entero habitación 
✅ Horno eléctrico 
✅Vajilla necesaria para 2 personas 
✅ Caja fuerte
✅ Frigobar
✅ mesón incorporado para diario
✅ Taburetes 
✅ Jarra eléctrica 
✅ Olla y perol de inducción 
✅ Alcusero
✅ Juego de cucharón y espátula 
✅ Azucarero
✅ Reloj de pared
✅ Cortinas incorporadas roler
✅ Mueble incorporado de TV 

 
🌿 ÁREAS COMUNES EN TERRAZA 
🧺 Lavandería y jaulas de secado
💻Cowork y sala de reuniones 
 

Monoambiente moderno en excelente zona 🏙️

Diseño contemporáneo, iluminación cálida y distribución funcional que aprovecha cada espacio.
Cocina equipada, mobiliario integrado y acabados de calidad que aportan confort y estilo.
Ideal para vivir o como inversión en una ubicación estratégica.

 ¡Ideal para estudiantes, inversionistas o personas que buscan su primer espacio propio!

Agenda tu visita ❗ 
","https://drive.google.com/file/d/188OkBV5w7EAVrwKJAFvKxpZ_L7PDNDWV/view?usp=drive_link, https://drive.google.com/file/d/18omc6sVKWAHwJSXKblC4Rk2uI8U48Pgj/view?usp=drive_link, https://drive.google.com/file/d/1JLc3Zi3KYLMbbQ3PoNZe2h9DlvSqJvFZ/view?usp=drive_link, https://drive.google.com/file/d/1XaHf7nrIyn5pRqMgKQgcSZbf6Ey1cr_R/view?usp=drive_link, https://drive.google.com/file/d/1UBgIKJC_kefvGKHd8hjweDvwdkh6UrhE/view?usp=drive_link, https://drive.google.com/file/d/1grMI78WAm4_Ipo7R_7Hv667EH63FB9Zz/view?usp=drive_link, "
PV19,LISTA 1,Jueves,Jazmín Heresi,Miguel de Aguirre y Hermógenes Sejas,Queru Queru,Edificio de Departamentos,"28,500 $us.","🌟 MONOAMBIENTES EXCLUSIVOS EN PREVENTA 🌟

📍 Ubicación estratégica:
📌 Hermógenes Sejas  Queru Queru 
✔ A pasos del Parque del Arquitecto
✔ Conectado a la ciclovía
✔ Zona norte de alta demanda

📲 Más información 

📐 Desde 32 m² hasta 47 m²
💵 Desde $us. 28.500
💰 Desde $us. 888 el m²
Entrega Julio 2028
💼 Ideal para Airbnb y alta rentabilidad

✨ Áreas comunes pensadas para maximizar ocupación:
✔ Terraza panorámica
✔ Área social
✔ Espacios funcionales modernos 

#PV19 #Garzonier #Monoambiente #Inversion #90 #Inmobiliaria ","💎 MONOAMBIENTES EXCLUSIVOS EN PREVENTA – GRAN OPORTUNIDAD DE INVERSIÓN 💎

📍 Queru Queru – Hermógenes Sejas
✨ A pasos del Parque del Arquitecto
🚴 Conectado a ciclovía | Zona norte de alta demanda
🏙️ Monoambientes modernos de 32 m² a 47 m²
💰 Desde $us 28.500
📊 Desde $us 888 por m²
🗓️ Entrega: Julio 2028
📈 Ideal para Airbnb, alquiler ejecutivo o inversión con alta plusvalía
✨ Áreas comunes diseñadas para maximizar rentabilidad: ✔ Terraza panorámica
✔ Área social
✔ Espacios funcionales modernos

📲 Solicita información y asegura tu unidad en etapa de preventa.

#PV18 #Garzonier #Monoambiente #Inversion #90"," MONOAMBIENTES EN PREVENTA 🌟

 Ubicación 
📌 Hermógenes Sejas  Queru Queru 
✔ A pasos del Parque del Arquitecto
✔ Conectado a la ciclovia

📲 Más información 

📐 Desde 32 m² hasta 47 m²
💵 Desde $us. 29.500
💰 Desde $us. 888 el m²
Entrega septiembre 2028
💼 Ideal para Airbnb y alta rentabilidad

✨ Áreas comunes pensadas para maximizar ocupación: 

#PV19 #Garzonier #Monoambiente #Inversion #90 #Inmobiliari","🌟 MONOAMBIENTES EXCLUSIVOS DE INVERSIÓN EN PREVENTA 🌟

¡El nuevo horizonte del Norte tiene nombre!
🏙️ Tres Torres de 17 niveles
Diseñadas para quienes buscan más que un departamento: buscan nivel.

📍  Hermógenes Sejas 
Queru Queru  
✔ A pasos del Parque del Arquitecto🌳
✔ Conectado a la ciclovía🚲🛴
✔ Zona de alta plusvalía

✨ Amenidades Premium:
🏊 Piscina atemperada | 💻 Coworking | 🏋️ Gimnasio
📺 Sala de cine | 🎤 Karaoke | 🌳 Áreas verdes
🥩 Churrasqueros | 🦮 Lavado de mascotas | 🤸 Área de calistenia

💵 Precios de lanzamiento
Monoambientes desde $us. 28.500
Desde $us. 888 el m²
📐 32 m² a 47 m²
💲 Paga al cambio oficial 6.97Bs.
Entrega Julio 2028
📈 Invierte hoy y asegura la mayor plusvalía.

","https://drive.google.com/file/d/17rYAA0frjpsnmvciVhK6aBS-I7WcjcEC/view?usp=drive_link, https://drive.google.com/file/d/1twjAhYa5cs8Ng19EGOyp9lkIN5EFRC_9/view?usp=drive_link, https://drive.google.com/file/d/18Ok-H9giywtQkwbOyGOpZby5j1dJe8Xc/view?usp=drive_link, https://drive.google.com/file/d/1BSWGcdQaDX7EZly9ueTTVQOpuoyOOUFn/view?usp=drive_link, https://drive.google.com/file/d/1EeharAzu3YOAhdOrGVQwAXUsjx-5cB4Y/view?usp=drive_link, https://drive.google.com/file/d/1_SaDfNrkQcs0sftrDaX5iYGGofJKdZAu/view?usp=drive_link, https://drive.google.com/file/d/1rJY56EauUVIv4v5vUJ_BEUFV-h4QOt-6/view?usp=drive_link, "
AL67,LISTA 2,Viernes,Carola Paniagua,Man Cesped y J. Garcia,Cala Cala,Departamento,"2,500 Bs.","Departamento 2 dormitorios semi amoblado. 
📍  Cala Cala
📐Superficie de 115 m² 
💰 2.500 Bs. 
🐶 Aceptan mascotas 

Cualquier duda o consulta estoy a su servicio 🤝 
𝐂𝐨𝐧𝐭𝐚𝐜𝐭𝐨 al 📱

🛏️2 Dormitorios 
🛋️  Living - comedor 
🍲 Cocina abierta
🚗 Parqueo y baulera
Expensas aparte 

🌆 Áreas comunes 

#AL67 #Cochabamba #alquiler #departamento#2dormitorios #zonanorte #90Noventa #bienesraices #inmobiliaria #CalaCala#amoblado#departamentoamoblado#parqueo",,,"Departamento 2 dormitorios  semi amoblado. 
📍  Cala Cala
Man Césped 
📐 Superficie de 115 m² 
💰 2.500 Bs. 

Incluye
🛏️ 1 suite 
🛏️ 1 Dormitorio (1 cama)
🛋️ Living - comedor (mesa y 5 sillas)
🚽 Baño con box
🍲 Cocina abierta estilo americano  (incluye refrigerador y cocina)
🚗 Parqueo
🐶 Se aceptan mascotas 
📌 Expensas son aparte

🌆 Áreas comunes 
Salón  de Copropietarios 
Churrasquero

💵 Mes adelantado 2500 bs. 
💵 Mes de garantía 2500 bs. 
Comisión inmobiliaria 1250 bs.","https://drive.google.com/file/d/1UKEQLr2gRoS-AmdxQ7VgXOvrpqGfdmGs/view?usp=drive_link, https://drive.google.com/file/d/1QsdPLi-2mjYBh-AxDhCoC3uSWtYmQGVE/view?usp=drive_link, https://drive.google.com/file/d/1kLDeLk8IfEet5qbAEPmeB3g4-dz5vHyv/view?usp=drive_link, https://drive.google.com/file/d/1CvaVc9jzOLtXeNwrHM_V3VGK1fisEYCP/view?usp=drive_link, https://drive.google.com/file/d/1FMyUFNj52bntcc6xk7krPyGjU1xSZKh4/view?usp=drive_link, https://drive.google.com/file/d/1CP3eqC3OJMT0Xx-_O8W7cdyKVJ8cpEOe/view?usp=drive_link, "
VN58,LISTA 3,Sabado,Jazmín Heresi,Innominada y Eduardo Abaroa,Huayllani,Lote,"85,000 $us.","*LOTE CON CONSTRUCCIÓN EN VENTA*

📍 C. Innominada 
📍Zona Huayllani 
  
Más información 📱

💵 Precio 85.000$us
🧱 Terreno con casa
📐378m² terreno 
📏 108.94 construidos 
💧Servicios básicos agua
,💡luz
⛽ Gas domiciliario 
🧾 Papeles al día✅
💸 Tipo de cambio 7bs
🧱 Opción a levantar arriba de la construcción 

 #VN58 #Cochabamba #terreno #inversión  #lotesenventa #Casaventa #financiamientobancario #Tiquipaya #turismo #Cochabamba #terreno #oruro #santacruz #Bolivia #enventa #condominio #inversionistas #hogar #estilodevida #lotetiquipaya #potosí #inmobiliaria #bienesraices #venta #residentesbolivianosexterior  #loteenventacochabamba #bolivia
",,,"*LOTE CON CONSTRUCCIÓN EN VENTA*

📍 C. Innominada 
📍Zona Huayllani 
 Barrio Magisterio 
🏌️ Una cuadra de la avenida Circunvalación 

Casa consta:
🛏️ 3 dormitorios 
,,,🛋️ living comedor 
🚽 Baño 
🚪Cocina cerrada 

💵 Precio 85.000$us
🧱 Terreno con casa
📐378m² terreno 
📏 108.94 construidos 
💧Servicios básicos
🧾 Papeles al día✅
💸 Tipo de cambio 7bs
🛣️ Avenidas principales  

Agenda tu visita ❗ ❗ 

","https://drive.google.com/file/d/19V-bUorThSuWGr9FySw-73aqsNgldRtY/view?usp=drive_link, https://drive.google.com/file/d/1ltfLHxKu8Ti7DT2q7iN3eAHP0o-4GEn7/view?usp=drive_link, https://drive.google.com/file/d/12WxSwnqQyzaVAq8AwdBGPch7tPugKmBt/view?usp=drive_link, https://drive.google.com/file/d/1fTXNmkeruZTVqOgO6yvCvhS819oyuf2i/view?usp=drive_link, https://drive.google.com/file/d/18QSDutabf3tt3wtfeMCRj8viNSMbpsyw/view?usp=drive_link, "
PV20,LISTA 1,Domingo,Gabriel Cañipa,Av. Franz Tamayo ,Sirpita,Casas en Condominio,"170,000 $us.","🏘️Casas en condominio en preventa 🪴

✨ ¡𝙏𝙪 𝙝𝙤𝙜𝙖𝙧 𝙨𝙞𝙚𝙢𝙥𝙧𝙚 𝙨𝙚𝙧á 𝙩𝙪 𝙈𝙀𝙅𝙊𝙍 𝙞𝙣𝙫𝙚𝙧𝙨𝙞ó𝙣!✨ 
📐 Ambientes amplios e iluminados ☀️

📍 Sirpita (Tiquipaya)

📐 Superficie de Terreno: 107,7 m²
🏠 Superficie Construida: 236,45 m²

Visitas e informes al 📲:

💰Precio: 170.000
📈 Planes de pago desde 50%
📊Descuentos por pago al contado

🛌 3 dormitorios (1 suite)
🌇 2 plantas y altillo
🥩 Patio con jardín y churrasquero privado
🚘 Doble parqueo

#PV20 #Condominio #Garzonier #Monoambiente #Inversion #90 #Inmobiliaria #Lote #Viral #Oficina #Asesores #Bienes #Compra #Raices #Comercial #Norte #Ambiente #Bolivia #Inmobiliarios #Terreno #Venta #Departamento #Cochabamba #ViralBolivia #Anticretico #Local #Noventa #Alquiler #Casa #Zona #Sirpita #Tiquipaya
","🏘️Casasen preventa 🪴

✨  En condominio PRIVADO ✨ 

📍 Sirpita (Tiquipaya)

📐 Superficie de Terreno: 107,7 m²
🏠 Superficie Construida: 236,45 m²

Visitas e informes al 📲:

💰Precio: 170.000
📈 Planes de pago desde 50%
📊Descuentos por pago al contado
📐 Ambientes amplios e iluminados ☀️

#PV20 ",,"¡Ｃｏｎｏｃｅ ｔｕ ｎｕｅｖｏ ｈｏｇａｒ!

📐 Ambientes amplios e iluminados ☀️


💰Precio: 170.000
📐 Superficie de Terreno: 107,7 m²
🏠 Superficie Construida: 236,45 m²

🔽PLANTA BAJA

🔹Parqueo para dos vehículos
🔹Sala living comedor
🔹Baño de visitas
🔹Área de lavado
🔹Cocina cerrada 
🔹Patio con jardín y parrillero privado

▶️PLANTA ALTA

🔸1 Suite con vestidor, baño privado y balcón
🔸2 dormitorios con baño compartido
🔸Sala distribuidor

🔼ALTILLO

▫️Sala de estar 
▫️Baño 
▫️Terraza privada
(Opcional Pérgola, parrillero o bar)

⚡💧 Medidores independientes

💳 Forma de pago:
50% de reserva y 50% en cuotas hasta entrega o contra entrega.
💰 Descuentos por pago al 100%

✅ Pisos de cerámica tipo porcelanato (Living, pasillos, cocina y baños) 
✅ Piso flotante en dormitorios (Con aislamiento acústico)
✅ Revestimiento de cerámica en baños 
✅ Juegos de baño de primera (industria brasilera)
✅ Grifería importada 
✅ Mesones de granito negro en cocina y también baños
✅ Roperos empotrados de melamina (antimicrobiana)
✅ Cajonería alta y baja en cocina (antimicrobiana)
✅ Calefón a gas
✅ Instalación de gas natural (medidor incluido)
✅ Box de baño de primera
✅ Puerta principal de madera maciza

🔺 Áreas comunes
🟢 Tanque de agua subterráneo
🟢 Salón social
🟢 Piscina con vestidores
🟢 Seguridad 24 hrs.

¿QUE ESPERAS? Agenda hoy mismo! 📲","https://drive.google.com/file/d/1SNR2CJv0ESrQobeRxn12TUWRtoLks5l2/view?usp=drive_link, , https://drive.google.com/file/d/1LNOK3ok8467XGOpZsD5W1fltpMk3himu/view?usp=drive_link, https://drive.google.com/file/d/168aXUWmx40V5HacSKyccLYQZJ2c88Vq9/view?usp=drive_link, https://drive.google.com/file/d/1233dYYR8uLOG7pgU1n2mXPfhvp6Qm4Cq/view?usp=drive_link, https://drive.google.com/file/d/1XmSD3YU1YN6qbC5O70liEKNGykj6h1as/view?usp=drive_link, "
VN59,LISTA 2,Lunes,Jazmín Heresi,Calle Aniceto padilla y Villarroel ,Queru Queru,Departamento,"41,700 $us.","MONOAMBIENTE EN VENTA 

📌 C. Aniceto padilla 
📍Zona Queru Queru 
 
🏢CARACTERISTICAS DEL MONOAMBIENTE:

Más información 📱

✅ Ropero empotrado.
✅ Baño equipado con box de ducha
✅ Cocina encimera y lavaplatos con cajonería alta y baja.
✅ Frigobar 
✅ Microondas 
✅ Velador  
✅ Mesita de diario y sillas 
✅ Cama de dos plazas 
✅ Lámpara
✅ TV 

👉🏻 Piso 2 son 19m² 
💰 41.700$us cambio 6.97Bs.
 🗂️ Expensas 210bs (WiFi)

✨AREAS COMUNES:

#VN59 #venta #monoambiente #inversion #Noventa #90 #compra #QueruQueru #departamento #zonanorte #1dormitorio #Cochabamba #Bolivia #viralbolivia",,,"MONOAMBIENTE EN VENTA

📌 C. Aniceto padilla y Villarroel 
📍Zona Queru Queru 
Una cuadra del Stadium 

Ubicación estratégica, a pasos  de restaurantes, heladerías, cafeterías..

🏢CARACTERISTICAS DEL MONOAMBIENTE:

✅ Ropero empotrado.
✅ Baño equipado con box de ducha 
✅ Cocina encimera y lavaplatos con cajonería alta y baja.
✅ Frigobar 
✅ Microondas 
✅ Velador con lámpara 
✅ Mesita de diario y sillas 
✅ Cama de dos plazas ( juego de cama)
✅ Lámpara grande de piso
✅ TV de 42°

👉🏻 Piso 2 son 19m² 
 🗂️ Expensas 210bs (WiFi)
💰 41.700$us cambio 6.97Bs.

✨AREAS COMUNES:
🌳Terraza 360°
🥩Parrilleros
🕋 Salón de copropietarios 
🧺Jaulas de secado 
🧼Lavanderías


Agenda tu visita ❗","https://drive.google.com/file/d/1x_InrsJn4xf7I4LlCtI1f8YI576Zclzt/view?usp=drive_link, https://drive.google.com/file/d/1r5-bT4j5dfJ6VyzR6YFv8ctS-J7Odsfr/view?usp=drive_link, https://drive.google.com/file/d/1FLx8DYOFplhRvpT5uzKMs-Z-lQQ9lOEb/view?usp=drive_link, https://drive.google.com/file/d/1IUvSGE8Fe-PinFv0BfWPNbvjh6dnMymM/view?usp=drive_link, https://drive.google.com/file/d/12uidGn4hkdCggDF-_8FRDQOZqQwUi-xd/view?usp=drive_link, https://drive.google.com/file/d/10dR9OzXgciqXwbU3W-ehjdkSPFuY51m5/view?usp=drive_link, https://drive.google.com/file/d/1VgnPmwl_uRwEKvXaOZ9sXhi01LGBrCxs/view?usp=drive_link, "
PE7,LISTA 3,Martes,Jazmín Heresi,Calle Cochabamba ,Apote,Casas en Condominio,"185,000 $us.","𝐂𝐚𝐬𝐚𝐬 𝐞𝐬𝐭𝐢𝐥𝐨 𝐓𝐨𝐰𝐧𝐇𝐨𝐮𝐬𝐞 𝐝𝐞 𝟒 𝐝𝐨𝐫𝐦𝐢𝐭𝐨𝐫𝐢𝐨𝐬 𝐞𝐧 𝐯𝐞𝐧𝐭𝐚
¿Buscas espacio, comodidad y una excelente ubicación para t
📍 APOTE (Balneario Campiña)
📐 Superficie: desde 245.47m²
💸 185.000$us 
🛏️ 4 dormitorios

🐶 Pet friendly 
🗂️ Papeles en orden

Más información 
📲
 
#PE7 #departamento #cochabamba #venta #familiar #Noventa ","🏡 Casas estilo Townhouse de 4 dormitorios en 

🚨 ¡Vive con el espacio que tu familia merece en un entorno tranquilo y exclusivo!
venta
📍 Apote – Balneario Campiña
📐 Desde 245.47 m²
💰 $us 185.000 
🛏️ 4 dormitorios
🐶 Pet friendly
📄 Papeles en orden
✨ Diseño tipo townhouse: comodidad, privacidad y amplitud en un solo lugar

📲 Escríbeme hoy y agenda tu visita. 

¡Este tipo de propiedades no dura mucho en el mercado!

#Casas #tiquipaya #estilodevida #Noventa","𝐂𝐚𝐬𝐚𝐬 𝐞𝐬𝐭𝐢𝐥𝐨 𝐓𝐨𝐰𝐧𝐇𝐨𝐮𝐬𝐞 𝐝𝐞 𝟒 𝐝𝐨𝐫𝐦𝐢𝐭𝐨𝐫𝐢𝐨𝐬 𝐞𝐧 𝐯𝐞𝐧𝐭𝐚
Respirar aire puro nunca fue tan fácil 
📍 APOTE (Balneario Campiña)
📐 Superficie: desde 245.47m²
💸 185.000$us 
🛏️ 4 dormitorios

🐶 Pet friendly 
🗂️ Papeles en orden

Más información 
📲
 
#PE7 #departamento #cochabamba #venta #familiar #Noventa","𝐂𝐚𝐬𝐚𝐬 𝐞𝐬𝐭𝐢𝐥𝐨 𝐓𝐨𝐰𝐧𝐇𝐨𝐮𝐬𝐞 𝐝𝐞 𝟒 𝐝𝐨𝐫𝐦𝐢𝐭. 

📍 APOTE (Balneario Campiña)
🏨 Inmediaciones Hotel Regina 
📐 Superficie: desde 245.47m²

✅Pago al Contado 
✅Financiamiento bancario, reserva con el 30%

💸 185.000$us
📐Superficie Desde:
✔️ 245.47 m2 construidos

 ✅ 4 dormitorios 
🛏️ 2 Dormitorios 
🛏️ Suite
🛏️ Máster Suite
🚽 3 baños
🕋 Roperos empotrados
🎛️ cocina cerrada con cajoneria alta y baja 
🚗 Parqueo 2 vehículos
🔶 Balcón 
🌳 Terraza 
🪴 Jardín privado 
🧽 Área de lavado 
🥩 Parrillero
🐶 Pet frendly 
🗂️ Papeles al día 
💰 Financiamiento bancario 

✨ Áreas comunes 
🦺 Portería 
🏊‍♀️ Piscina techada y atemperada
👕 Vestuarios
🥩  parrilleros 2
🏤 Salón de propietarios 
🎡 Área infantil 

𝐀𝐠𝐞𝐧𝐝𝐚 𝐭𝐮 𝐯𝐢𝐬𝐢𝐭𝐚❗","https://drive.google.com/file/d/1MLxngf4fMEaO4nDXBU5r93DiD9U8A2LW/view?usp=drive_link, https://drive.google.com/file/d/1LlapZgERj4KP7rZLMakANtOoFhKWvapC/view?usp=drive_link, https://drive.google.com/file/d/15qkWrTVhPSZ867tZi4TkP7VtgXFtVAc1/view?usp=drive_link, https://drive.google.com/file/d/16jLelWUX7pdUqaY4p76pr4iMfKHJ5JhP/view?usp=drive_link, https://drive.google.com/file/d/1MAJUmlokZJ9hNVyOtNWaecIlWZgRo4so/view?usp=drive_link, "
VN60,LISTA 1,Miercoles,Gabriel Cañipa,C. Innominada S/N,Sirpita,Casa,"186,000 $us.","CASA EN VENTA!!!! 

A ESTRENAR!

 Cochabamba – Zona Sirpita

Superficie: 259,73m² 
 Construcción: 166,50m²
💰 Precio: $ 186.000 a T/C 7

Informes y visitas: 📲

Járdín con Parrillero Privado
Parqueo para 3 movilidades

#VN60 #Condominio #Venta #Casa #SIrpita","CASA A ESTRENAR EN VENTA!!!! 

Parqueo para 3 movilidades

 Cochabamba – Zona Sirpita

Superficie: 259,73m² 
 Construcción: 166,50m²
💰 Precio: $ 186.000 a T/C 7

Informes y visitas: 📲

Jardín con Parrillero Privado y zona de trote

#VN60",,"  HERMOSA CASA NUEVA EN VENTA!!!! 

 Cochabamba – Zona Sirpita

 Condominio Privado
Ideal para familias que buscan comodidad, tranquilidad y seguridad    

 Superficie: 259,73m² 
 Construcción: 166,50m²

💰 Precio: $ 186.000 a T/C 7

 Amplio living y comedor
 Escritorio para home office o estudio
 Baño de visitas con ducha  
 Cocina equipada y con isla central  
 Galería con parrillero  
 Área de lavado y jardín  
 Estar familiar  
 1 máster suite con balcón
 2 suites adicionales

Áreas comunes ✨:

🏊🏻Piscina 
💃🏻Salón de Copropietarios
🥩Parrillero común
🌳 Bosque de 1000 m2 con pista de trote 🏃🏻
🚨Seguridad con guardia y circuito de cámaras 🚔

 Papeles al día
¡NO ESPERES PARA AGENDAR TU VISITA! 📆 
","https://drive.google.com/file/d/1VH-QCXOiVEEqkqnX82i0rAnXmwudKN-F/view?usp=drive_link, https://drive.google.com/file/d/1E8Yy08CXUH3AUXmhIO6MCOVQOloXblC_/view?usp=drive_link, https://drive.google.com/file/d/1eR3BmmItaB0rfauuHrR3sWFAs9wH71By/view?usp=drive_link, https://drive.google.com/file/d/1EdRddn0XnqMbVc6wzi4l2Q2_MPbgDF0w/view?usp=drive_link, https://drive.google.com/file/d/1KB7jhWZ-5aPb-nr2K0FlhQxQyUyfITHQ/view?usp=drive_link, https://drive.google.com/file/d/1maPjiwBk3eIEEHDeNfmFwCEA5XN33AhF/view?usp=drive_link, "
AL68,LISTA 2,Jueves,Cecilia Ardaya,Av Humbold y Audiencia de Charcas,Stadium,Local Comercial,"15,000 Bs.","🚨 Local comercial en alquiler, excelente ubicación 💥

📐 Cuenta con 400 m² de superficie, 

📍Av. Humbold
 📌 zona Puente cobija 
 En planta baja
💰 Precio: 15.000 Bs 

📞📲 Más información y visitas:

ideal para oficinas, iglesia, supermercados , tiendas, academias, gimnasio, showrooms, importadores, farmacia.

#AL68 #AlquilerCochabamba #LocalComercial","🚨 Local comercial en alquiler, excelente ubicación 💥

Oficinas, iglesia, supermercados , tiendas, academias, gimnasio, showrooms, importadores, farmacia.

📍Av. Humboldt
 📌 zona Puente cobija 
 En planta baja
💰 Precio: 15.000 Bs 

📞📲 Más información y visitas:

📐 Cuenta con 400 m² de superficie, 

#AL68",,"🏢✨ LOCAL COMERCIAL EN ALQUILER – AV. HUMBOLT ✨🏢

📍 Ubicado sobre la Av. Humboldt

📐 Superficie: 400 m²
💰 Alquiler: Bs 15.000
🔹 Características:
🚪 Amplio ambiente principal
🚻 Baño privado
🚪Depósito 

💡 Medidores independientes
📍 Excelente visibilidad sobre avenida principal

Ideal ideal para oficinas, iglesia, supermercados , tiendas, academias, gimnasio, showrooms, importadores, farmacia, consultorios etc

Una excelente oportunidad para posicionar tu negocio en una zona estratégica y de alto movimiento.

💵Alquiler Bs. 15.000 
💵Garantía Bs. 15.000
Comisión inmobiliaria Bs.7.500

Cualquier consulta quedo atento 🤝","https://drive.google.com/file/d/1JNEwKSU-vDu3TUSapLV7DMazYnOgJCuu/view?usp=drive_link, https://drive.google.com/file/d/11n-fAa8vXWgAES-uJsq8UMEIDnW3celp/view?usp=drive_link, https://drive.google.com/file/d/1eHdHpCrOw0EiyEd85hzi6pfgEJ0OZvVk/view?usp=drive_link, https://drive.google.com/file/d/1mnz-vMYiA141RHBdnfSGgvMtch80zuZA/view?usp=drive_link, https://drive.google.com/file/d/1xQ_jvpT8izISNGXkXzNUooYSMDbFlho0/view?usp=drive_link, "
AL69,LISTA 3,Viernes,Jazmín Heresi,Avenida América y Beijing ,Sarco,Galpón ,"15,000 Bs.","⛺️galpón y oficinas en alquiler ⛺️

2 Plantas de oficinas

📍 Avenida América
📌 Sarco 
📐Superficie de 400 m2  
💰 15.000Bs.

Más información 📱

 ✅baños ✅cocina 🚙Garaje para autos

#AL69 #alquiler #galpon #taller #oficina #inversion","🚨 ¡Instala tu empresa en una de las avenidas más estratégicas de Cochabamba!
⛺️ Galpón + oficinas en alquiler
📍 Av. América – Sarco
📐 400 m²
🏢 2 plantas de oficinas
💰 Bs. 15.000
🚙 Garaje para autos
🚻 Baños
🍽️ Cocina

📲 Escríbeme hoy y agenda tu visita. ¡Espacios así se alquilan rápido!

#AL69 #oficinas #talleres #Noventa #inversion #futuro",,"⛺️galpón y oficinas en alquiler ⛺️

📍 Avenida América
📌 Sarco 
📐Superficie de 400 m2  
💰 15.000Bs.

Atención empresas , talleres de autos, restaurantes, depósitos, chaperia, Eléctricos, etc …

✅ Planta baja:

🔑2 ambientes medianos 
🔑2 ambientes pequeños 
🔑1 depósito 
🔑3 baños 
🔑Lavanderia

✅Planta Alta 

 Pueden usar como Depto para vivir o oficinas 

🔑3 ambientes 
🔑1 cocina con cajonería abierta
🔑1 baño 
🔑área de comedor 
🔑balcón 
🔑lavandería 

💧 Depósito de agua 10.000 litros con bomba.
💡 Electricidad monofásica 
🚙 Garaje para autos

✅Mes adelantado 15.000Bs
✅Garantía 15.000bs
✅Comisión inmobiliaria 7.500Bs 

Agenda tu visita ❗ 

","https://drive.google.com/file/d/1TLXqTvmWlyhz7AG6dh6y01UScKPcCTAN/view?usp=drive_link, https://drive.google.com/file/d/1zqFvicGb1USi2cb5MTmd4HxCyxkjp-Hu/view?usp=drive_link, https://drive.google.com/file/d/1EtVNcweHCQIpMWiNZgn0xUfB9NX_JG3P/view?usp=drive_link, https://drive.google.com/file/d/1NkBlv2n-UmPwwIU7VldlrV4bOgS2o-D2/view?usp=drive_link, https://drive.google.com/file/d/1gUM4HUYspjkFFzd7HIyOyE4mdhWvmPwG/view?usp=drive_link, https://drive.google.com/file/d/1txLTLE8WTbu9nu2nYhMSOe07y8TG26ZJ/view?usp=drive_link, "
VN61,LISTA 1,Sabado,Jazmín Heresi,América y Juan de la Rosa ,Sarco,Departamento,"169,000 $us.","🏬✨ DEPARTAMENTO EN VENTA SARCO ✨🏬

📍 Sarco  (AMÉRICA)

💵 Precio: 169.000$

📐Superficie: m² terreno área urbana
✔️ 148.67 m2 construidos

🪑 Escritorio 
🎛️ cocina cerrada 
 🛑 Área de servicio 
🐶 Pero Friendly 
✅ Vista a la calle
 
Más información 📱

#VN61 #Cochabamba #Departamento #Venta","🏡 Departamento en venta – Sarco

🔥 ¡Haz una compra inteligente en una de las zonas con mayor demanda de Cochabamba!

📍 Zona América 💰 $us 169.000 💸 Tipo de cambio: 7 Bs. 📐 148.67 m² construidos
✨ Ideal para familias que buscan amplitud, comodidad y una excelente ubicación.
🪑 Escritorio 🍽️ Cocina cerrada 🛑 Área de servicio 🐶 Pet Friendly 🌇 Vista a la calle

📲 Envíame un mensaje y conoce todos los detalles. ¡Agenda tu visita antes de que se venda!

#VN61 #Cochabamba #Departamento #Venta ","
DEPARTAMENTO 3DORMITORIOS EN VENTA 

🏡 ¡Deja de buscar, este departamento lo tiene todo! ✨
📍 Sarco – Av. América 📐 148,67 m² 💰 $us 169.000
✅ Cocina cerrada ✅ Escritorio ideal para home office ✅ Pet Friendly 🐶 ✅ Vista a la calle
💡 Una excelente opción para vivir o invertir en una de las zonas más buscadas de la ciudad.

📲 Escríbeme ahora y agenda tu visita antes de que otro comprador se adelante.","🏬✨ DEPARTAMENTO EN VENTA SARCO✨🏬

📍(América y Juan de la rosa )

💵 Precio: 169.000$ 
Tipo de cambio 7Bs.

📐Superficie: m² terreno área urbana
✔️ 148.67 m2 construidos

🛏️ 1 Dormitorio suite  
🚽baños
🛌🏻 2 dormitorios 
🛀🏻 Baño de visita 
🪑 Escritorio 
🚪 Roperos empotrados 
🎛️ cocina cerrada con cajonería alta y baja
 🛑 Área de servicio con calefón y balcón 
🐶 Pero Friendly 

✅ Vista a la calle desde las habitaciones.
🪟 Ventanas incluye las cortinas 

⚡Areas comunes ⚡
🏊🏻‍♀️ Piscina 
🛀🏻 Jacuzzi
🧱  parrillero
🏤 Salón de copropietarios

Agenda tu visita ❗","https://drive.google.com/file/d/19bZi2WmlzPYAwUpa0dhY2oMUpn_JZANk/view?usp=drive_link, https://drive.google.com/file/d/1n36If5bSz2mUqCxLCgDtEAoMnewiunYF/view?usp=drive_link, https://drive.google.com/file/d/1kGcQg_K7iz46cH4366x2pAIiT1RYFiOl/view?usp=drive_link, https://drive.google.com/file/d/1a5YuNkMdccertAHqm7VTcnm6bJjxUCnT/view?usp=drive_link, https://drive.google.com/file/d/1Zfq7NYD57eHZKWsrLxN-aWPZlm1ao_IW/view?usp=drive_link, https://drive.google.com/file/d/12spWjoP6qHmIe-n0m7_AIOd-g_pxHqkf/view?usp=drive_link, https://drive.google.com/file/d/1pb3nYMROE7myYezDPxCQKJZZFPzFt25d/view?usp=drive_link, https://drive.google.com/file/d/1Sin22MvgawGhriWrer2FC24ezVozUTbt/view?usp=drive_link, "
VN62,LISTA 2,Domingo,Jazmín Heresi,America y Juan de la Rosa,Sarco,Departamento,"130,000 $us.","🏬✨ DEPARTAMENTO EN VENTA✨🏬

📍 Sarco  (Juan de la rosa )

💵 Precio: 130.000$ 
☀️ Orientación Norte
📐Superficie: 114.51 m2 

🎛️ cocina cerrada 
 🛑 Área de servicio 
🐶 Pet Friendly 
✅ Vista a la calle
 

Más información 📱

#VN62 #Cochabamba #Departamento #venta","✨ El hogar ideal combina ubicación, comodidad y una excelente distribución. ¡Este departamento lo tiene todo!
📍 Sarco – Juan de la Rosa 📐 114.51 m² 💰 $us 130.000.
☀️ Orientación Norte 🍽️ Cocina cerrada 🛠️ Área de servicio 🐶 Pet Friendly 🌇 Vista a la calle

📲 Solicita más información y conoce tu próximo hogar.

#VN62 #Cochabamba #Departamento #Venta #Noventa #Norte ","🏡 ¡La ubicación que todos buscan, al precio que pocos encuentran! ✨

Departamento 3Dormitorios en venta 

📍 Sarco – América y Juan de la Rosa 🛏️ 3 dormitorios (1 en suite) 📐 114,51 m² ☀️ Orientación norte | Vista a la calle | Cocina cerrada | Pet Friendly 🐶
💰 $us 130.000 

📲 Agenda tu visita hoy. Las mejores oportunidades en esta zona se venden rápido.","🏬✨ DEPARTAMENTO EN VENTA✨🏬

📍 Sarco  (América y Juan de la rosa )

💵 Precio: 130.000$ 
💰 Tipo de cambio 7bs
📐Superficie: 114.51 m2 

🛏️ 1 Dormitorio suite  
🚽baño compartido 
🛌🏻 2 dormitorios 
🛀🏻 Baño de visita 
🚪 Roperos empotrados 
🎛️ cocina cerrada con cajonería alta y baja
 🛑 Área de servicio con calefón y balcón 
🐶 Pet Friendly 

✅ Vista a la calle desde las habitaciones.
🪟 Ventanales amplios
☀️ Orientación Norte

Agenda tu visita ❗","https://drive.google.com/file/d/1jrtwv7fd7RivlQF4dDpkbz1CyCBI2ik6/view?usp=drive_link, https://drive.google.com/file/d/1iUA9xPJ33019AbDaMwDU8YLGQnBQzjIU/view?usp=drive_link, https://drive.google.com/file/d/1Hw7GEjZ5HykSY9vFexWTdKj00uFL_iDg/view?usp=drive_link, https://drive.google.com/file/d/1yDwc5UXzmw_Awa3rXam7BEn-ZlBJXaA0/view?usp=drive_link, https://drive.google.com/file/d/1uFgfnpu4OsRAS8KmyRXjGiJUCEWoxdUZ/view?usp=drive_link, https://drive.google.com/file/d/1CZAH8rRmi3mLioY5pIJK-K8fFipA0RvA/view?usp=drive_link, "
VN63,LISTA 3,Lunes,Jazmín Heresi,Illapa y Lucas Mendoza ,Sarco,Departamento,"65,000 $us.","GARZONIER EN VENTA

📍SARCO
 Calle. Illapa 
💰65.000 $us.
📐40.79m²
🪙Tipo de cambio 6.96Bs.

 🛏️ Dormitorio
 🚽 1 Baño
🍴Cocina estilo americana con cajonería alta y baja
🛋️Living comedor
✨Balcón con parrillero propio 
🧼area de lavado
  
🗃️ Expensas 300bs
🚪 incluye Baulera 

💎Áreas comunes en terraza✨

Más información 📱

#VN63 #Venta #nuevo #viralbolivia #inversion #1dormitorio #Noventa #90 #Cochabamba #Bolivia #Departamento #Baulera #zonaSarco #ejecutivo #airbnb",,,"GARZONIER EN VENTA

📍SARCO
 Calle. Illapa 
💰65.000 $us.
📐40.79m²
🪙Tipo de cambio 6.96Bs.


 🛏️ Dormitorio
 🚽 1 Baño
🍴Cocina estilo americana con cajonería alta y baja, equipada con cocina encimera, estractor y horno
🛋️Living comedor
✨Balcón propio con parrillero 🥩
🧼area de lavado

Piso 7  orientación Sud
🗃️ Expensas 300bs
(mantenimiento edificio, ascensor y portería 24/7
🚪 incluye Baulera 

💎Áreas comunes en terraza✨

🌳Vista panorámica 
🥳Salon de Copropietarios
🥩Parrilleros 
🏋🏻‍♀️Calistenia
🚿🐶 Baño mascotas 

𝐀𝐠𝐞𝐧𝐝𝐚 𝐭𝐮 𝐯𝐢𝐬𝐢𝐭𝐚❗","https://drive.google.com/file/d/1KonE7yojEeqjzRrdFLoFvMHwpqRc0Pch/view?usp=drive_link, https://drive.google.com/file/d/1_ixS2WF7s80bJ02jnPmyoQaIBA4hQh-n/view?usp=drive_link, https://drive.google.com/file/d/1CojsB_HpH_lDkZQXESKYCvPzDLAahSiK/view?usp=drive_link, https://drive.google.com/file/d/1jGRLojslZLAyDcf8CddzfCu-LtphXYtx/view?usp=drive_link, https://drive.google.com/file/d/1hpMEH3EIVjB6kCAQ_hnEIzxa-miBzbT0/view?usp=drive_link, https://drive.google.com/file/d/17vW684uZgzGuE-ZviMCdmIJBysoY6ETY/view?usp=drive_link, "
PV21,LISTA 1,Martes,Jazmín Heresi,Avenida Santa Cruz y puente Antezana ,Queru Queru,Edificio de Departamentos,"56,000 $us.","⛔DEPARTAMENTOS PREVENTA⛔  
📍Inmediaciones Puente Antezana  
📌 Queru Queru 

MONOAMBIENTES desde:  
💰$us 56.000
📐 40.00 m² 
🛏️ Dormitorio
🛋️ Living
🚽Banco
🎛️ Cocina encimera con cajonería alta y baja 

Más información 📱

✨AREAS COMUNES✨ 

29 PISOS DE DEPARTAMENTOS
Se acepta pago en bolivianos al tipo de cambio oficial 👮‍♀️ 6.96 

💵 NO PIERDAS ESTÁ OPORTUNIDAD💵. 

Entrega DICIEMBRE 2027

#PV21 #Bolivia #venta #preventa #monoambiente #Noventa #90 #inversion #QueruQueru #Departamento #1D","🚨 PREVENTA EXCLUSIVA DE DEPARTAMENTOS EN QUERU QUERU 🚨
✨ Invierte hoy en un proyecto de alta plusvalía en zona norte ✨
📍 Inmediaciones Puente Antezana – Queru Queru
🏙️ Monoambientes en preventa
📐 Desde 40 m²
💰 Desde $us 56.000
🛋️ Living
🛏️ Dormitorio
🚽 Baño
🍳 Cocina equipada con cajonería alta y baja
🏢 Proyecto de 29 pisos de departamentos
💱 Pago en bolivianos al tipo de cambio oficial: 6.96
🗓️ Entrega: Diciembre 2027
✨ Áreas comunes pensadas para confort y estilo de vida moderno

📲 Solicita informacion 

#Noventa #QueruQueru #inversion #rentabilidad #1D","DEPARTAMENTOS PREVENTA 
📍 Aniceto padilla 
📌 Queru Queru 

MONOAMBIENTES desde:  
💰$us 56.000
📐 40.00 m² 
🛏️ Dormitorio
🛋️ Living
🚽Banco
🎛️ Cocina encimera con cajonería alta y baja 

Más información 📱

✨AREAS COMUNES✨ 

29 PISOS DE DEPARTAMENTOS

Entrega DICIEMBRE 2027

#PV21 #Bolivia #venta #preventa #monoambiente #Noventa #90 #inversion #QueruQueru #Departamento #1D","DEPARTAMENTOS PREVENTA⛔  
📍Inmediaciones Puente Antezana  
📌 Queru Queru 

MONOAMBIENTES desde:  
💰$us 56.000
📐 40.00 m² 
🛏️ Dormitorio
🛋️ Living
🚽Banco
🎛️ Cocina encimera con cajonería alta y baja 

✨AREAS COMUNES ✨

🏊🏻‍♀️Piscina atemperada 
🏋🏻Gimnasio equipado
🥩Parrilleros  
🎟️Salón de Eventos
👒Terraza jardín
👚Jaulas de secado
🧖🏻‍♂️Sauna 

29 PISOS DE DEPARTAMENTOS  
Se acepta pago en bolivianos al tipo de cambio oficial 👮‍♀️ 6.96 
💵 NO PIERDAS ESTÁ OPORTUNIDAD!!  

Zona estratégica para inversión, ideal para Airbnb..
Zona de alta demanda, un punto importante cerca de universidades, supermercados, hospitales, etc 

Entrega DICIEMBRE 2027

Agenda tu visita ❗","https://drive.google.com/file/d/1v8DA_VmK4RkXvgiCgwSJMmZmlPTDiTJB/view?usp=drive_link, https://drive.google.com/file/d/1yavrSliG_o2ANBALfikdUNY355LXI859/view?usp=drive_link, https://drive.google.com/file/d/1Io_BGFJ8XU6_eGk5WHcUeqWEZGuECyUj/view?usp=drive_link, https://drive.google.com/file/d/1lEF7G4Xul9vLHZpfgpvhPNAzAkLe5lpK/view?usp=drive_link, https://drive.google.com/file/d/15mmMDwTQkpmjOHUVAaTUuB0H1pYJdC1v/view?usp=drive_link, https://drive.google.com/file/d/1z0P1c1T4v9qg8EM_2g8_rjTaCiyA1ExB/view?usp=drive_link, "
VN64,LISTA 2,Miercoles,Jazmín Heresi,Irigoyen y chimané,Sarco,Departamento,"765,000 Bs.","✨🏢 DEPARTAMENTO EN VENTA 🏢✨

A ESTRENAR 


📍 Ubicación: Calle Irigoyen 
☀️ Orientación Norte
💰 Bs. 765.000 Ofertable
📐 Superficie: 74 m²
🛏️ 2 dormitorios (1suite) ambos con balcones🌳

🚗 Incluye parqueo 
🪟 Ventanales de piso a techo

📲 Más información 

#VN64 #Venta #Sarco #Departamento",,,"✨🏢 DEPARTAMENTO A ESTRENAR EN VENTA 🏢✨

Confort, estilo y una ubicación estratégica para vivir con tranquilidad y modernidad 🌿

📍 Ubicación: Calle Irigoyen solo 1 cuadra de la Av. Beijing
☀️ Orientación Norte
💰 Bs. 765.000 Ofertable
🧾 Expensas: Bs. 140
📐 Superficie: 74 m²
🛏️ 2 dormitorios (1suite) ambos con balcones🌳
🍽️ Cocina estilo americano
🛋️ Sala amplia e iluminada con balcón 🌳
🪟 Ventanales de piso a techo
🏢 Piso 6
🚗 Incluye parqueo 


✨ Áreas comunes:
💃🏻 Salón de eventos 
🏋️ Parrilero
👥 Salón de copropietarios
🛝 Parque infantil
🧺 Jaulas de secado

🔑 Agenda tu visita ❗","https://drive.google.com/file/d/1EukP0SCVlgqZ9KvOazH6hCAlYNQXg7_f/view?usp=drive_link, https://drive.google.com/file/d/1YKrFFep2ARqgTilQ3t1wRdCjMo6_y5vD/view?usp=drive_link, https://drive.google.com/file/d/121WLpby6l-DiU6apS_-SEeFDiFDv_ZLc/view?usp=drive_link, https://drive.google.com/file/d/1ZZDtWMwhs4u0-zpP7_Jm7FvbYjH9EJXZ/view?usp=drive_link, https://drive.google.com/file/d/1rukTdB3DThS2Wt6_Vi9_hweUtUWRq00L/view?usp=drive_link, https://drive.google.com/file/d/1II7EK8ILd_xvv-2GSk_rd5m0HDUx4Udb/view?usp=drive_link, https://drive.google.com/file/d/1d_i0g_y-kNwqVt0W085wf8mkfmGDyKY5/view?usp=drive_link, https://drive.google.com/file/d/1V6i0nFDQKd1RvtdQSxh3OBKidAHnudE5/view?usp=drive_link, "
AL70,LISTA 3,Jueves,Jazmín Heresi,Túpac Amaru y Hualparrimachi ,Cala Cala,Departamento,"2,500 Bs.","DEPARTAMENTO AMOBLADO DE 1DORMITORIO EN ALQUILER CALA CALA 

📌 AMERICA Y TARIJA

🛏️ Departamento 1 Habitación 
🚪 Ropero empotrado
🎛️Cocina estilo americano cajonería alta y baja 
🚽 Baño con box 
📐 45m2
🌳 Balcón en área de lavado 
💰 2500Bs. (Incluye expensas)
☀️ Orientación norte 
 🐕 Pet frendly 

✨Aéreas comunes

Más información 📱 

#Alquiler #Cochabamba #1Dormitorio #Bolivia #Noventa #90 #Estudiantes #Calacala #zonanorte #viralbolivia #Departamento 
",,,"DEPARTAMENTO AMOBLADO DE 1DORMITORIO EN ALQUILER CALA CALA 

📌 AMERICA Y TARIJA

🛏️ Departamento 1 Habitación
🚪 Ropero empotrado
🎛️Cocina estilo americano cajonería alta ybaja
🛋️ Living y comedor
🚽 Baño con box 
📐 45m2
🌳 Balcón en área de lavado 
💰 2500Bs. (Incluye expensas)
☀️ Orientación norte 
 🐕 Pet frendly 

✅ Características del departamento 
✨Refrigerador 
✨Cocina
✨comedor de 6 sillas
✨ Lavadora 
✨ Living (2 sillones)
✨ Veladores 2

✅Aéreas comunes  

🏊🏻Piscina  
🛀🏻 Jacuzzi
🕋 Salón de copropietarios  
🥩 Churrasquero  
🚏 Ascensores 
👨🏻‍✈️Seguridad en el edificio


✅ Mes adelantado 2500Bs.
✅ Garantía 2500Bs.
✅ Comisión inmobiliaria 1750Bs.

Agenda tu visita ❗ 
","https://drive.google.com/file/d/1A5ulSqYN3Us8g7SX8168ITG-hT2B4E9l/view?usp=drive_link, https://drive.google.com/file/d/1EnoeJE_q2h6Z21vhLckxIFv00mrcKj0y/view?usp=drive_link, https://drive.google.com/file/d/1DXNBgWrYYbMDFDir4uXf8hXfNl2hgeB_/view?usp=drive_link, https://drive.google.com/file/d/1ayKnCduESkGiHiFUur7uxlbZVGKkpvBn/view?usp=drive_link, https://drive.google.com/file/d/1lIDiVwkSHgiJf1SyUjQHSr6DBbR4mG5i/view?usp=drive_link, "
VN65,LISTA 1,Viernes,Cecilia Ardaya,J. De los Rios s /n,Alto Aranjuez,Casa,"445,000 $us.","🚨 𝐂𝐀𝐒𝐀 𝐄𝐍 𝐕𝐄𝐍𝐓𝐀 – 

𝐀𝐌𝐏𝐋𝐈𝐀  Y DE 4 𝐏𝐋𝐀𝐍𝐓𝐀𝐒 🚨

📏 Superficie terreno : 450.40 𝐦²
📐 Superficie construida 608.82 𝐦²
💵 𝐏𝐫𝐞𝐜𝐢𝐨: 445.000 $𝐮𝐬

Contáctame para más información o agendar tu visita.📱 

🩳 Sauna piscina atemperada 
🚗 Garaje para 4 vehículos

#VN65 #venta #casa #Cochabamba","🚨 𝐂𝐀𝐒𝐀 DE 4 𝐏𝐋𝐀𝐍𝐓𝐀𝐒 𝐄𝐍 𝐕𝐄𝐍𝐓𝐀 🚨

🚗 Garaje para 4 vehículos

📏 Superficie terreno : 450.40 𝐦²
📐 Superficie construida 608.82 𝐦²
💵 𝐏𝐫𝐞𝐜𝐢𝐨: 445.000 $𝐮𝐬

Contáctame para más información o agendar tu visita.📱 
🩳 Sauna piscina atemperada 

#VN65",,"🚨 𝐂𝐀𝐒𝐀 𝐄𝐍 𝐕𝐄𝐍𝐓𝐀 – 𝐀𝐌𝐏𝐋𝐈𝐀  4 𝐏𝐋𝐀𝐍𝐓𝐀𝐒 🚨

📏 Superficie terreno : 450.40 𝐦²
📐 Superficie construida 608.82 𝐦²

💵 𝐏𝐫𝐞𝐜𝐢𝐨: 445.000 $𝐮𝐬
💰 Tipo de cambio paralelo del día 

🔥 PROPIEDAD IDEAL PARA FAMILIAS GRANDES O INVERSION🔥

🏡 Casa de cuatro plantas, con excelente distribución, ambientes amplios y espacios diseñados para disfrutar y generar valor.
⸻
🏠 𝐃𝐈𝐒𝐓𝐑𝐈𝐁𝐔𝐂𝐈𝐎𝐍 𝐃𝐄𝐋 𝐈𝐍𝐌𝐔𝐄𝐁𝐋𝐄

🔹 Recibidor
🔹 Sala de estar y comedor
🔹 Departamento dúplex 
🔹 Monoambiente 
🔹 Cocina + cocineta
🔥 Área de parrillero
🌿 Jardín
🩳 Sauna piscina atemperada 
🚗 Garaje para 4 vehículos

3ra Planta 
🔹 Estar familiar
🔹 3 dormitorios en suite
🔹 Area de lavado 
🔹 Balcón

4ta Planta 
🛏️ Dormitorio en suite con baño privado
🛋️ Sala de estar 
🚽 Baño 
🍲 Cocina, Parrillero 
🚨 terrazas 

𝐕𝐄𝐍𝐓𝐀𝐉𝐀𝐒 𝐂𝐋𝐀𝐕𝐄
✅ Terreno amplio de 450.40 m²
✅ Ambientes funcionales y bien distribuidos
✅ Área social completa (jardín + parrillero)
✅ Ideal para uso familiar o mixta
⸻
📈 Propiedades con este tamaño de terreno, distribución y áreas sociales son altamente demandadas en el mercados.

Contáctame para más información o agendar tu visita.
🚨 Oportunidad lista para cerrar negocio.
","https://drive.google.com/file/d/1YhvFVJDkeuKGb0XW5kLf3ctSOFMPMwnQ/view?usp=drive_link, https://drive.google.com/file/d/1WWVWw6LUX4xavvRbLAH4QolwrjNN1exV/view?usp=drive_link, https://drive.google.com/file/d/1uu7o5bX4AqjTDRQBodEm_qqBmG9Z6UL7/view?usp=drive_link,  https://drive.google.com/file/d/1CGU-LRAZ5swaxMsLnQUfUHu15ZsYxCTa/view?usp=drive_link, https://drive.google.com/file/d/14lysemMtUbVjq8wBZnaPOEWyFvA00WHd/view?usp=drive_link, https://drive.google.com/file/d/1ycINjPmfYAfMNtJdiSvHn4vtEX4B1gfD/view?usp=drive_link, https://drive.google.com/file/d/1KXRC9ovKUYdgVmjDIW0BiuD_-6MhKBql/view?usp=drive_link, "
VN66,LISTA 2,Sabado,Cecilia Ardaya,J. De Los Rios s/n,Alto Aranjuez,Lote,"200,000 $us.","𝐋𝐎𝐓𝐄 𝐝𝐞 𝐓𝐄𝐑𝐑𝐄𝐍𝐎 𝐞𝐧 𝐕𝐄𝐍𝐓𝐀 🌳 

 🏡 Perfecto para construir tu hogar 

📍 𝐙𝐎𝐍𝐀: Alto Aranjuez 
💵 Precio: $us 200.000
📐 Superficie: 512 m2
 💱 T/c: del día                 

🚍 Transporte Público p/la zona 
💧 servicios básicos.

📲 Mayor información :

#VN66 #Cochabamba #terrenosenventa #AltoAranjuez","𝐓𝐄𝐑𝐑𝐄𝐍𝐎 𝐞𝐧 𝐕𝐄𝐍𝐓𝐀 🌳 

 🏡 Perfecto para construcción

📍 𝐙𝐎𝐍𝐀: Alto Aranjuez 
💵 Precio: $us 200.000
📐 Superficie: 512 m2
 💱 T/c: del día                 

🚍 Transporte Público p/la zona 
💧 servicios básicos.

📲 Mayor información :

#VN66",,"
  𝐋𝐎𝐓𝐄 𝐝𝐞 𝐓𝐄𝐑𝐑𝐄𝐍𝐎 𝐞𝐧 𝐕𝐄𝐍𝐓𝐀 🌳 
📍 𝐙𝐎𝐍𝐀: Alto Aranjuez 

💵 Precio: $us 200.000
💱 T/c: del dia
📐 Superficie: 512 m2
📐 De frente 12,50 m
📐 De fondo 41,00 m
Amurallado
                          
 🏡 Perfecto para construir tu hogar 
🚍 Transporte Público p/la zona 
💧 Con acceso a servicios básicos en la zona 
🗂 Documentación en orden
 🪧 Posesión y entrega Inmediata
 📝 Financiamiento bancario 

Imagina construir tu hogar en una zona exclusiva, tranquila y con alta proyección de crecimiento… este lote es esa oportunidad 🏡💫

Programa tu visita 🤝 
","https://drive.google.com/file/d/1IITn7_TOjJvq81BOASlQ2ftZYnq-C-_S/view?usp=drive_link, https://drive.google.com/file/d/1Sb-WZH1Znf_vE6jR8Tm5PSOw2beobPqw/view?usp=drive_link, https://drive.google.com/file/d/1l4mL2A3tKQuTsFoHlk8d8mNzqMaO61wO/view?usp=drive_link, https://drive.google.com/file/d/1vE7xOkuaNw4j6465kW0aAlo9Zu9GHoMd/view?usp=drive_link, "
AL71,LISTA 3,Domingo,Jazmín Heresi,Calle Man césped esquina Enrique arce ,Cala Cala,Departamento,"2,400 Bs.","DEPARTAMENTO AMOBLADO DE 1 DORMITORIO EN ALQUILER  

📌 Man césped 
📍ZONA CALA CALA 

🛏️ Departamento  1 Dormitorio
🚪 Ropero 
🎛️Cocina estilo americano cajonería alta y baja 
🚽 Baño con box 
📐 45m2
🌳 Jardín compartido 
💰 2400Bs. (Incluye servicios básicos)
 🐕 Pet frendly 

Más información 📱 

#AL71 #Alquiler #Cochabamba #1Dormitorio #Bolivia #Noventa #90 #Estudiantes #Calacala #zonanorte #viralbolivia #Departamento 
",,,"DEPARTAMENTO AMOBLADO DE 1 DORMITORIO EN ALQUILER 

📌  Man césped y J de Ríos.
Zona Cala Cala ( una cuadra de la rotonda)
🛏️ Departamento garzonier 
🚪 Ropero 
🎛️Cocina estilo americano cajonería alta ybaja
🛋️ Living y comedor
🚽 Baño con box 
📐 45m2
🌳 Jardín compartido
💰 2400Bs. (Incluye servicios básicos)
 🐕 Pet frendly 

✅ Características del departamento 
✨Refrigerador 
✨Cocina con estractor 
✨comedor de 6 sillas 
✨ Lavadora 
✨ Living (3 sillones y mesita del centro)
✨ Cama dos plazas 
✨ Cómoda (peinador)
✨ Velador


✅ Mes adelantado 2400Bs.
✅ Garantía 2400Bs.
✅ Comisión inmobiliaria 2400Bs.

Agenda tu visita ❗ 
","https://drive.google.com/file/d/1iFF_hqIofGUokNrq5gOHp-ftLoJWMmX8/view?usp=drive_link, https://drive.google.com/file/d/1codVHWNcUDS7pZUR3-h1rLC4w-qvpiDm/view?usp=drive_link, https://drive.google.com/file/d/1vTcaVnLeE6I1fv3l69Lbk-1Y7aID8ZcQ/view?usp=drive_link, https://drive.google.com/file/d/1eqNRog5ejjpy2L-tuZcZHzVqx4omR3Aw/view?usp=drive_link, https://drive.google.com/file/d/1usUAZ5js2U8xm9Bqb9MWZFIBPmDREtJn/view?usp=drive_link, https://drive.google.com/file/d/1wVoIMri_EeM3kPpa9FbU76VdoCqSaPBe/view?usp=drive_link, "
VN67,LISTA 1,Lunes,Gonzalo Fuentes,Calle innominada e ingavi ,Sacaba,Casa,"193,000 $us.","CASA EN VENTA 

A ESTRENAR

📍 Av. Ingavi - Sacaba
📐 Superficie de terreno: 390 m2
📐 Superficie construida: 285 m2
 💵 193.000$us
🪙 TC/ del día 

Cuenta con toda la documentación al día y todos los servicios básicos.

Consultas 📱

#VN67 #casa #Sacaba #venta ","CASA A ESTRENAR EN VENTA 

Cuenta con toda la documentación al día y todos los servicios básicos.

📍 Av. Ingavi - Sacaba
📐 Superficie de terreno: 390 m2
📐 Superficie construida: 285 m2
 💵 193.000$us
🪙 TC/ del día 

Consultas 📱

#VN67",,"CASA EN VENTA A ESTRENAR
📍 Av. ingavi - Sacaba

📐 Superficie de terreno: 390 m2
📐 Superficie construida: 285 m2
 💵 193.000$us
🪙 TC/ del día 

PLANTA BAJA
▫️Sala
▫️Comedor 
▫️Cocina con despensa
▫️Área de servicio 
▫️Cuarto o estudio
▫️Baño de visitas

PLANTA ALTA 
▫️Suite con vestidor y baño privado
▫️Sala de televisión con terraza
▫️2 dormitorios con baño compartido y balcones

PLANTA ALTILLO
▫️Suite con baño privado
▫️Terraza semi cubierta con sala familiar y parrillero
▫️Baño auxiliar 

🌳 Amplio jardín
🚗 Garaje 
Cuenta con toda la documentación al día, planos aprobados de construcción y todos los servicios, agua, energía y gas.

AGENDA TU VISITA!!","https://drive.google.com/file/d/1V_TyAzH9LZe_w3FRKb6ci2QMuSuvyJ8I/view?usp=drive_link, https://drive.google.com/file/d/1AjXyixfNo1OXiGBzXxcpcTOuQIBVkZ93/view?usp=drive_link, https://drive.google.com/file/d/14Vhz5BGhE-xrm2XyivLHjZ1CZ5d6HomF/view?usp=drive_link, https://drive.google.com/file/d/1qwcXwyQMD7zjhvfSL-Sd-yBGAXgHA5iI/view?usp=drive_link, https://drive.google.com/file/d/18V1IxRgiXkdnWrTtHY9lLSUwb3IxMen_/view?usp=drive_link, https://drive.google.com/file/d/1IA82F9WKCXRIZIMLIY0tIM4FZBC5dwh9/view?usp=drive_link, https://drive.google.com/file/d/1cMfNQBQaqbmlujtKeX1S9bOtYFJ0jGdH/view?usp=drive_link, "
PV22,LISTA 2,Martes,Claudia Campos,Av. Simon López ,Cala Cala,Edificio de Departamentos,"29,294 $us.","MONOAMBIENTES Y DEPARTAMENTOS DE 1, 2 Y 3 DORMITORIOS

📍Ubicado en Zona Cala Cala, Av. Simón López
ENTREGA DICIEMBRE 2026

- Monoambientes desde $us 29.294
- Departamentos de 1 Dormitorio desde $us 65.589
- Departamentos de 2 Dormitorios desde $us 83.723
- Departamentos de 3 Dormitorios desde $us 142.789

🪙Tipo de Cambio  Bs. 6,96 Bs.

🛑 Áreas comunes 

Solicita más información:
📱

“SIN COMISIÓN INMOBILIARIA”
#PV22 #Departamento #Alquiler #2dormitorios #3dormitorios #Cochabamba #Bolivia #inversion #venta #departamentos","DEPARTAMENTOS DE 1, 2 Y 3 DORMITORIOS

📍Ubicado en Zona Cala Cala, Av. Simón López
ENTREGA DICIEMBRE 2026

- Monoambientes desde $us 29.294

Solicita más información:
📱

🪙Tipo de Cambio  Bs. 6,96 Bs.
“SIN COMISIÓN INMOBILIARIA”

#PV22",,"MONOAMBIENTES Y DEPARTAMENTOS DE 1, 2 Y 3 DORMITORIOS

📍Ubicado en Zona Cala Cala, Av. Simón López
ENTREGA DICIEMBRE 2026

- Monoambientes desde $us 29.294
- Departamentos de 1 Dormitorio desde $us 65.589
- Departamentos de 2 Dormitorios desde $us 83.723
- Departamentos de 3 Dormitorios desde $us 142.789

🪙Tipo de Cambio  Bs. 6,96 Bs.

Características:
🫕 Cocina con cajonería alta y baja.
🔅 Mesones de granito.
🛌 Dormitorios con roperos empotrados.
🪀 Grifería importada .

Además:
🌳 Áreas de esparcimiento.
🏊 Piscina.
🌬️ Sauna.
🥂 Salón de copropietarios.
🥩 Área de churrasquero.
📹 Sistema de seguridad con circuito cerrado.

𝐀𝐠𝐞𝐧𝐝𝐚 𝐭𝐮 𝐯𝐢𝐬𝐢𝐭𝐚❗","https://drive.google.com/file/d/1-GGw-JIRmgifZpyVZf2qMJke_jVwVqvf/view?usp=drive_link, https://drive.google.com/file/d/1leqcm1jO6yMXn5uPB90vJADjeWtono-m/view?usp=drive_link, https://drive.google.com/file/d/184mU9EUGQmyZQSQF2WRW1G3K0ElKqvKF/view?usp=drive_link, https://drive.google.com/file/d/1nSf_ZTDfY4RHBqOm6bPEtSZbGY6Ihn1s/view?usp=drive_link, https://drive.google.com/file/d/19FfrZugSHhR3NLM8S8tSO3vXdhCyrbfb/view?usp=drive_link, https://drive.google.com/file/d/1Km_wcx9N3sgPhk6nBe0sp9KhD__GZbTa/view?usp=drive_link, https://drive.google.com/file/d/1WKCpE2T13ycZpgQzu8rNRFepPD6UZl5l/view?usp=drive_link, https://drive.google.com/file/d/1MgH5nigvnxuLWH69vans995r4duLOcXT/view?usp=drive_link, https://drive.google.com/file/d/1QzcFA5-IsXnkCaQ-hPrbujnn_eMAAKum/view?usp=drive_link, "
AL72,LISTA 3,Miercoles,Claudia Campos,Calle Pedro Blanco ,Queru Queru,Oficina ,"2,600 Bs.","🏢 *OFICINA EN ALQUILER*

📍 Ubicación estratégica y céntrica
📌 Av. Santa Cruz 
🚶‍♂️ A solo unos pasos de la avenida América. 

📝  * 2 ambientes 
🫧 Una Cocineta 
🚻 1 Baño 
📐 54 m² 
💰 Alquiler: Bs. 2.600
💰 Amoblada: Bs. 3.000

✨ Ideales para:
✔ Oficinas administrativas
✔ Consultorio médico 
✔ Laboratorios 


📞📲 Más información y visitas:

#AL72 #AlquilerCochabamba #LocalComercial #EmprendeYa #NegocioPropio cochabamba Bolivia alquiler#90Noventa 
",,,"🏢 *OFICINA EN ALQUILER*

📍 Ubicación estratégica y céntrica
📌 Av. Santa Cruz 
🚶‍♂️ A solo unos pasos de la avenida América. 

📝  * 2 ambientes 
🫧 Una Cocineta 
🚻 1 Baño 
📐 54 m² 
💰 Alquiler: Bs. 2.600
💰 Amoblada: Bs. 3.000
Consta de:
 🛋️  Un sillón de 3 asientos.
 🖥️Un escritorio
⛩️ Dos mesas esquineras
Una camilla (opcional)

💵 Mes adelantado 2.600
💵 Comisión inmobiliaria 1. 300 

✨ Ideales para:
✔ Oficinas administrativas
✔ Consultorio médico 
✔ Laboratorios 

📞📲 Agenda tu visita Hoy 
","https://drive.google.com/file/d/1whCQeX3I-swlmFQnclbC7_o7-bZeCM4h/view?usp=drive_link, https://drive.google.com/file/d/1rv-GXj2zMQ_079Wxeo2Xv8aOUfslvxGz/view?usp=drive_link, https://drive.google.com/file/d/1b5LoqDprR7LAbp33L9ZEZInDPLVCIk2k/view?usp=drive_link, https://drive.google.com/file/d/1iUb_PalIZygtRsH2w4b6HjyOyTgfNPBc/view?usp=drive_link, https://drive.google.com/file/d/1sc6q-GulcLx23WZUo2F1V9robcC2_Vr8/view?usp=drive_link, https://drive.google.com/file/d/1He5vU6DHG5pODgsZK7rz4kXNgCDbGbbj/view?usp=drive_link, "
VN68,LISTA 1,Jueves,Claudia Campos,Jesús Aguayo y Av. Melchor ,Sarco,Departamento,"160,000 $us.","✨  DEPARTAMENTO EN VENTA✨ 

📍 Ubicación: Zona Sarco⚜
📐 Superficie: 158 m²
💰 Precio del Departamento: 160.000$us
🪙 Tipo de cambio 7Bs.
🗂️Expensas: Bs. 480 Bs. 

📅 Agenda de visitas y mayor información al 📲: 

𝐈𝐧𝐜𝐥𝐮𝐲𝐞:
🚗 1 Parqueo y Baulera

#VN68 #Departamento #Venta #Cochabamba","✨ DEPARTAMENTO 3 DORMITORIOS EN VENTA✨ 

𝐈𝐧𝐜𝐥𝐮𝐲𝐞:
🚗 1 Parqueo y Baulera

📍 Ubicación: Zona Sarco⚜
📐 Superficie: 158 m²
💰 Precio del Departamento: 160.000$us
🗂️Expensas: Bs. 480 Bs. 

📅 Agenda de visitas y mayor información al 📲: 

🪙 Tipo de cambio 7Bs.

#VN68",,"✨  DEPARTAMENTO EN VENTA✨ 

📍 Ubicación: Zona Sarco⚜
📐 Superficie: 158 m²

💰 Precio del Departamento: 160.000 $
🪙 Tipo de cambio 7Bs.
🗂️Expensas: Bs. 480 Bs. 

𝐂𝐚𝐫𝐚𝐜𝐭𝐞𝐫í𝐬𝐭𝐢𝐜𝐚𝐬:
🛌 3 dormitorios en Suite con vestidor
🛋️ Sala amplia 
🪟 Balcón 
🚽 Baño de visitas
🛋️ Living comedor
🍳 Cocina independiente amplia 
🧹 Dependencias de servicio con depósito y baño
𝐈𝐧𝐜𝐥𝐮𝐲𝐞:
🚗 1 Parqueo y Baulera
👷🏼 Seguridad 24/7

✨ÁREAS COMUNES
🥩Parrillero
⛲️ Salón social
🏋️Gimnasio


𝐀𝐠𝐞𝐧𝐝𝐚 𝐭𝐮 𝐯𝐢𝐬𝐢𝐭𝐚❗","https://drive.google.com/file/d/1uABFcT0vWLtempfUmgY8AY0SF_I2iMB4/view?usp=drive_link, https://drive.google.com/file/d/1-z3TNP3qDsglS-NcBRtEajmq2GCskCCz/view?usp=drive_link, https://drive.google.com/file/d/1CEF2w-0bcPAn1dTeStcDVsYXYxiVxFCH/view?usp=drive_link, https://drive.google.com/file/d/19ee24DJ3BGkrMVX6mHhXNhWvBKjrq6P3/view?usp=drive_link, https://drive.google.com/file/d/1mvuBdJN_dYe5Vn4HWX7XZNoVsdDPrSi0/view?usp=drive_link, https://drive.google.com/file/d/13N_fshvsW8AOzts17HVoZ7RVJ1PaAITe/view?usp=drive_link, "
VN69,LISTA 2,Viernes,Jazmín Heresi,Aniceto padilla y Villarroel ,Queru Queru,Departamento,"290,000 Bs.","🌟 MONOAMBIENTE EN VENTA AMOBLADO Y EQUIPADO 🌟
📍ZONA QUERU QUERU 
📏 18.80m² 

💰 Precio: Bs 290.000 
💧 Expensas: Bs 210

📲 Más información al:

Distribución funcional y moderna:
🔹 Ropero empotrado
🔹 Cocineta con cajonería alta y baja
🔹 Cocina eléctrica empotrada
🔹 Conexión para lavadora y frigobar

🐾 ¡Pet Friendly! Se permiten mascotas

🌿 ÁREAS COMUNES:

#VN45 #Garzonier #Monoambiente #Inversion #90 #Inmobiliaria #Lote #Viral #Oficina #Asesores #Bienes #Compra #Raices #Comercial #Norte #Ambiente #Bolivia #Inmobiliarios #Terreno #Venta #Departamento #Cochabamba #ViralBolivia #Anticretico #Local #Noventa #Alquiler #Casa #Zona",,,"🌟 MONOAMBIENTE EN VENTA AMOBLADO Y EQUIPADO 🌟
📍  Gualberto Villarroel 
ZONA QUERU QUERU 
📏 18.80 m² 

💰 Precio: Bs 290.000
💡 Luz independiente
🚿 Agua con prorrateo 
💧 Expensas: Bs 210 (incluye WiFi)

Distribución funcional y moderna:
🔹 Ropero empotrado
🔹 Cocineta con cajonería alta y baja
🔹 Cocina eléctrica empotrada
🔹 Conexión para lavadora y frigobar

🏢CARACTERISTICAS DEL MONOAMBIENTE INCLUYE:
🛏️ Distribución para una cama y escritorio.
✅ Baño
✅ TV Smart
✅ Microondas 
✅Vajilla necesaria para dos personas 
✅ box de baño
✅ Frigobar
✅ mesita de diario y sillas 

🐾 ¡Pet Friendly! Se permiten mascotas
⬅️ Orientación oeste

🌿 ÁREAS COMUNES:
🌳 Terraza panorámica 
🎊 Salón de copropietarios
🔥 Churrasqueros
🧺 Lavandería y jaulas de secado
🚻 Baños compartidos

📌 ¡Ideal para estudiantes, inversionistas o personas que buscan su primer espacio propio!

Agenda tu visita ❗❗","https://drive.google.com/file/d/1iVun_8BgoPqBCud685AUTuTAA-hajwWX/view?usp=drive_link, https://drive.google.com/file/d/12BbxlmRiTt_AvMEc-cPoZKLgIlFxYyKg/view?usp=drive_link, https://drive.google.com/file/d/1HvHfuB-pwdXZaC9P9emsoMac_itEpgCy/view?usp=drive_link, https://drive.google.com/file/d/1XHQ8xv-LU-UuS2bJlkjvzViY8WbLGOln/view?usp=drive_link, https://drive.google.com/file/d/1EUgtRhk4ZlqjQ0_r0TuBiTMPMXWnQwFc/view?usp=drive_link, "
AN17,LISTA 3,Sabado,Jazmín Heresi,Aniceto padilla y Villarroel ,Queru Queru,Departamento,"180,000 Bs.","🌟 MONOAMBIENTE EN ANTICRETICO AMOBLADO Y EQUIPADO 🌟
📍ZONA QUERU QUERU 
📏 18.80m² 

💰 Precio: Bs 180.000 
💧 Expensas: Bs 210

📲 Más información al:

Distribución funcional y moderna:
🔹 Ropero empotrado
🔹 Cocineta con cajonería alta y baja
🔹 Cocina eléctrica empotrada
🔹 Conexión para lavadora y frigobar

🌿 ÁREAS COMUNES:

#AN17 #Garzonier #Monoambiente #Inversion #90 #Inmobiliaria #Lote #Viral #Oficina #Asesores #Bienes #Compra #Raices #Comercial #Norte #Ambiente #Bolivia #Inmobiliarios #Terreno #Venta #Departamento #Cochabamba #ViralBolivia #Anticretico #Local #Noventa #Alquiler #Casa #Zona",,,"🌟 MONOAMBIENTE EN ANTICRETICO AMOBLADO Y EQUIPADO 🌟
📍  Gualberto Villarroel 
ZONA QUERU QUERU 
📏 18.80 m² 

💰 Precio: Bs 180.000
💡 Luz independiente
🚿 Agua con prorrateo 
💧 Expensas: Bs 210 (incluye WiFi)

Distribución funcional y moderna:
🔹 Ropero empotrado
🔹 Cocineta con cajonería alta y baja
🔹 Cocina eléctrica empotrada
🔹 Conexión para lavadora y frigobar

🏢CARACTERISTICAS DEL MONOAMBIENTE INCLUYE:
🛏️ Distribución para una cama y escritorio.
✅ Baño
✅ TV Smart
✅ Microondas 
✅Vajilla necesaria para dos personas 
✅ box de baño
✅ Frigobar
✅ mesita de diario y sillas 

⬅️ Orientación oeste

🌿 ÁREAS COMUNES:
🌳 Terraza panorámica 
🎊 Salón de copropietarios
🔥 Churrasqueros
🧺 Lavandería y jaulas de secado
🚻 Baños compartidos

📌 ¡Ideal para estudiantes, inversionistas o personas que buscan su primer espacio propio!

Agenda tu visita ❗❗","https://drive.google.com/file/d/16TeFjvrK4OGnGLANEkYXZp-UsbDthhHl/view?usp=drive_link, https://drive.google.com/file/d/14uyWjwdZjYw33uuhQ2BdZmQpr7wQg3zW/view?usp=drive_link, https://drive.google.com/file/d/1jjz_9Uj-wNZvtzbGY13S-OXgULuz04MC/view?usp=drive_link, https://drive.google.com/file/d/147liSIaXo4qh_C86NEV1bZOarGgJZ3XI/view?usp=drive_link, https://drive.google.com/file/d/1REdFQ9M1qh709rXvfFXD6Zx-d5yn2iGO/view?usp=drive_link, https://drive.google.com/file/d/1ddeGCXO21_RiFwl7VsxoeRF2JnZi0-uN/view?usp=drive_link, "
VN70,LISTA 1,Domingo,Carla Tovar,O.T.B. Villa San Alfonso,Colcapirhua,Casa,"1,895,000 Bs.","CASA EN VENTA
4 Dormitorios 

💰 1.895.000 Bs.
📍 Zona Sirpita
📐Sup. Terreno 200 m2
📐 Sup. Construido 265 m2

🛏️ 2 Suites
🛏️ 2 Dormitorios
🍲 Cocina abierta 
🖼️ Parrillero
🚗 Parqueo 2 a 3 movilidades 
Todos los servicios básicos.

Consultas 📱

#alquiler#casa#chilimarca #Colcapirhua #alquiler #venta #jardin #3dormitorios #4dormitorios #casa  #bienesraices #90Noventa",,,"CASA EN VENTA
4 Dormitorios 

💰 1.895.000 Bs.
📍 Zona Sirpita
📐 Sup. Terreno 200 m2
📐 Sup. Construido 265 m2

PLANTA BAJA
▫️ Sala Comedor
▫️ Cocina abierta
▫️ Recibidor
▫️ Baño de Visitas

PRIMER PISO
▫️ 1 Suite con baño y Vestiror
▫️ 2 Dormitorios
▫️ 1 Baño compartido

PLANTA ALTA
▫️1 Suite con Baño y Vestidor
▫️ Terraza

Ademas:
🔸 Pozo de agua y Tanque Alto
🔸 Garaje para 2 o 3 vehiculos
🔸 Parrilero
🔸 Patio
🔸 Todos los Servicios Básicos
🔸 Cerco Eléctrico de Seguridad.

Agenda tu visita!!","https://drive.google.com/file/d/1DwhJULI4fxTU05m2jCnKiIgWFvdKy-Ze/view?usp=drive_link, https://drive.google.com/file/d/1QMDiiD2ORUFPQkUUWAjrhHWIETuIPczk/view?usp=drive_link, https://drive.google.com/file/d/1DlW0fiPh65nq55AmeMyowfKJnjBKbo-N/view?usp=drive_link, https://drive.google.com/file/d/1zh56ssgwaq-sxIkBJavMF1Auzq6vs4_k/view?usp=drive_link, https://drive.google.com/file/d/1FRyHAkRGNHBQKJMRImtV9NoW8wYh1zuU/view?usp=drive_link, https://drive.google.com/file/d/1PXMeIZYTmLzWAcbCZb7DnDEyAW6o2JeW/view?usp=drive_link, https://drive.google.com/file/d/1mMvXm8S4WUxwgx2ZhP4kfROUqDsmSI0W/view?usp=drive_link, "
PE8,LISTA 2,Lunes,Gabriel Cañipa,Av. Chillimarca #88,Chilimarca,Casas en Condominio,"1,450,000 Bs.","CASAS ESTILO TOWN-HOUSE EN VENTA

🏠Últimas 2 casas a estrenar 

📍  Av. Circunvalación y Av. Chillimarca (A una cuadra de la Av. Ecológica) - TIQUIPAYA   

Excelente Precio❗
        💰 1,450.000 Bs.     
🛏️2 suites
🛏️1 Master Suite

Mayores informes y visitas : 📲

🚗🚕Doble parqueo subterráneo
🚪Baulera 

#PE8 #Venta #Casa #Chlimarca #Tiquipaya",,,"En la 𝙕𝙤𝙣𝙖 𝙢𝙖𝙨 𝙚𝙭𝙘𝙡𝙪𝙨𝙞𝙫𝙖 𝙚𝙣 𝙏𝙄𝙌𝙐𝙄𝙋𝘼𝙔𝘼📍 
📍  Av. Circunvalación y Av Chillimarca (A una cuadra de la Av. Ecológica) - TIQUIPAYA   

Excelente Precio❗
        💰 1,450.000 Bs.
              
🏠Últimas 2 casas a estrenar (3 suites) excelentes materiales y acabados. 
🚗🚕 Parqueo Subterráneo para 2 vehículos + Baulera,  
👷‍♂🙋‍♂️☑ Casas equipadas 🏡🏡 
❞𝘾𝙪𝙞𝙙𝙖𝙢𝙤𝙨 𝙡𝙖 𝙘𝙖𝙡𝙞𝙙𝙖𝙙 𝙚𝙣 𝙘𝙖𝙙𝙖 𝙙𝙚𝙩𝙖𝙡𝙡𝙚❞

𝐀́𝐫𝐞𝐚𝐬 𝐜𝐨𝐦𝐮𝐧𝐞𝐬:
⚜️Lobby tipo hotel
🚘Parqueo para visitas
✴️Boulevard central 
💃Club House
🏊Piscina atemperada 
💦Jacuzzi
👫Parque infantil
🥩Parrillero en terraza con horno de barro
🏋️‍♂️Área de calistenia

💰 Se acepta Financiamiento Bancario, Planes de pago directos con la constructora, descuentos por pagos al contado.

Agenda hoy mismo tu visita!!","https://drive.google.com/file/d/1wg8nBqVaTW1SmleyLVTkCODVg2VMHP9K/view?usp=drive_link, https://drive.google.com/file/d/1LnSFaO7VSUGALX6XTSP7S71gBAa98FPi/view?usp=drive_link, https://drive.google.com/file/d/1EFd_LY16RI5ZOgrUI8ql-EVTJOoNrAcN/view?usp=drive_link, https://drive.google.com/file/d/1nQYvd8PzOkPJuJOwcY4-BNt8NvCJvrOW/view?usp=drive_link, https://drive.google.com/file/d/1bRHQyCfZjcTxtQrUIwDIjN9HsADBE0aw/view?usp=drive_link, https://drive.google.com/file/d/1GbfjOiRwQjI0hg4NveP_NkWPoswO9K1B/view?usp=drive_link, "
PE9,LISTA 3,Martes,Jazmín Heresi,Calle Felipa Barrientos,Pacata Baja,Casas en Condominio,"160,000 $us.","Casas en Condominio en venta 4D 🏡

📍 Zona PACATA BAJA 

(Zona de Progreso  y desarrollo)

📐 Desde 121.54 m2 Terreno
📏 Desde 177.38 m2 Construcción 

🔑PLANTA ALTA 
🔑PLANTA BAJA 

 💵 Precio desde  $us 160.000
💱 Tipo de cambio (Banco central de Bolivia)

📱Más información 

✅ Papeles al día
✅ Al contado y con financiamiento bancario

#PE9 #Casa #Venta #Cochabamba #viralbolivia #Noventa ","🚨 ¡Vive en una zona de alto crecimiento con tu casa propia en condominio!

🏡 Casas en condominio en venta – 4 dormitorios
📍 Pacata Baja – Zona de progreso y desarrollo
📐 Desde 121.54 m² de terreno
🏗️ Desde 177.38 m² de construcción
💰 Desde $us 160.000
💱 Tipo de cambio: BCB
🏠 Planta baja + planta alta
📄 Papeles al día
💳 Acepta pago al contado y financiamiento bancario
✨ Condominio pensado para seguridad, comodidad y plusvalía

📲 Escríbeme hoy y agenda tu visita. 

¡Las mejores unidades se eligen primero!

#PE9 #Casa #Venta #Cochabamba #viralbolivia #Noventa","🏡 Casas en condominio en venta – 4 dormitorios
🚨 ¡Vive en una zona de alto crecimiento con tu casa propia en condominio!

📍 Pacata Baja – Zona de progreso y desarrollo
📐 Desde 121.54 m² de terreno
🏗️ Desde 177.38 m² de construcción
💰 Desde $us 160.000
🏠 Planta baja + planta alta
📄 Papeles al día
✨ Condominio pensado para seguridad, comodidad y plusvalía

📲 Escríbeme hoy y agenda tu visita. 

💳 Acepta pago al contado y financiamiento bancario

¡Las mejores unidades se eligen primero!

#PE9 #Casa #Venta #Cochabamba #viralbolivia #Noventa","Casas en Condominio en venta 🏡

Descubre tu Nuevo Hogar, un espacio diseñado para ti, dónde cada Rincon invita a vivir momentos Especiales. 

📍 Zona PACATA BAJA (Zona de Progreso  y desarrollo)

📐 Desde 121.54 m2 Terreno
📏 Desde 177.38 m2 Construcción 

🔑PLANTA BAJA 
🖥️Estudio 📝
🚽Baño de visitas 🧻 
🛋️Living y comedor 🍽
🎛️Cocina cerrada con cajonería alta y baja y equipada ( horno, cocina encimera y estractor)
🎚️Calefon 
🪴Patio Trasero 
🌳Jardin Pequeño 
🧹Área de servicio de empleada 
🧺Área de lavado 
🚘Garaje en sótano privado para 2 movilidades 🚙
🧳Baulera 

🔑PLANTA ALTA
🛏️1 Master Suite con baño privado
🛏️2 habitación con roperos empotrados 
🚿1 Baño compartido 
🏟️1 Balcón
🍀Jardín delantero 
💧Tanque de agua y bomba propio 

 💵 Precio desde  $us 160.000
💱 Tipo de cambio (Banco central de Bolivia)
✅ Acabados de primera
✅ Papeles al día
✅ Al contado y con financiamiento bancario
✅ Servicios básicos

Agende su visita🤝 ","https://drive.google.com/file/d/1J7kpMZUM-S6sKerfh7F2TrDJorwaJ--7/view?usp=drive_link, https://drive.google.com/file/d/1ITMDrLDsRIkfR3noaZkFF7f1FtMBOiVw/view?usp=drive_link, https://drive.google.com/file/d/1u4woC4MikwnFVxYxPt8HBNgwIvHGgdo-/view?usp=drive_link, https://drive.google.com/file/d/1q4plHUL-xJjKM5UAETmtKhyfxCtukI0N/view?usp=drive_link, https://drive.google.com/file/d/1-9ub7Di14Tu21MTqbw7QReXRGXhkv728/view?usp=drive_link, https://drive.google.com/file/d/1SyF-6pdXxS6RDIEiyfW9RPflu0j_dXW8/view?usp=drive_link, "
VN71,LISTA 1,Miercoles,Jazmín Heresi,Melchor Urquidi y buenos aires ,Queru Queru,Oficina / Consultorio,"128,682 $us.","OFICINAS EN VENTA A ESTRENAR, EDIFICIO EMPRESARIAL💠

A ESTRENAR Y EN EDIFICIO EMPRESARIAL💠

HUPERMALL FASE II
📌 Avenida Melchor Urquidi 
📐 Superficie:   
          Oficina 1 = 71,65 m2 
           Oficina 2 = 71,49 m2 
     Superficie Total    143,14 m2
💰 𝐏𝐫𝐞𝐜𝐢𝐨 𝐝𝐞 Venta oficina 1: $us. 128.970.- 
💰 𝐏𝐫𝐞𝐜𝐢𝐨 𝐝𝐞 Venta oficina 2: $us. 128.682.- 

Más información 📱

✴️ Con Baños privados y cocinetas
 
#VN71 #Oficina #Norte #Venta #Cochabamba","🔥 Mientras otros buscan oficinas, tú puedes asegurar una de las mejores ubicaciones.
💠 Oficinas a estrenar – Hupermall Fase II
📍 Av. Melchor Urquidi 📐 Desde 71.49 m² 💰 Desde $us 128.682
✅ Baño privado y cocineta
📲 Agenda tu visita hoy. ¡Las mejores unidades se reservan primero!

🚨 ""Las mejores oportunidades se venden rápido. Escríbeme antes de que ya no esté disponible.""

#Venta VN71 #Comercial #trabajo #inversion #empresarial","🏢 Oficinas a estrenar en Hupermall
🔥 Haz que tu empresa crezca desde una ubicación estratégica.
 Fase II 📍 Av. Melchor Urquidi 📐 Desde 71,49 m² 💰 Desde $us 128.682
✅ Baño privado y cocineta. 💼 Ideal para profesionales, empresas o como inversión con alto potencial.

📲 Solicita más información y agenda tu visita. Las unidades más atractivas son las primeras en elegirse.

#Venta #Oficinas #Inversión #Empresarial #VN71","
 OFICINAS EN VENTA A ESTRENAR, EDIFICIO EMPRESARIAL💠
HUPERMALL FASE II
📌 Avenida Melchor Urquidi 
📐 Superficie:   
          Oficina 1 = 71,65 m2 
           Oficina 2 = 71,49 m2 
     Superficie Total    143,14 m2

✴️ 𝐂𝐀𝐑𝐀𝐂𝐓𝐄𝐑Í𝐒𝐓𝐈𝐂𝐀𝐒:
➡️ Oficina 1 con vista a al sud, Baño privado y cocineta, acabado de primera, acceso Digital.
➡️ Oficina 2 con vista a al sud oeste Baño privado y cocineta, acabado de primera, acceso Digital. 
💰 𝐏𝐫𝐞𝐜𝐢𝐨 𝐝𝐞 Venta oficina 1: $us. 128.970.- (T/c 8,5)
💰 𝐏𝐫𝐞𝐜𝐢𝐨 𝐝𝐞 Venta oficina 2: $us. 128.682.- (T/c 8,5)
💥 Servicios Agua y Luz independiente
      Expensas aun no determinadas
🔵 ¡No dejes pasar esta oportunidad para tu Actividad comercial! 
𝐂𝐨𝐧𝐭𝐚𝐜𝐭𝐚𝐧𝐨𝐬 𝐲 𝐚𝐠𝐞𝐧𝐝𝐚 𝐮𝐧𝐚 𝐯𝐢𝐬𝐢𝐭𝐚 ❗","https://drive.google.com/file/d/1kdPCZx7liAckvs1pW3px_OO6e7M8oOM-/view?usp=drive_link, https://drive.google.com/file/d/1H6d0MLWCAno-TJLLmUrTAXlr3AFbAUpO/view?usp=drive_link, https://drive.google.com/file/d/1pqXSoDvtSRh_Bsn84dItdMTzNLV33BF4/view?usp=drive_link, https://drive.google.com/file/d/1-fyy6Fg7SvWE0VZ25Yw8h2d-p9etyWDy/view?usp=drive_link, https://drive.google.com/file/d/1BncQ4adFChnchgTuNeKYjlPU10q01EwT/view?usp=drive_link, "
VN72,LISTA 2,Jueves,Jazmín Heresi,Avenida Ballivian ,El Prado,Departamento,"300,000 Bs.","🏢MONOAMBIENTE EN VENTA AMOBLADO Y EQUIPADO ❗

📌 Av. Ballivian ( El Prado)
✨ Ubicación estratégica 

✨AREAS COMUNES:✨

🏢CARACTERISTICAS DEL MONOAMBIENTE:
✅ Cama de dos plazas
✅ Ropero empotrado
✅ Baño 
✅ Cocineta

💰 300.000 Bs
 📐 19m2

Más información 📱

#VN72 #Departamento #alquiler #familia #zonanorte #QueruQueru #Cochabamba #Bolivia #monoambiente #1Dormitorio
#Avenida #90 #Noventa #Prado #Estudiante",,,"✨MONOAMBIENTE EN VENTA AMOBLADO Y EQUIPADO 

📌 Av. Ballivian (El Prado)
📍Ubicación estratégica, a pasos  de restaurantes, heladerías, cafeterías..
💰 Bs. 300.000 

💎AREAS COMUNES:
🌳Terraza Panorámica 360°
🥩Parrilleros 
🧺Jaulas de secado 
🧽Lavanderías

🏢CARACTERISTICAS DEL MONOAMBIENTE:
🛏️ cama de dos plazas 
✅ Ropero empotrado.
✅ Sillón sofa cama 
✅ Baño equipado con box de ducha 
✅ Cocina encimera y lavaplatos con cajonería alta y baja.
✅ lavadora 
Frigobar 
✅ microondas 
✅ Licuadora
✅ Jarra eléctrica 
✅ TV empotrada
✅ Mesita de diario con sillas
 
👉🏻 son 19m²
 🗂️ 210Bs Expensas incluyen wifi

Agenda tu visita ❗","https://drive.google.com/file/d/1BMbCrJUKsl4X0zZvX019dhtA8V-z4R1U/view?usp=drive_link, https://drive.google.com/file/d/1DhNIgOfy2ilOJVVH9RHGGGhUS8RLMciX/view?usp=drive_link, https://drive.google.com/file/d/18H9i6OEHUF8haDIqHEP9i-alAcZEDx2E/view?usp=drive_link, https://drive.google.com/file/d/1WlLjnU5drURHwkRsZRLFlify-lk9L493/view?usp=drive_link, https://drive.google.com/file/d/1V0YyX5hw1BEp4peWv3vU7jw8pNSHn9uM/view?usp=drive_link, "
AL73,LISTA 3,Viernes,Gabriel Cañipa,Urb. El Bosque Sur,Condebamba,Departamento,"12,000 Bs.","✨ 𝗘𝗫𝗖𝗟𝗨𝗦𝗜𝗩𝗢 𝗗𝗘𝗣𝗔𝗥𝗧𝗔𝗠𝗘𝗡𝗧𝗢 𝗘𝗡 𝐀𝐋𝐐𝐔𝐈𝐋𝐄𝐑 𝐎 𝐀𝐍𝐓𝐈𝐂𝐑𝐄𝐓𝐈𝐂𝐎 - 𝗨𝗥𝗕. 𝗘𝗟 𝗕𝗢𝗦𝗤𝗨𝗘 𝗦𝗨𝗥 🌴

📍 Ubicación: Urb. El Bosque Sur ⚜
📐 Superficie: 293 m²

💰 𝐏𝐫𝐞𝐜𝐢𝐨 𝐝𝐞 𝐀𝐥𝐪𝐮𝐢𝐥𝐞𝐫: Bs. 12.000.- (Incluye expensas del edificio)

Agenda tu visita al: 📲

𝐂𝐚𝐫𝐚𝐜𝐭𝐞𝐫í𝐬𝐭𝐢𝐜𝐚𝐬:
🛌 1 Master Suite con vestidor, baño privado y amplia terraza
🛌 1 Suite con baño privado y terraza privada
🛌 1 Suite con baño privado 
🚽 Baño de visitas
🛋️ Amplio living comedor
🎥 Sala de cine / escritorio
🍽️ Comedor
🍳 Cocina equipada con electrodomésticos de alta gama (BOSCH, TEKA)
🧹 Dependencias de servicio con depósito y baño

𝐈𝐧𝐜𝐥𝐮𝐲𝐞:
🚗🚗 2 Parqueos
📦 2 Bauleras
🚫🐶 No se aceptan mascotas

#AL73 #Penthouse #Garzonier #Monoambiente #Inversion #90 #Inmobiliaria #Lote #Viral #Oficina #Asesores #Bienes #Compra #Raices #Comercial #Norte #Ambiente #Bolivia #Inmobiliarios #Terreno #Venta #Departamento #Cochabamba #ViralBolivia #Anticretico #Local #Noventa #Alquiler #Casa #Zona #ElBosque #Condebamba",,,"✨ 𝗘𝗫𝗖𝗟𝗨𝗦𝗜𝗩𝗢 𝗗𝗘𝗣𝗔𝗥𝗧𝗔𝗠𝗘𝗡𝗧𝗢 𝗘𝗡 𝐀𝐋𝐐𝐔𝐈𝐋𝐄𝐑 𝐎 𝐀𝐍𝐓𝐈𝐂𝐑𝐄𝐓𝐈𝐂𝐎 - 𝗨𝗥𝗕. 𝗘𝗟 𝗕𝗢𝗦𝗤𝗨𝗘 𝗦𝗨𝗥 🌴

📍 Ubicación: Urb. El Bosque Sur ⚜
📐 Superficie: 293 m²

💰 𝐏𝐫𝐞𝐜𝐢𝐨 𝐝𝐞 𝐀𝐥𝐪𝐮𝐢𝐥𝐞𝐫: Bs. 12.000.- (Incluye expensas del edificio)
Comisión Inmobiliaria: Bs. 6.000.- 
Expensas de la urbanización El Bosque: Bs. 1.200.-
Expensas del edificio: Bs. 300.-

𝐂𝐚𝐫𝐚𝐜𝐭𝐞𝐫í𝐬𝐭𝐢𝐜𝐚𝐬:
🛌 1 Master Suite con vestidor, baño privado y amplia terraza
🛌 1 Suite con baño privado y terraza privada
🛌 1 Suite con baño privado 
🚽 Baño de visitas
🛋️ Amplio living comedor
🎥 Sala de cine / escritorio
🍽️ Comedor
🍳 Cocina equipada con electrodomésticos de alta gama (BOSCH, TEKA)
🧹 Dependencias de servicio con depósito y baño

𝐈𝐧𝐜𝐥𝐮𝐲𝐞:
🚗 1 Parqueo interior
🚗 1 Parqueo exterior techado
📦 2 Bauleras

🚫🐶 No se aceptan mascotas

𝐎𝐭𝐫𝐨𝐬 𝐝𝐞𝐭𝐚𝐥𝐥𝐞𝐬:
💡 Iluminación dimerizable controlable mediante domótica
🌄 Ventanales panorámicos y acabados de materiales importados
🔐 Seguridad 24/7 en la urbanización

Á𝐫𝐞𝐚𝐬 𝐜𝐨𝐦𝐮𝐧𝐞𝐬:
🧖🏻‍♀️Club House, jacuzzi, sauna seco y a vapor
🥅Parrilleros, canchas de fútbol 8, tenis, ráquet y wally
🏊🏻‍♀️Piscina atemperada, parques infantiles 

📅 Agenda tu visita para conocer este exclusivo departamento!","https://drive.google.com/file/d/1Z2IkMWITvtJZLNXNAcMLA3n2LCcGJqUu/view?usp=drive_link, https://drive.google.com/file/d/1gHTIBmcW9i6MQ4QxRCazIiYHibVjN1jI/view?usp=drive_link, https://drive.google.com/file/d/16eFt1JQKXAKQiDa0s7wmDiWTmWB12ImZ/view?usp=drive_link, https://drive.google.com/file/d/1MliWs1T-M-vqC0YFbCLZYXV378HaGreC/view?usp=drive_link, https://drive.google.com/file/d/1gCqM4HIplVtiuTHSxK91-zH_vW235TpY/view?usp=drive_link, https://drive.google.com/file/d/12nNB0hiEcmKCEvEjJ7azAdRPHQsj7cqx/view?usp=drive_link, https://drive.google.com/file/d/1pczJbABMdcBpDmTbxfYTmNwEXel9D4M5/view?usp=drive_link, "
AL74,LISTA 1,Sabado,,Avenida Linde,Tiquipaya,Local Comercial,900 Bs.,"‼️✨ LOCAL COMERCIAL EN ALQUILER 

 Con vista a la calle 

📍Zona Linde
 📐12 m²
 💰900 Bs 

Más información y visita 📱

Entrada propia y baño compartido🔹

#AL74 #Tienda #Alquilr #Zonatiquipaya #Linde","‼️✨ LOCAL EN ALQUILER 

Entrada propia y baño compartido🔹 

📍Zona Linde
 📐12 m²
 💰900 Bs 

Más información y visita 📱

Con vista a la calle 

#AL74",,"🏢 LOCAL COMERCIAL EN ALQUILER ZONA LINDE - TIQUIPAYA

📌 Zona Linde

 LOCAL EN ALQUILER – PLANTA BAJA
✨ Ideal para:
Micro mercados | Salón de belleza 💇‍♀️ | Oficinas 🗂 | Lavandería 🧺  | Tienda 🛍 | Delivery 🚴 | Gráficas .
(No apto para comida)
📐  12 m²
 💰 900 Bs

CARACTERÍSTICAS
 ✔️ Baño compartimos
 ✔️ Sin expensas
 ✔️ PB, vista a la calle

Alquiler 1.200 Bs
Garantía 1.200 Bs
Comisión 50% del canon del alquiler

Agende su visita ❗","https://drive.google.com/file/d/1YwzB7ZDt87fXn16idZ6ZxQIa01WVi5Up/view?usp=drive_link, https://drive.google.com/file/d/13bPlqTtb-mojfHkSQ8gAEvySPm5mwq4t/view?usp=drive_link, https://drive.google.com/file/d/1IMJAOLkkZ4B8x9qyZPbVPpS1kSFw7NWf/view?usp=drive_link, https://drive.google.com/file/d/1NILIIi8UH1gml2AIJ-vmufK3tNlpTBZz/view?usp=drive_link, "
AL75,LISTA 2,Domingo,,Av. Linde,Tiquipaya,Local Comercial,"1,700 Bs.","‼️✨ LOCAL COMERCIAL EN ALQUILER 

ZONA LINDE - TIQUIPAYA ‼️✨

📍Zona Linde
 📐24 m²
 💰1700 Bs 

Más información y visita 📱

 Con vista a la calle, entrada propia y baño compartido🔹

#AL75 #Tienda #Alquiler #Linde","‼️✨ LOCAL EN ALQUILER 

Con vista a la calle, entrada propia y baño compartido🔹

📍ZONA LINDE - TIQUIPAYA ‼️✨
 📐24 m²
 💰1700 Bs 

Más información y visita 📱

#AL75",,"🏢 LOCAL COMERCIAL EN ALQUILER ZONA LINDE - TIQUIPAYA

📌 Zona Linde

 LOCAL EN ALQUILER – PLANTA BAJA
✨ Ideal para:
Micro mercados | Salón de belleza 💇‍♀️ | Oficinas 🗂 | Lavandería 🧺  | Tienda 🛍 | Delivery 🚴 | Gráficas .
(No apto para comida)
📐  24 m²
 💰 1700 Bs

CARACTERÍSTICAS
 ✔️ Baño compartido
 ✔️ Sin expensas
 ✔️ PB, vista a la calle

Alquiler 2200 Bs
Garantía 2200 Bs
Comisión 50% del canon del alquiler

Agende su visita ❗","https://drive.google.com/file/d/1Vlz9HO4fcWkuajJnIxFmbnYc1L0-yCbC/view?usp=drive_link, https://drive.google.com/file/d/1MDtk0e1RobR_8fz_rce0bF-QvxOF6SAo/view?usp=drive_link, https://drive.google.com/file/d/1aQd0ApYez3TOWI-U_7cPAH-5hN8HSVqn/view?usp=drive_link, https://drive.google.com/file/d/1hW1nCaHmt5AEwQIBXotopYdf0s0HsG_r/view?usp=drive_link, "
VN73,LISTA 3,Lunes,Cecilia Ardaya,Pasaje Innominado a 500 mts de la Av 23 de Septiembre ,Sirpita,Lote,"80,400 $us.","🚨 TERRENO EN VENTA – ZONA SIRPITA 

 INVERSIÓN SEGURA Y LISTA PARA DESARROLLO 

📐 Superficie: 335 m²
💵 Precio por m²: 240 USD
💵 Precio total: 80.400 USD

 💥 Documentación al día
* Acompañamiento legal hasta inscripción final

Mayor información 📱 

#VN73 #COCHABAMBA #VENTA #TERRENO #LOTE #SIRPITA #COLCAPIRUA ",,,"*TERRENOS EN VENTA – INVERSIÓN SEGURA Y LISTA PARA DESARROLLO*

Ubicación en zona residencial consolidada con servicios completos, alta demanda y plusvalía sostenida. Activo validado técnica, legal y financieramente, listo para construir sin contingencias.

*DATOS TÉCNICOS GENERALES*

* Uso de suelo: Residencial 100 %
* Topografía: Plana (apta para cimentación directa)
* Acceso: Pasaje de 6 m de ancho
* Conectividad: A 500 m de Av. 23 de Septiembre
* Servicios: Agua, energía eléctrica, transporte y equipamiento urbano cercano
* Estado legal: Documentación validada y en proceso final de saneamiento
- Condición: Terreno listo para diseño y ejecución inmediata

Activo ideal para vivienda unifamiliar, con configuración eficiente para diseño arquitectónico y óptimo aprovechamiento del terreno.

📐 Superficie: 335 m²
💵 Precio por m²: 240 USD
💵 Precio total: 80.400 USD

Configuración ideal para residencia amplia, desarrollo familiar o subdivisión estratégica (sujeto a evaluación técnica).

Agenda tu visita ahora 🤝 ","https://drive.google.com/file/d/1rZXIVPnr4JbNoy-IF_5y10cbQPE4Baxi/view?usp=drive_link, https://drive.google.com/file/d/1k-Su4ByNJpE39jxNtTEVnIBnurVAhD28/view?usp=drive_link, https://drive.google.com/file/d/1OloHfrX-V-elCV6CQM9rFw0mxIGVMLPn/view?usp=drive_link, https://drive.google.com/file/d/1PKsqYJXUCPdf3PyrHX_rXaVMfuLFXtl3/view?usp=drive_link, "
AL76,LISTA 1,Martes,Claudia Salazar,C.Francisco Goya y M.E Ballivián ,Sarcobamba,Local Comercial,"1,400 Bs.","‼️✨ TIENDA EN ALQUILER  ‼️✨

 Con vista a la calle y entrada propia 🔹

📍Zona Cruce taquiña 
 📐22.5 m²
 💰1.400 Bs 

Más información y visita 📱

#AL76 #Tienda #Local #CruceTaquiña #cochabamba #Alquiler","‼️✨ TIENDA CON VISTA A LA CALLE

EN ALQUILER  ‼️✨
 
📍Zona Cruce taquiña 
 📐22.5 m²
 💰1.400 Bs 

Más información y visita 📱

Con vista a la calle y entrada propia 🔹

#AL76",,"🏢 TIENDA EN ALQUILER 
📌 Zona Norte 
Cruce taquiña 

 LOCAL EN ALQUILER – PLANTA BAJA
✨ Ideal para:
Micro mercado | Salón de belleza 💇‍♀️ |   Tiende barrio 🧺  | Tienda de ropa 👗 | Salón de uñas 💅🏼| Agencia PIL/Delicia  🥛 | Tienda de zapatos  👟  | Deeler/ técnico📱
(No apto para comida)
📐  22.5 m²
 💰 1.400 Bs

CARACTERÍSTICAS
  ✔️ Sin expensas
 ✔️ PB, vista a la calle

Alquiler 1.400 Bs
Garantía 1.400 Bs
Comisión 50% del canon del alquiler

Agende su visita ❗","https://drive.google.com/file/d/1200_WnpAvjBY6yPHIwreuunozmZZmI-V/view?usp=drive_link, https://drive.google.com/file/d/1xjdMzIbUP9kYapjq6TlFV0wMmHUtrS5o/view?usp=drive_link, https://drive.google.com/file/d/1vzvh-wk5XGFYwqjwSKbM2F3feqxmlIt-/view?usp=drive_link, https://drive.google.com/file/d/1HE7xxjQRg0jkNYb8bvAua8kYMfiJPZJ-/view?usp=drive_link, "
AL78,LISTA 2,Miercoles,Claudia Salazar,Lanza #317 casi Ecuador ,Centro,Oficina / Consultorio,"1,500 Bs.","✨🏢 ¡LOCAL COMERCIAL U OFICINA EN ALQUILER ✨🏢 

💡 Perfecta para estudios jurídicos o despachos . 

📍 Inmediaciones de Seduca
Precio Alquiler : 1500Bs.
✅  Oficinas en interior
✅  1 Ambiente luminoso
✅  Baño compartido 
🪙 Expensas 150bs

📲 Más información
 
abogados peluquerías, estéticas , fisioterapeutas

#AL78 #OficinasEnAlquiler #Local #Comercial ","✨🏢OFICINA EN ALQUILER ✨🏢 

💡 Perfecta para abogados peluquerías, estéticas , fisioterapeutas 

📍 Inmediaciones de Seduca
Precio Alquiler : 1500Bs.
✅  Oficinas en interior
✅  1 Ambiente luminoso
✅  Baño compartido 
🪙 Expensas 150bs

📲 Más información
 
estudios jurídicos o despachos .

#AL78",,"✨🏢 ¡LOCAL COMERCIAL U OFICINA EN ALQUILER ✨🏢 
 
​📍 Centro inmediaciones Seduca 
Ubicación Premium: En el corazón estratégico de la ciudad.
 
✨ Características:
✅  Oficinas en Interior 
✅ 3 Ambientes luminosos
✅ 2 Baños
✅ Incluye agua
🪙 Expensas 150bs
​
🚗 Facilidad de Acceso: Cerca de transporte público y zonas comerciales.
​📏 Distribución Funcional: Lista para adaptarse a tus necesidades
💡 Perfecta para consultorio, estudios jurídicos, estéticas, fisioterapeutas. 

💰 Alquiler:
– Bs 1500 mensual 
- Bs 1.500 mes de Garantía
- Bs 1.050 Comisión Inmobiliaria 

Agenda tu visita ❗ 
","https://drive.google.com/file/d/1-rxdct_DiS214CHBYiysaPjw3Nb_-VdQ/view?usp=drive_link, https://drive.google.com/file/d/1Sxw7P6ICmlY1xfM0051VvsWb802sRaM5/view?usp=drive_link, https://drive.google.com/file/d/1A30_n09zDJhYeKEwuHGsOJ8BOX5EyLzY/view?usp=drive_link, https://drive.google.com/file/d/1eMQVHCcuTcrBmGznXJozIL43RebJSVAU/view?usp=drive_link, "
AL77,LISTA 3,Jueves,Claudia Salazar,C.Lanza #423 Ecuador y Venezuela ,Centro,Oficina / Consultorio,"1,500 Bs.","✨🏢 ¡LOCAL COMERCIAL U OFICINA EN ALQUILER ✨🏢 
 
💡 Perfecta para estudios jurídicos y despachos

📍 Inmediaciones de Seduca
Precio Alquiler : 1500 Bs. 
Expensas 150 Bs.
✨ Características:
✅  Oficina en interior
✅  1 Ambiente luminoso
✅  Baño compartido 

📲 Más información 

abogados peluquerías, estéticas , fisioterapeutas.

#AL77 #OficinasEnAlquiler ","✨🏢OFICINA EN ALQUILER ✨🏢 
 
💡 Perfecta para abogados peluquerías, estéticas , fisioterapeutas.

📍 Inmediaciones de Seduca
Precio Alquiler : 1500 Bs. 
Expensas 150 Bs.
✨ Características:
✅  Oficina en interior
✅  1 Ambiente luminoso
✅  Baño compartido 

📲 Más información 

estudios jurídicos y despachos

#AL77",,"✨🏢 ¡LOCAL COMERCIAL UOFICINA EN ALQUILER ✨🏢 
 
​📍 Centro inmediaciones Seduca
Ubicación Premium: En el corazón estratégico de la ciudad.
 
✨ Características:
✅  Oficinas en Interior 
✅  1 Ambiente luminoso
✅  1 Baño Compartido 

​🚗 Facilidad de Acceso: Cerca de transporte público y zonas comerciales.
​📏 Distribución Funcional: Lista para adaptarse a tus necesidades
💡 Perfecta para consultorio, estudios jurídicos, estéticas, fisioterapeutas, peluquería, notaría 

💰 Alquiler:
– Bs 1500 mensual 
- Bs 1.500 mes de Garantía
- Bs 1.050 Comisión Inmobiliaria 

Agenda tu visita ❗","https://drive.google.com/file/d/1EitQO_male20WoyIBgCBvrh4rGFtAnCA/view?usp=drive_link, https://drive.google.com/file/d/1oav0m1J4w3D5WQ_oI9r9DiKzca4-vKGl/view?usp=drive_link, https://drive.google.com/file/d/1QL7OVCERfHV-2SDSCPVC0EnUoNrWzoGl/view?usp=drive_link, https://drive.google.com/file/d/1qKz78o-WoIOXsLJEs1DnQwxzDulMwT9k/view?usp=drive_link, https://drive.google.com/file/d/1D-HNW77BKM8OECKY2iKJi1KJ5dfBRQ82/view?usp=drive_link, "
VN74,LISTA 1,Viernes,Claudia Salazar,C.Las Palmeras ,Nuevo Palmar (Santa Cruz),Lote,"355,000 Bs.","TERRENO EN VENTA

Zona de Proyección y Desarrollo

📍LAS PALMAS 
📐Superficie Terreno: 313.7 m²
💲Precio: 355.000 Bs

==========================
Información: 
==========================
Todos los papeles totalmente al día!

#VN74 #Terreno #Lote #EnVenta #LasPalmas #SantaCruz","LOTE DE TERRENO EN VENTA

Zona urbana, próxima a centros de abasto

📍LAS PALMAS 
📐Superficie Terreno: 313.7 m²
💲Precio: 355.000 Bs

==========================
Información: 
==========================

Todos los papeles totalmente al día!

#VN74",,"LOTE DE TERRENO EN VENTA 🌳🍃 
📍Las Palmas (Santa Cruz)
(Zona de proyección y desarrollo)
🏡 Terreno a 1/2 cuadra de la Av.Dr.Nestor Paz Zamora 

📐Superficie Terreno: 313.7 m²
💲Precio: 355.000 Bs

🧱 Amurallado frontal 
🚇 Avenida principal 
✅ Papeles al día 
✅ Servicios Básicos 
💰 Pago al contado 

Agenda tu visita ❗❗
","https://drive.google.com/file/d/1iDkq62qVL8DPUBIWs4uNdSl1uxm4puot/view?usp=drive_link, https://drive.google.com/file/d/1_BnmJGhaIfsrQmMURi83QPWWfr5xFZDg/view?usp=drive_link, https://drive.google.com/file/d/1WE9T4ycnAiKb9bgDrgbdiHy3qLKXbi8O/view?usp=drive_link, "
VN75,LISTA 2,Sabado,Jazmín Heresi,Aniceto padilla y Villarroel ,Queru Queru,Departamento,"450,000 Bs.","MONOAMBIENTE EN VENTA QUERU QUERU 

✅ Precio incluye transferencia 

📐40.48m2
📍 Aniceto padilla y Villarroel 

💵 450.000Bs

📟 Chapas Smart digitales

📱Más información 

#VN75 #departamento #venta #preventa #Bolivia","🚨 ¡Deja de pagar alquiler e invierte en un monoambiente en una de las mejores zonas de Cochabamba!

🏡 Monoambiente en venta – Queru Queru
📍 Aniceto Padilla y Villarroel 📐 40.48 m² 💰 Bs 450.000 
✅ Precio incluye transferencia 📟 Chapas Smart digitales 
📲 Escríbeme hoy y conoce esta oportunidad antes de que se reserve.

VN75 #departamento #venta #preventa #Bolivia","✨ ¡Invierte hoy y gana desde el primer día!
🏢 Monoambiente en venta – Queru Queru 📍 Aniceto Padilla y Villarroel 📐 40,48 m² 💰 Bs. 450.000
 🔐 Chapas inteligentes (Smart Digital).

✅ El precio incluye la transferencia.😱

📲 Escríbeme para más información. Las mejores inversiones son las que se toman a tiempo.","MONOAMBIENTE EN VENTA 

📍  Aniceto Padilla entre Santa Cruz y Villarroel, muy cerca del Boulevard, el Prado, Stadium

✨Invierte ahora antes que tus ahorros pierdan su valor y reserva tu Departamento

Este cómodo monoambiente de 
📐40.48 m² es ideal para quienes buscan practicidad, estilo y una excelente inversión.
🪙 
💵 Bs. 450.000
✅ Financiamiento bancario 
💵 Precio Incluye la transferencia

Disfruta de instalaciones modernas, paseos con muros verdes y patios de descanso crean un entorno ideal para una vida plena y activa.
Cambia y mejora tu estilo de vida en un espacio diseñado para tu bienestar…
✅ Piscina en la terraza 
✅Salón de copropietarios
✅Gimnasio equipado
✅ Parrilleros 
✅  Area para niños
✅ Jardines soleados en Terraza 

Características del departamento 
🎛️Cocinera encimera
🎞️Extractor de grasas
🎚️ Calefón a gas
🪟 Box de baños
📟 Chapas Smart digitales en puertas principales.

💡 Medidores independientes de luz, agua y gas
Vivir en este condominio será como elevar tu calidad de vida con comodidad, seguridad y una variedad de amenities exclusivas.

.agenda tu visita ❗ ❗ 
","https://drive.google.com/file/d/1cYWbFgRa9DJGviPGis4m1es_2y5QVBcP/view?usp=drive_link, https://drive.google.com/file/d/1Fpt8ZdgYWb_9bY2d9q2ukIyInMuDqMwj/view?usp=drive_link, https://drive.google.com/file/d/1sVIrBMGPZuf-g2mQUOYHXOpv7jCOLruD/view?usp=drive_link, https://drive.google.com/file/d/1PTw2-seRVhBdq97y1OTmOYyRR-OLEBhF/view?usp=drive_link, "
VN76,LISTA 3,Domingo,Gabriel Cañipa,"Av. Zenon Salinas, Torre Aurum",Tupuraya,Departamento,"118,000 $us.","Departamento de 2 Dormitorios EN VENTA🏢
  
📍 Zona TUPURAYA

Dimension: 104 m2
Garaje Incluido en el precio: 12 m2🚗
Precio: $us 118,000tc7 

-2 Suites 
(1 con ropero empotrado y el otro con vestidor, cada uno con baño privado y balcones).
-Cocina cerrada con cajonería alta y baja
-Área de lavandería 
-3 baños en total
-Incluye parqueo 

Areas sociales de primera 

Informes y visitas al 📲

#Suites #2D #Dormitorios #Garzonier #Monoambiente #Inversion #90 #Inmobiliaria #Lote #Viral #Oficina #Asesores #Bienes #Compra #Raices #Comercial #Norte #Ambiente #Bolivia #Inmobiliarios #Terreno #Venta #Departamento #Cochabamba #ViralBolivia #Anticretico #Local #Noventa #Alquiler #Casa #Zona #Tupuraya",,,"Departamento de 2 Dormitorios EN VENTA🏢
  
📍 Zona TUPURAYA
📍 (a una cuadra del parque del arquitecto) 
📍 2 cuadras de la Av. América (plazuela Tarija) 

Dimensión: 104 m2
Garaje Incluido: 12 m2🚗
Precio: $us 118,000tc7 

-2 Suites 
(1 con ropero empotrado y el otro con vestidor, cada uno con baño privado y balcones).
-Amplia sala comedor con balcón
-Cocina cerrada con cajonería alta y baja
-Área de lavandería 
-3 baños en total
-Incluye parqueo 

Áreas sociales: 

Sauna 
Jacuzzi
Salón de eventos 
Parque 
Parrillero

Agenda tu visita ahora mismo!","https://drive.google.com/file/d/1T9GgIx-aN5C1UUFRncs14IaqVOQHSeW4/view?usp=drive_link, https://drive.google.com/file/d/1y9H-EN0eo-0fTvrt9f3jWSxveeN-iC3D/view?usp=drive_link, https://drive.google.com/file/d/1o74Cb9YPLlIaBjTYZ2gmby1d4peAfhVW/view?usp=drive_link, https://drive.google.com/file/d/1mt1FLTqb1Bn6e3gFik4WIFmpZ29ZDRUs/view?usp=drive_link, https://drive.google.com/file/d/1tPHKx_OXpMfx9ja9sq5Kcgf8SMY7Xeob/view?usp=drive_link, "
VN80,LISTA 1,Lunes,Jazmín Heresi,Urbanización senasac ,Huayllani,Lote,"45,000 $us.","𝐋𝐨𝐭𝐞 𝐝𝐞 𝐭𝐞𝐫𝐫𝐞𝐧𝐨 𝐞𝐧 𝐯𝐞𝐧𝐭𝐚

✨La mejor inversión 

📍 Urbanización senasac (Huayllani)

💵 Precio 45.000$us
📐265.5m²
💧Servicios básicos
💸 Tipo de cambio al cambio del día oficial 

Más información 📱

📝 Financiamiento bancario 
🧾 Papeles al día✅

#VN80 #Venta #terreno #Huayllani","🌿 ¡Hoy compras un terreno, mañana construyes tu patrimonio!

📍 Urbanización SENASAC – Huayllani 📐 265,5 m² 💰 $us 45.000 💧 Servicios básicos ✅ Papeles al día 🏦 Financiamiento bancario disponible.

📲 Escríbeme y agenda una visita. Las buenas oportunidades no esperan.","🏡 ¿Buscas un terreno con excelente precio y listo para comprar? Esta es tu oportunidad.

📍 Huayllani – Urbanización SENASAC 📐 265,5 m² 💰 $us 45.000 💸 Tipo de cambio oficial del día. ✅ Servicios básicos ✅ Papeles al día 💳 Financiamiento bancario.

📲 Contáctame ahora. Un terreno bien ubicado siempre es una inversión inteligente.","🌳🏡 ¡LOTE DE TERRENO EN VENTA 
 HUAYLLANI NORTE 
📍 Ubicación: Urbanización SENAC, a solo 1/2 cuadra de la sede de la OTB, 1/2 cuadra de la plaza de la OTB

Zona en crecimiento con todos los servicios disponibles (agua, luz, alcantarillado, trufi a 1/2 cuadra).
✨ Ideal para vivienda o inversión inmobiliaria
📐 Lote de 265,50m²
     Frente de 11,24 mts
     Acera norte, vista sud
     Forma regular
✅ Financiamiento bancario 
✅ Papeles en orden 

💰 Precios $us 45.000.- Dólares o tcp del día.
📊   Zona tranquila, residencial y de crrcimiento
✅ Excelente acceso
✅ Ideal para construir tu vivienda o invertir
✅ Alta plusvalía

Agenda tu visita ❗","https://drive.google.com/file/d/1jRVh5b3lkoZ8y7qUCn6IE1vFzXJlz8oQ/view?usp=drive_link, https://drive.google.com/file/d/1Nrr53Y2D4L8qFcIEv_7nr37lWKvY6NYl/view?usp=drive_link, https://drive.google.com/file/d/1Lxbi-FRWBEiVcLqHdzal8G46E0gl-xsL/view?usp=drive_link, "
VN77,LISTA 2,Martes,Jazmín Heresi,Calle innominada,Puntiti,Casa,"135,000 $us.","CASA EN VENTA 

🚗 Parqueo para 2 vehículos 

📍ZONA BELLA VISTA ✨
Inmediaciones circunvalación 
📐 Superficie:
Terreno: 220 m²
Construcción: 220 m²
💰 Precio: $us 135.000.

📱 Más información 

💼 Escritorio privado 
💧 Servicios básicos 
🧊 Deposito de agua de 10.000 lts

#VN77 #Venta #Cochabamba #Casas ","✨ Haz realidad el sueño de vivir en una casa cómoda, amplia y en una excelente ubicación.
🏡 Casa en venta PUNTITI

📍 Zona Bella Vista 💰 $us 135.000 📐 220 m² de terreno | 220 m² construidos
🚗 Parqueo para 2 vehículos 💼 Escritorio 🧊 Depósito de agua de 10.000 litros

📲 Solicita más información y conócela en persona.
VN77 #Venta #Cochabamba #Noventa #casas ",," CASA EN VENTA 

ZONA BELLA VISTA ✨
Media cuadra de la circunvalación 
📐 Superficie:
Terreno: 220 m²
Construcción: 220 m²
💰 Precio: $us 135.000.-

CARACTERÍSTICAS :
🔹 PLANTA BAJA:
✨ Amplio living-comedor con excelente iluminación natural
🍳 Cocina funcional, amplia, cajoneria a/B, comedor de diario, despensa
💼 Escritorio privado 
🚽 Baño de visitas
🔹 PLANTA ALTA:
👑 Suite principal con amplio vestidor y vista a la plazuela
🛏️ 2 dormitorios amplios 
🚿 Baño compartido moderno
📺 Hall de distribución ideal como sala familiar
🌿 EXTERIORES Y EXTRAS:
🍖 Patio interno con Parrillero privado
🧺 Cuarto de Lavandería techada 
🚗 Parqueo para 2 vehículos 
💧 Servicios básicos independientes, agua de Misivuni
💡 Red de fibra optica
🪪 Intercomunicador en ambos pisos
🧊 Deposito de agua de 10.000 lts

💎 Invierte en calidad de vida y bienestar para tu familia.
Agenda tu visita hoy mismo
📲","https://drive.google.com/file/d/106jRc79UpTT4EDRcRJcoh3ymk98-dSDL/view?usp=drive_link, https://drive.google.com/file/d/1JBeLLOerwIQLsPXr8fNq672XvUvc-MS2/view?usp=drive_link, https://drive.google.com/file/d/1XQZdyHCIZxGEPt2HrrGMhZBUaLvJDwhq/view?usp=drive_link, https://drive.google.com/file/d/1IQmPRkEGnCvGmpSpxNI6FZvpPIrTeh_w/view?usp=drive_link, https://drive.google.com/file/d/1XwpwjUNegx3YgA5EhhLbxD5AYodGD2J3/view?usp=drive_link, https://drive.google.com/file/d/1-sFaT3RscLVowtVq1c3CxIYGAwA41I38/view?usp=drive_link, https://drive.google.com/file/d/1GykvkQXBZMng8NBOzJQa-Y4D-HgIv5_e/view?usp=drive_link, "
VN78,LISTA 3,Miercoles,Jazmín Heresi,Calle Illapa y Lucas Mendoza ,Sarco,Departamento,"135,000 $us.","DEPARTAMENTO EN VENTA 
 
A ESTRENAR
☀️Orientación Nor oeste

📍ZONA SARCO
 Calle. Illapa y Lucas Mendoza 
💰Precio $us.135.000. T/c 8 Bs 
📐109,86m²

📱Más información 

🚗 El precio incluye Garaje y Baulera
✅Se acepta financiamiento 

#VN78 #Departamento #Venta #Sarco",,,"DEPARTAMENTO EN VENTA A ESTRENAR
 
📍ZONA SARCO
 Calle. Illapa y Lucas Mendoza 
A 50 mts del Complejo Cala cala
💰Precio $us.135.000. T/c 8 Bs 
🚗 El precio incluye Garaje y Baulera
☑️ Expensas Bs. 358.
    Medidores independientes de los servicios 
🟡Características :
📐109,86m²
☀️Orientación Nor oeste
⬆️ Piso 4
 🛏️ 1  Suite/ vestidor amplio/ baño con ducha/box
🛏️  2 Dormitorios/ roperos empotrados/ 1 Balcon
 🚽 1 Baño compartido/ducha 
🍴Cocina estilo americana con cajonería alta y baja/ cocina encimera /extractor /horno / salida al balcón con parrillero
🛋️Living / comedor
🚽 Baño de visitas 
✨Balcón con parrillero propio 
🧼Área de lavado
💨Calefon a gas 

🟡Áreas comunes en la terraza:
♨️ Parrillero 
🎉 Salon de eventos 
🏋️‍♂️ Calistenia: 
🐾 Pet friendly
🫧 Lavanderias
🏝️ Jardines con vista panorámica 

P▶️En planta baja 
👮‍♂️Conserjeria 
🛋️ Lobby de recepción 
🫧 Planta de reciclado de agua
📓 Documentación en orden 
✅Se acepta financiamiento 

Agende una visita será un gusto atenderlo 🤝","https://drive.google.com/file/d/1GYsbFmcF2Hw_AlFDIqHmwBGWYnXYr4XO/view?usp=drive_link, https://drive.google.com/file/d/13VPq327VUjcQj_ueufC0FcKn6PFZSvq8/view?usp=drive_link, https://drive.google.com/file/d/13ORtaiHu61A5UQxnfPhHShh2BKU0PY5o/view?usp=drive_link, https://drive.google.com/file/d/1TIl_gUlhlmr0YcQu-AHfZO0h5wPrwVJn/view?usp=drive_link, https://drive.google.com/file/d/1sd87Fe08sL6wX20daPRRbRokUccboAbS/view?usp=drive_link, https://drive.google.com/file/d/1D7U1nYnrdYZ1Y6PylkDNm9vbJxsGeD25/view?usp=drive_link, "
AL79,LISTA 1,Jueves,Gonzalo Fuentes,AV circunvalación ,Puntiti,Local Comercial,"1,500 Bs.","TIENDA EN ALQUILER 

🔻Zona: Puntiti, Av Circunvalación 
📐Superficie: 35 m2 aprox
💵Precio: 1500 bs

Información: 📱 
================================
Tienda con Cocineta y 🚽Baño

#AL79 #alquilertienda #puntiti #avcircunvalacion","TIENDA EN ALQUILER 

Tienda con Cocineta y 🚽Baño

🔻Zona: Puntiti, Av Circunvalación 
📐Superficie: 35 m2 aprox
💵Precio: 1500 bs

Información: 📱 
================================

#AL79",,"
TIENDA EN ALQUILER AV CIRCUNVALACIÓN 
Un espacio para tu negocio propio! 

🔻Zona: Puntiti, Av Circunvalación 
📐Superficie: 35 m2 aprox
💵Precio: 1500 bs.

✅Tienda, cocineta con mesón, Baño 
✅ Luz, agua prorrateo  

Mes adelantado 1500Bs.
Garantía: 1500 Bs.
Comisión 750Bs.

¡AGENDE SU VISITA!","https://drive.google.com/file/d/1scuMP2KJNhaQttB2bP1hEuHkCG5oiT-8/view?usp=drive_link, https://drive.google.com/file/d/1wa8YlPd636_fg8EDKjXDDMhdTlObCk2B/view?usp=drive_link, https://drive.google.com/file/d/1km__ygYWB8BlH4xIDZn2oCoj0GcRIbwN/view?usp=drive_link, https://drive.google.com/file/d/1Bs3ktPuzdrQqkIZXdebOVR00yB8BKqsY/view?usp=drive_link, https://drive.google.com/file/d/17UukcnlnJzMR625kiSr_qnjiI6wRjx4b/view?usp=drive_link, "
VN79,LISTA 2,Viernes,Jazmín Heresi,Avenida chiquicollo ,Chiquicollo,Casa,"225,000 $us.","🏠 Casa en Condominio privado en venta

 “La oportunidad de tener el hogar que soñaste”

📍Ubicación: Avenida Chiquicollo 
      Próximo al surtidor 
      Zona Chiquicollo
💰Precio de Venta: $us 225. 000.-
📐Superficies: 
▫️Superficie Terreno: 313 m2
▫️Superficie Construida:   275 m2

📱Más información 

#VN79 #casa #venta #Chiquicollo","🏡 Casa en condominio privado en venta
📍 Av. Chiquicollo, próximo al surtidor 📐 313 m² de terreno 🏠 275 m² construidos 💰 $us 225.000 
✨ Seguridad, comodidad y el espacio ideal para disfrutar en familia.

📲 Escríbeme hoy y agenda tu visita. 

¡La casa que soñaste puede estar a un mensaje de distancia!

VN79 #casaencondominio #venta Noventa #seguridad","🏡 ¡La casa que tu familia merece ya está disponible! ✨

📍 Chiquicollo – Av. Chiquicollo, próximo al surtidor. 📐 313 m² de terreno | 275 m² construidos 💰 $us 225.000
🌿 Amplios espacios, excelente ubicación y el potencial para convertirse en el hogar que siempre imaginaste.

📲 Agenda tu visita hoy. Las propiedades bien ubicadas son las primeras en venderse.","🏠 Casa en Condominio privado en venta

📍Ubicación: Avenida Chiquicollo 
      Próximo al surtidor 
      Zona Chiquicollo

💰Precio de Venta: $us 249. 000.-
▫️T/c 8,5 ( precio conversable) 
📐Superficies: 
▫️Superficie Terreno: 313 m2
▫️Superficie Construida:   275 m2

*️⃣Planta Baja:
▫️Living / comedor con Iluminación led, luces indirectas
▫️Bar
▫️Baño de visitas 
▫️Cocina amplia, iluminada, con espacio para comedor de diario, cajonería alta y baja, isla central,  cocina y horno empotrados
▫️Amplia despensa con estantería
▫️Cocina de grasas 
▫️Cuarto de lavado con lavandería
▫️Cuarto y baño de servicio
▫️Parrillero techado
▫️Parqueo para 2 vehículos 🚗🚗
▫️Hermosos jardines 

*️⃣Planta Alta:
▫️1 Suite con ropero empotrado
▫️2 Dormitorios con roperos  empotrados
▫️1 Baño completo 
▫️Estar familiar amplio con mueble para televisor

*️⃣Altillo:
▫️1 Suite con vestidor y baño con tina hidromasaje con conexión a otro dormitorio con roperos empotrados 

✅ Incluye:
▫️Lámparas
▫️Cortinas
▫️Transformador para corriente 110
▫️Acceso Automatizado al Condominio 

✅ No se pagan expensas

Agende su visita‼️","https://drive.google.com/file/d/1kk-6PN76-4sug3dyG5jOD-7Y0AdL1Ckc/view?usp=drive_link, https://drive.google.com/file/d/1h1Yn4dKTPvG7FX0vLqOp-K-oLDdicyvN/view?usp=drive_link, https://drive.google.com/file/d/12HyeKP-aumGBM16Y5xZ-5OyKBbJcf6mR/view?usp=drive_link, https://drive.google.com/file/d/1y3H2ScYgHL9153WZs5eFjpnfKlTUUAzD/view?usp=drive_link, https://drive.google.com/file/d/1YRS0fq7KDUn3WuvUPyWfVv7E52mWCQgL/view?usp=drive_link, "
PV23,LISTA 3,Sabado,Jazmín Heresi,Avenida Uyuni y Miguel de Aguirre,Queru Queru,Edificio de Departamentos,"43,570 $us.","🌟 DEPARTAMENTOS EXCLUSIVOS EN PREVENTA 🌟

📍 Ubicación estratégica:
📌 Miguel de Aguirre Queru Queru 

📐 Desde 43.57m2
💵 43570$us

Entrega Diciembre 2029
💼 Ideal para una familia que busca comodidad y seguridad 

📲 Más información

✨ Áreas comunes de lujo 

✔ Terraza panorámica
✔ Área social
✔ Espacios funcionales modernos 

 #Garzonier #Monoambiente #Inversion #90 ","💎 DEPARTAMENTOS EXCLUSIVOS EN PREVENTA – GRAN OPORTUNIDAD EN QUERU QUERU 💎

📍 Miguel de Aguirre – Queru Queru
🏙️ Ubicación estratégica en zona norte de alta valorización
📐 Desde 43.57 m²
💰 Desde $us 43.570
🗓️ Entrega: Diciembre 2029
✨ Ideal para vivir o invertir con visión a futuro
📈 Excelente proyección de plusvalía
🏢 Áreas comunes de lujo: ✔ Terraza panorámica
✔ Área social
✔ Espacios modernos y funcionales

📲 Solicita información y asegura tu unidad en etapa de preventa.

#PE9 #Casa #Venta #Cochabamba #viralbolivia #Noventa","✨ Departamentos exclusivos en preventa en una de las zonas con mayor crecimiento de Cochabamba.

📍 Miguel de Aguirre – Queru Queru 📐 Desde 43.57 m² 💰 Desde $us 43.570.
 🗓️ Entrega: Diciembre 2029

💎 ¿Por qué elegir este proyecto? ✔ Excelente ubicación ✔ Alta proyección de plusvalía ✔ Ideal para inversión o vivienda ✔ Terraza panorámica ✔ Área social ✔ Diseño moderno y funcional

📲 Aprovecha los precios de preventa y reserva tu departamento antes del próximo incremento.","🌳 PROYECTO ABEDULES ESTE🌳

🏢 Departamentos de 1, 2 y 3 habitaciones en una excelente ubicación
📍 Miguel de Aguirre (cerca del Hupermall)

📌 Queru Queru 

🔹 1 habitación desde $1,000/m²
🔹 2 y 3 habitaciones desde $888/m² al contado
💳 Reserva con 50% y paga el saldo en 12 meses

🚀 Esto no es para todos…
es para quienes saben que comprar antes = ganar después
⚠️ Cuando suba de precio, ya será tarde

Áreas comunes de primer nivel:
🏊‍♂️ Piscina
💪 Gimnasio
🔥 Parrillero
🎾 Cancha de pádel✨
🧖 Sauna
🎉 Salón de eventos

📩 Escríbenos ahora y asegura tu unidad antes que se agoten‼️","https://drive.google.com/file/d/16OSSHkcsEV4HmhTvd_-ixMkOEQBrLY44/view?usp=drive_link, https://drive.google.com/file/d/1vAtm6SRv80wKa7lN-8R3uT0aTl61g5N2/view?usp=drive_link, https://drive.google.com/file/d/1oRaPuDhbYoYIdtGVJczjQUIUPpRD9ugA/view?usp=drive_link, https://drive.google.com/file/d/1JT7MNhRGJKPKWVKj_Lpm_OkA-egPNoQd/view?usp=drive_link, https://drive.google.com/file/d/1fUEF_ScrpI-ZACJqK__OP0K1yFcI92G2/view?usp=drive_link, https://drive.google.com/file/d/1DCCzDh3g7SX0bcsW-wQwhb9nDHWBAdSq/view?usp=drive_link, https://drive.google.com/file/d/1n3ROZ559vk7H8LGkKqRYlnF7wrDaF0_k/view?usp=drive_link, "
VN82,LISTA 1,Domingo,Claudia Salazar,C. Llunqi Yupanki ,Mayorazgo,Departamento,"52,364 $us.","       𝐆𝐀𝐑𝐙𝐎𝐍𝐈𝐄𝐑 𝐄𝐍 𝐕𝐄𝐍𝐓𝐀

  𝔼𝕩𝕔𝕖𝕝𝕖𝕟𝕥𝕖 𝕌𝕓𝕚𝕔𝕒𝕔𝕚ó𝕟

📍Z. SARCO, inmediaciones de la Beijing y Av.Circunvalación

💰 52364 $us.  
T.C. 6.97Bs
💸 Pago al Contado
📐Superficie 40.28 m²

📱Más información 

🤽 PISCINA ATEMPERADA 
👮SEGURIDAD 24 HRS

#VN82  #Cochabamba #garzonierenventa #Sarco","DEPARTAMENTO 1 DORMITORIO 𝐄𝐍 𝐕𝐄𝐍𝐓𝐀

T.C. 6.97Bs
  𝔼𝕩𝕔𝕖𝕝𝕖𝕟𝕥𝕖 𝕌𝕓𝕚𝕔𝕒𝕔𝕚ó𝕟

📍Z. SARCO, inmediaciones de la Beijing y Av.Circunvalación

💰 52,364 $us.  

💸 Pago al Contado
📐Superficie 40.28 m²

📱Más información 

🤽 PISCINA ATEMPERADA 
👮SEGURIDAD 24 HRS

#VN82",,"🔥 𝐆𝐀𝐑𝐙𝐎𝐍𝐈𝐄𝐑 𝐀 𝐄𝐒𝐓𝐑𝐄𝐍𝐀𝐑 𝐋𝐈𝐒𝐓𝐎 𝐏𝐀𝐑𝐀 VIVIR 🔥

📍 Ubicación estratégica
A solo pasos de la 𝐀𝐯. 𝐂𝐢𝐫𝐜𝐮𝐧𝐯𝐚𝐥𝐚𝐜𝐢ó𝐧, y 𝐀𝐯. 𝐁𝐞𝐢𝐣𝐢𝐧𝐠 

Sup. 40.28 M2

💰 Aprovecha el tipo de cambio 𝐨𝐟𝐢𝐜𝐢𝐚𝐥. 
𝐀 𝐬𝐨𝐥𝐨  𝟔.𝟗7 Bs

💵 Pago al contado. 
💰 52.364💲
🔑Entrega inmediata.
📝 Documentos al día listo para transferencia. 

AMENIDADES 

➡️ 💃🏻SALA DE COPROPIETARIOS 
🥩CHURRASQUERO
🏋🏻 GIMNASIO 
🔥 FOGONERO 
🤽 PISCINA TEMPERADA 
🌆 TERRAZA PANORÁMICA 
👮SEGURIDAD 24 HRS
💥CALEFÓN 
📛GAS DOMICILIARIO 
🚫NO CUENTA CON PARQUEO

✨​""Las fotos son solo el prólogo; la verdadera experiencia comienza al cruzar la puerta.

 ¿Qué día le queda mejor para que coordinemos una visita y lo conozca en persona?""

","https://drive.google.com/file/d/1oXExLymxuIoOeGbYnMvpLk4XvhhfIeU_/view?usp=drive_link, https://drive.google.com/file/d/1ezlCFQ9WrYvgRLZmmurIpw6sfwExFLXg/view?usp=drive_link, https://drive.google.com/file/d/1vMj6yYzOwkQvSX_LWCkPOReRMaHiJY-h/view?usp=drive_link, https://drive.google.com/file/d/1S-RQK3aYYuD8FP4NuGUICm22DfdrmcvU/view?usp=drive_link, https://drive.google.com/file/d/1WC7MFZsAt3ekcA2MaD4LA6Kin9ZPIzqw/view?usp=drive_link, https://drive.google.com/file/d/1kniFQJYFG-cum6KlAJMwqJI3F8QZXYAw/view?usp=drive_link, "
VN81,LISTA 2,Lunes,Jazmín Heresi,C.J. Aguayo y Diomedes Pereira ,Cala Cala,Departamento,"62,000 $us.","DEPARTAMENTO 1 DORMITORIO EN PREVENTA 

✨ Entrega Diciembre 2026

📌 Calle Diomedes Pereira 
Parque Demetrio Canelas 
📌CALA CALA 
📐 40.05m2
💵 62.000$us 

📱 Más información 

🚀 Asegura hoy el mejor precio y haz crecer tu inversión

#VN81 #Venta #plusvalia #Departamento #Sarco ","🏡 Departamento de 1 dormitorio en preventa
🚨 ¡Compra hoy al mejor precio y gana con la plusvalía de mañana! 📈

📍 Cala Cala – Parque Demetrio Canelas 📌 Calle Diomedes Pereira 📐 40.05 m² 💰 $us 62.000 
🗓️ Entrega: Diciembre 2026
✨ Ideal para vivir o invertir en una de las zonas con mayor crecimiento.

📲 Escríbeme hoy y asegura tu departamento antes de que aumente de precio.

#VN81 #garzonier #venta #Noventa #1Dormitorio","🏡 ¡Invierte inteligente desde la preventa! 📈

📍 Cala Cala – Parque Demetrio Canelas 🛏️ 1 dormitorio 📐 40,05 m² 💰 $us 62.000 🗓️ Entrega: Diciembre 2026
✨ Ideal para vivir, alquilar o hacer crecer tu inversión con la plusvalía de una de las zonas más cotizadas.

📲 Escríbeme hoy. El precio de preventa no estará disponible por mucho tiempo."," DEPARTAMENTO 1DORMITORIO EN PREVENTA 

Invierte hoy y asegura tu lugar en un proyecto moderno de 22 pisos, diseñado para vivir o generar ingresos con alta plusvalía 📈

📌 Calle Diomedes Pereira 
Parque Demetrio Canelas 
📍 CALA CALA 
📐 40.05m2
💵 62.000$us 
✨Entrega diciembre 2026

🌇 ÁREAS COMUNES (último piso):
• Piscina
• Sauna
• Salón de copropietarios
• Churrasquero
• Jaulas de secado

🚀 Asegura hoy el mejor precio y haz crecer tu inversión

Agenda tu visita ❗❗","https://drive.google.com/file/d/1JmG-SXCHZeU7CmOpXBPkm6opZ3ml6Uty/view?usp=drive_link, https://drive.google.com/file/d/1HDWY28N1i6ZfUAg8cfnrPKwK5dDyLEyo/view?usp=drive_link, https://drive.google.com/file/d/17spEfFa6Dcr6d0csg4b8M1kti4Fwp2rJ/view?usp=drive_link, https://drive.google.com/file/d/1QKz75c-JmDTHek0mccQ9W1B9r07OWMKA/view?usp=drive_link, https://drive.google.com/file/d/1K_fsRA79YGPMJxO2ouy9enq6Rnr-NzuZ/view?usp=drive_link, "
AL80,LISTA 3,Martes,Jazmín Heresi,Avenida portales y avenida Santa Cruz ,Queru Queru,Penthouse ,"8,000 Bs."," PENTHOUSE AMOBLADO Y EQUIPADO EN ALQUILER

📍 Zona Queru Queru 
 Av. Santa Cruz 
📏 339 m²
💵 8.000Bs.
🛏️ 4 Dormitorios (1 en suite)
🛻 parqueo incluido 
🗃️ Expensas a parte 810bs

📲 Mayor info y agenda de visitas 

#AL80 #Departamento #4Dormitorios #Alquiler
#Amoblado #Equipado #Cochabamba #Queruqueru #Inmobiliaria #BienesRaices #90Noventa #AsesoresInmobiliarios #90 #Noventa #Bolivia
",,,"PENTHOUSE AMOBLADO Y EQUIPADO EN ALQUILER 

📍 Zona Queru Queru 
Av. Santa Cruz y portales
📏 339 m²
💵 8.000Bs.
🗃️ Expensas a parte 810bs

🗺️Viene con cortinas en sala y dormitorios
✅ Planta Alta 
🛌🏻 4 dormitorios, 1 en suite, con camas de 1.5, 2 y 2,5 plazas, con  almohadas, veladores, colgadores y otros.
🛀🏻 4 baños: de visitas, compartido y privado

✅ Planta baja 
🫕 Cocina americana con cajonería alta y baja y equipada con refrigerador, cocina encimera de 5 hornallas, microondas, jarra eléctrica y cafetera y comedor de diario con mesa y 4 sillas
🫧 Área de servicio con balcón, lavandería y calefón, además cuarto de lavado con lavadora 
🛋️ Living comedor con juego de sillones almohadones, mesita central y TV de 50°
-Juego de comedor con mesa larga y 12 sillas.
✨ Terraza con parrillero propio 
🛻 Parque incluido 

Para tomar el departamento:
1 mes de alquiler
1 mes de garantía 
50% (del alquiler) comisión inmobiliaria.

Su consulta no molesta! 🫵🏻","https://drive.google.com/file/d/15FVqR50iiUXdWIjBlVP4n5PWbp97mv5Z/view?usp=drive_link, https://drive.google.com/file/d/1IEXLWFt4ONj1iwHcQaepTUoeLopK1DQd/view?usp=drive_link, https://drive.google.com/file/d/1wsZc2JlV3e9ByVET78QytC0GhQqVRjU_/view?usp=drive_link, https://drive.google.com/file/d/1kTduFA4_4oCYQ5LNRdmRKkiBK6U_t1Ao/view?usp=drive_link, https://drive.google.com/file/d/1_fVDJgW-USePjxy3Ofat8mNwADdrYoUW/view?usp=drive_link, https://drive.google.com/file/d/1UqQM0RvS278dN3JOMTwn2wjUTdBiC0bU/view?usp=drive_link, "
VN83,LISTA 1,Miercoles,Jazmín Heresi,Aniceto padilla y Villarroel ,Queru Queru,Departamento,"350,000 Bs.","🌟 MONOAMBIENTE EN VENTA 

AMOBLADO Y EQUIPADO 🌟

📍ZONA QUERU QUERU 
📏 30m² + patio
💰 Precio: Bs 350.000 
💧 Expensas: Bs 210

📲 Más información al:

🔹 Cocina eléctrica empotrada
🐾 ¡Pet Friendly! Se permiten mascotas

#VN83 #Monoambiente #Venta #Amoblado",,,"🌟 MONOAMBIENTE EN VENTA AMOBLADO Y EQUIPADO 🌟

📍  Gualberto Villarroel 
ZONA QUERU QUERU 
📏 30m2 + patio 

💰 Precio: Bs 350.000
💡 Luz independiente
🚿 Agua con prorrateo 
💧 Expensas: Bs 210 (incluye WiFi)

Distribución funcional y moderna:
🔹 Ropero empotrado
🔹 Cocineta con cajonería alta y baja
🔹 Cocina eléctrica empotrada
🔹 Conexión para lavadora y frigobar

🏢CARACTERISTICAS DEL MONOAMBIENTE INCLUYE:
🛏️ Distribución para una cama y escritorio.
✅ Baño
✅ Licuadora, jarra eléctrica, tostadora 
✅Vajilla necesaria para dos personas 
✅ box de baño
✅ Frigobar
✅ Escritorio y sillas 
✅ Juego de living en patio
🐾 ¡Pet Friendly! Se permiten mascotas
⬅️ Orientación sudoeste

🌿 ÁREAS COMUNES:
🌳 Terraza 
🧺 Lavandería y jaulas de secado
🚻 Baños compartidos

📌 ¡Ideal para estudiantes, inversionistas o personas que buscan su primer espacio propio!

Agenda tu visita ❗❗","https://drive.google.com/file/d/17N-svp1g0fSkn2-38Fa27cw62Xvz49TF/view?usp=drive_link, https://drive.google.com/file/d/1ig0HA6UGpfhT4eZl-5lIhW4jPVPhB3wn/view?usp=drive_link, https://drive.google.com/file/d/1QJfo1JvGhFW9C6P8chYeDNJgKkaSUWA_/view?usp=drive_link, https://drive.google.com/file/d/1FD5-R8lYzYa209UCZFYR2cEu_77IfG3m/view?usp=drive_link, https://drive.google.com/file/d/1oAEbVuyjLlctrOUZMz751a6UV_MKrFye/view?usp=drive_link, "
VN84,LISTA 2,Jueves,Jazmín Heresi,Aniceto padilla y Villarroel ,Queru Queru,Departamento,"295,000 Bs.","🌟 MONOAMBIENTE EN VENTA 

AMOBLADO Y EQUIPADO 🌟

📍ZONA QUERU QUERU 
📏 19m² 
💰 Precio: Bs 295.000 
💧 Expensas: Bs 210

📲 Más información al:

☀️ Iluminación cálida 
🔹 Cocina eléctrica empotrada
🔹 Conexión para lavadora y frigobar

#VN84 #Monoambiente #Venta #Cochabamba ","🌟 Monoambiente en venta – 

Amoblado y equipado 🏡

📍 Zona Queru Queru 📐 19 m² 
💰 Bs. 295.000 💧 Expensas: Bs. 210 (+WiFi)
✨ Iluminación cálida 🍳 Cocina eléctrica empotrada 🧺 Conexión para lavadora y frigobar

📲 Escríbeme hoy y conoce esta excelente opción para vivir o invertir. ¡No dejes que se te adelanten!

#VN84 #amoblado #equipo #monoambiente #queruqueru #Noventa",,"🌟 MONOAMBIENTE EN VENTA AMOBLADO Y EQUIPADO 🌟
📍  Gualberto Villarroel 
ZONA QUERU QUERU 
📏 19 m² 

💰 Precio: Bs 295.000
💡 Luz independiente
🚿 Agua con prorrateo 
💧 Expensas: Bs 210 (incluye WiFi)
☀️ Iluminación cálida 

Distribución funcional y moderna:
🔹 Ropero empotrado
🔹 Cocineta con cajonería alta y baja
🔹 Cocina eléctrica empotrada
🔹 Conexión para lavadora y frigobar

🏢CARACTERISTICAS DEL MONOAMBIENTE INCLUYE:
🛏️ Distribución para una cama y escritorio.
✅ Baño
✅ TV Smart
✅ Microondas 
✅Vajilla necesaria para dos personas 
✅ box de baño
✅ Frigobar
✅ mesita de diario y sillas 

⬅️ Orientación oeste

🌿 ÁREAS COMUNES:
🌳 Terraza panorámica 
🎊 Salón de copropietarios
🔥 Churrasqueros
🧺 Lavandería y jaulas de secado
🚻 Baños compartidos

📌 ¡Ideal para estudiantes, inversionistas o personas que buscan su primer espacio propio!

Agenda tu visita ❗❗","https://drive.google.com/file/d/1gCDSvQJwBedA_nwpp3fNQU-5FdeHskio/view?usp=drive_link, https://drive.google.com/file/d/1DKVYVT_hnvZiCMRlmQiw_yT6BI_PbuOd/view?usp=drive_link, https://drive.google.com/file/d/1BdJAF-MrFXX0TejfgluEwWSSt6ufPC3s/view?usp=drive_link, https://drive.google.com/file/d/1ihgjJPiZg-6WImx2PloGxRkFzK24UD7u/view?usp=drive_link, https://drive.google.com/file/d/14SAyd77HOQQ1-vrCkRpscwGhZIJ-_nwJ/view?usp=drive_link, "
VN85,LISTA 3,Viernes,Claudia Salazar,C.Llunqi Yupanki ,Mayorazgo,Departamento,"141,700 $us.","DEPARTAMENTO DE 3 DORMITORIOS 
EN VENTA 

🔹 Incluye parqueo 

 📍Inmediaciones de la Av. Beigin y Av. Circunvalación
📐 Superficie 99.32 m²
💰Precio 💲 141.700 
     TC.6.97 

📱 Más información 

🔹 Cocina cerrada con cajonería alta y baja.

#VN​85 #Cochabamba ​#Sarco #DepartamentoenVenta","DEPARTAMENTO EN VENTA 

3 DORMITORIOS 
🔹 Incluye parqueo 

 📍Inmediaciones de la Av. Beigin y Av. Circunvalación
📐 Superficie 99.32 m²
💰Precio 💲 141.700 

📱 Más información 

  TC.6.97 

#VN​85",,"Departamento de 3 dormitorios con parqueo y baulera en venta‼️

📍Inmediaciones de la Av. Beijing y Circunvalación

✴️ Entrega Inmediata!

🔹 Piso 2
🔹 Superficie 99.32 m²
🔹 3 Dormitorios 
🔹 2 baños
🔹 Cocina cerrada con cajonería alta y baja.
🔹 Living comedor 
🔹 Balcón con parrillero empotrado 
🔹 Incluye parqueo 
🔹 Cuenta con baulera
🔹 Cuenta con calefón

Áreas Comunes:

🔹 Gimnasio
🔹 Salón de Co-propietarios
🔹 Piscina 
🔹 2 Parrilleros
🔹 Fogón 
🔹 Lavanderías y Jaulas de Secado

✅️ Documentación al día listo para transferencia.
✅️ Se acepta financiamiento bancario
✅ Departamento a Estrenar 

💰 Precio 💲 141.700 
     TC.6.97 

Agenda tu visita y no pierdas la oportunidad de adquirir este lindo departamto!","https://drive.google.com/file/d/1QCVuzmGcqRJPYbp3due1f8VAlzQnHJwf/view?usp=drive_link, https://drive.google.com/file/d/1Veun6YFQtO8QhYjt58NDl9W_DpYxI4jk/view?usp=drive_link, https://drive.google.com/file/d/1Pbz2fO2lpUKUFcJPbwy93LKj7hRiP38j/view?usp=drive_link, https://drive.google.com/file/d/1DzAQdA14OO0sM2g3udOqlgXzaSkfdkNd/view?usp=drive_link, https://drive.google.com/file/d/1MbtjEXcUY_toRfDObVD5a2njotvvKUpY/view?usp=drive_link, https://drive.google.com/file/d/1o-xuu-gjAive5E3UnpW-EVql0UoDUTAe/view?usp=drive_link, "
VN86,LISTA 1,Sabado,Jazmín Heresi,Avenida Santa Cruz y Aniceto Padilla ,Queru Queru,Departamento,"1,100,000 Bs.","𝐃𝐞𝐩𝐚𝐫𝐭𝐚𝐦𝐞𝐧𝐭𝐨 𝐝𝐞 𝟑 𝐝𝐨𝐫𝐦𝐢𝐭𝐨𝐫𝐢𝐨𝐬 𝐞𝐧 𝐯𝐞𝐧𝐭𝐚

“SIN COMISION INMOBILIARIA”

📍Inmediaciones Queru Queru 
 Avenida Santa Cruz 
💰1.100.000 Bs.
📐103m²

Más información 📱

Áreas comunes en terraza🌳

#VN6 #Venta #Departamento #Cochabamba ","🏡 Departamento de 3 dormitorios en Venta
✨ El hogar que tu familia merece, en una de las zonas más cotizadas de Cochabamba.


📍 Queru Queru – Av. Santa Cruz 📐 103 m² 💰 Bs 1.100.000
✨ A estrenar 
Papeles al día 
☀️ Excelente iluminación 

📲 Solicita más información y conoce tu próximo hogar.

#VN6 #Venta #Departamento #Cochabamba #Noventa","🏡 ¡Estrena tu nuevo hogar en Queru Queru! ✨
📍 Av. Santa Cruz – Queru Queru 📐 103 m² 🛏️ 3 dormitorios 💰 Bs. 1.100.000

✅ A estrenar 📄 Papeles al día ☀️ Ambientes con excelente iluminación natural

📲 Agenda tu visita hoy. 

Departamentos nuevos en esta zona y a este precio se venden rápidamente.","𝐃𝐞𝐩𝐚𝐫𝐭𝐚𝐦𝐞𝐧𝐭𝐨 𝐝𝐞 𝟑 𝐝𝐨𝐫𝐦𝐢𝐭𝐨𝐫𝐢𝐨𝐬 𝐞𝐧 𝐯𝐞𝐧𝐭𝐚

📍Inmediaciones Queru Queru 
 Avenida Santa Cruz 
💰1.100.000 Bs.
📐103m²


𝟑 𝐝𝐨𝐫𝐦𝐢𝐭𝐨𝐫𝐢𝐨𝐬 𝐜𝐨𝐧 𝐫𝐨𝐩𝐞𝐫𝐨𝐬 𝐞𝐦𝐩𝐨𝐭𝐫𝐚𝐝𝐨𝐬
1 Suite (baño privado)
2 Dormitorios  
1 Baño de Visitas y compartido
🍴Cocina estilo americana con cajonería alta y baja
🛋️Living comedor cortinas 
✨Balcón 
🧼area de lavado (calefón)
Piso 8 orientación noroeste
🗃️ Expensas 380bs ( mantenimiento edificio, ascensor y portería 24/7, WiFi)
Departamento a estrenar 

Áreas comunes en terraza🌳
🥳Salon de Copropietarios
🥩Parrilleros
🎠Parque infantil 
🏋🏻‍♀️Gimnasio 
🚿Jaulas de secado y lavanderias 

Tu nuevo lugar, con atardeceres incluidos ☀️
Disfruta de una iluminación natural espectacular por las tardes, creando un ambiente cálido, acogedor y lleno de vida.
Porque no es solo un departamento… es cómo se siente vivirlo.

𝐀𝐠𝐞𝐧𝐝𝐚 𝐭𝐮 𝐯𝐢𝐬𝐢𝐭𝐚❗

","https://drive.google.com/file/d/1PPkEHHHXXCO0wDXicCQZv1ULUrZEe2rn/view?usp=drive_link, https://drive.google.com/file/d/1eLG-VmoH15nIv8GN-ZmIdaZG1Jlz3z9p/view?usp=drive_link, https://drive.google.com/file/d/1VNg0tJoP7poSOGd6RonIVAjCbUb0JPyA/view?usp=drive_link, https://drive.google.com/file/d/19GDVfZjgePvm6NnQpeZ3HaS88eBwscB5/view?usp=drive_link, https://drive.google.com/file/d/1NbdDnJ8JT8l0PSNjYcShlGYfHVxNu_e4/view?usp=drive_link, "
PV24,LISTA 2,Domingo,Claudia Salazar,C.Irigoyen casi Chimané ,Sarco,Edificio de Departamentos,"36,024 $us.","DEPARTEMENTOS EN PREVENTA!

📍Ubicado en Zona Sarco  a pasos de l av.America y Beiging

🔸Monoambientes desde 36.024 $us.
🔸2 dormitorios desde 62.876 $us.
🔸3 dormitorios desde 119.319 $us.

🛑 Áreas comunes 

Solicita más información:
📱
“SIN COMISIÓN INMOBILIARIA”

🚧HAZ TU RESERVA YA !!! 
💵Invierte y ahorra 

#PV24 #Departamento #Alquiler #Garzonier #1dormitorio #Cochabamba #Bolivia #inversion #venta #departamentos# Sarco","DEPARTEMENTOS de 1, 2 y 3 dormitorios 

📍Ubicado en Zona Sarco  a pasos de l av.America y Beiging

🔸Monoambientes desde 36.024 $us.
PRECIOS DE PREVENTA!

Solicita más información:
📱

“SIN COMISIÓN INMOBILIARIA”
💵Invierte y ahorra 

#PV24",,"DEPARTEMENTOS EN PREVENTA!

📍Ubicado en Zona Sarco  a pasos de l av.America y Beiging

🔸Monoambientes desde 36.024 $us.
🔸2 dormitorios desde 62.876 $us.
🔸3 dormitorios desde 119.319 $us.

🏊 Piscina atemperada
🏋 Gimnasio
🔥 Fogoneros
🌿 Áreas verdes
👨‍👩‍👧 Parque infantil
🍖 Churrasqueros
🏢 Salón de copropietarios
 
➡️ELEVADOR DE AUTOS (Montacargas)
🚗 PARQUEO VEHICULAR
🔏 BAULERAS

¡Agenda tu visita ya!","https://drive.google.com/file/d/1aU2iyn24btRE0jwGiWWt3JCeP_bSfHP2/view?usp=drive_link, https://drive.google.com/file/d/1l9tFbmyT7zq8xOQy4XXxXl16ZVnSLzCn/view?usp=drive_link, https://drive.google.com/file/d/1DT-bOa7DKT-i4rO646ilWTtvvzqSxxAY/view?usp=drive_link, https://drive.google.com/file/d/1Z7Xs26BD-_AsgEaHamTZJPOvb6uLfF-f/view?usp=drive_link, https://drive.google.com/file/d/1ipUwWyAb-KsAhzYQ_qUTvBUWtFkwmF0r/view?usp=drive_link, https://drive.google.com/file/d/1eGjxX2j484U4LIwRaVQBgbhVUN1nqVqr/view?usp=drive_link, "
AL81,LISTA 3,Lunes,Juan Pablo Villán,C. Colombia Esq. 16 de Julio,Centro,Oficina / Consultorio,"1,300 Bs.","✨🏢 ¡OFICINA - CONSULTORIO EN ALQUILER ✨🏢 
 
zona Universidad UMSS

📍 Inmediaciones Av. Oquendo 
Precio Alquiler : 1.300 Bs. 
Expensa : 350 Bs.
(Agua y servicios de Edificio)

✨ Características:
✅  Oficina en interior
✅  1 Ambiente luminoso
✅  Baño privado

📲 Más información: 

💡 Específicamente para consultorio medico o oficina administrativa.

#AL81 #Alquiler #oficina #Cochabamba #local ","✨🏢 CONSULTORIO EN ALQUILER ✨🏢 
 
💡 Específicamente para consultorio medico o oficina administrativa.

📍 Inmediaciones Av. Oquendo 
Precio Alquiler : 1.300 Bs. 
Expensa : 350 Bs.
(Agua y servicios de Edificio)

✨ Características:
✅  Oficina en interior
✅  1 Ambiente luminoso
✅  Baño privado

📲 Más información: 

zona Universidad UMSS

#AL81",,"✨🏢 ¡OFICINA - CONSULTORIO EN ALQUILER ✨🏢 
 
​📍 Inmediaciones Av. Oquendo zona Universidad UMSS
Ubicación Estrategica
 
✨ Características:
✅  Oficina en interior
✅  1 Ambiente luminoso
✅  Baño privado

​🚗 Facilidad de Acceso: Cerca de transporte público y zonas comerciales.
​💡 Especificamente para consultorio medico o oficina administrativa.

💰 Alquiler:
– Bs 1.300 mensual 
- Bs 1.300 mes de Garantía
- Bs 650 Comisión Inmobiliaria 

Agenda tu visita ❗","https://drive.google.com/file/d/1yu5y25QVomKIIyPnHtWj9GLF-n_rR2dS/view?usp=drive_link, https://drive.google.com/file/d/1XL1-nPX55YN_ZYcw4MltF3k0KGqkIQ38/view?usp=drive_link, https://drive.google.com/file/d/1JxDllhRNRefreXMUQLTn8hqUMp8i-k2-/view?usp=drive_link, https://drive.google.com/file/d/11XzuH2gtatKXcn-B1aYi-WnZsmLmpE-u/view?usp=drive_link, https://drive.google.com/file/d/1-T03VHr1U9qsSWUTxYgSD3ueZEa-XdHw/view?usp=drive_link, "
AL82,LISTA 1,Martes,Jazmín Heresi,Avenida julio Rodríguez ,Tiquipaya,"Restaurante, local comercial ","15,000 Bs."," 🏡 COMERCIAL EN ALQUILER 🏡

AMPLIO ESPACIO 

📍 Tiquipaya (inmediaciones plaza principal 
📐 Superficie 700 m²
💰 15.000 Bs.

📱Más información 

✅ Cuenta con:
🔑 Amplio galpón techado
🔑 Depósito
🔑 5 baños

#AL82 #localcomercial #galpon #alquiler","🏡  galpón en alquiler / Local comercial y restaurante 

🚨 ¡No hay muchos espacios de este tamaño en ubicación estratégica… y este puede ser el tuyo!

📍 Tiquipaya – Inmediaciones Plaza principal
📐 700 m²
💰 Bs. 15.000
🔑 Galpón techado amplio
🔑 Depósito
🚻 5 baños

📲 Escríbeme hoy mismo y agenda tu visita. 

#AL82 #restaurante #comida #alquiler #Noventa #comercial ","🏡  Restaurante en alquiler / Local comercial  

📍 Tiquipaya – Inmediaciones Plaza principal
Zona estratégica 
📐 700 m²
💰 Bs. 15.000
🔑 Galpón techado amplio
🔑 Depósito
🎛️ Cocina amplia 
🚻 5 baños

📲 Escríbeme hoy mismo y agenda tu visita. 
🚗Parqueos para más de 10 vehículos 

#AL82 #restaurante #comida #alquiler #Noventa #comercial","🏡 AMPLIO ESPACIO COMERCIAL EN ALQUILER 🏡

📍 Tiquipaya (inmediaciones plaza principal 
📐 Superficie 700 m²
💰 15.000 Bs.

Ideal para:
🍽️ Restaurante campestre o gastronómico
☕ Café – resto bar
🎉 Eventos sociales o recreativos
🚗 Taller, depósito o actividad comercial
🏢 Oficinas y empresa operativa

✨ Un espacio amplio, versátil y con gran proyección comercial en excelente ubicación.

✅ Cuenta con:
🔑 Amplio galpón techado
🔑 Patio y áreas abiertas
🔑 Depósito
🔑 5 baños
🔑 Área de cocina y bar
🔑 Garaje para varios vehículos
🚙 Fácil acceso vehicular

💰 Condiciones:
✅ Mes adelantado: 15.000 Bs
✅ Garantía: 15.000 Bs
✅ Comisión inmobiliaria: 7.500 Bs

 Agenda tu visita y conoce el potencial de este espacio para tu negocio❗","https://drive.google.com/file/d/1f4pYc4S5V2_nWSMLBR-K7o5D_IutMmtp/view?usp=drive_link, https://drive.google.com/file/d/136TfKH9pqnDqZQ1EZr35ryV2vLjmTRYb/view?usp=drive_link, https://drive.google.com/file/d/1RCQ75ak6EoQm0A3bzK8VuxmCgmGqhd4X/view?usp=drive_link, https://drive.google.com/file/d/17L2kIdK0EHopTt6v5HlhTKssnqP3SSac/view?usp=drive_link, https://drive.google.com/file/d/11kQXw8GI8JZy-pEP5flXMFUthZvt7M-n/view?usp=drive_link, https://drive.google.com/file/d/1qFnMpFYZwLDwkTUq-QCQJ34OiQqwKt-N/view?usp=drive_link, "
VN87,LISTA 2,Miercoles,Carla Espinoza,Av. Santa Cruz # 1178 entre Uyuni y Aniceto Padilla,Queru Queru,Departamento,"759,500 Bs.","Departamento de Dos Dormitorios en Venta 

Excelente oportunidad y ubicación!
“SIN COMISIÓN INMOBILIARIA”

📍Queru Queru, Av. Santa Cruz 
💰 759.500 bolivianos
📐 78,15m²

Más información 📱: 

🧼Área de lavado
🚘 Incluye Parqueo ❗

#VN87 #Cochabamba #departamentoenventa #queruqueru ","Departamento en Venta 

Dos Dormitorios 
🚘 Incluye Parqueo ❗

📍Queru Queru, Av. Santa Cruz 
💰 759.500 bolivianos
📐 78,15m²

Más información 📱: 

“SIN COMISIÓN INMOBILIARIA”

#VN87",,"Departamento de Dos dormitorios en venta
Excelente oportunidad y ubicación!

📍Queru Queru, Av. Santa Cruz 
💰 759.500 bolivianos al contado 
📐 78,15m²

“SIN COMISIÓN INMOBILIARIA”

🛏️ 1 suit 
🛏 1 dormitorio
🚿 2 Baños completos en total 
🛋️ Living Comedor 
🍴Cocina cerrada con cajonería alta y baja 
🧼Área de lavado
🚘 Incluye Parqueo ❗

🗃️ Expensas 350 Bs. Incluye wifi, mantenimiento del edificio, seguridad 24/7, cámaras de seguridad 

✨ Áreas comunes:
✅ Gimnasio 
✅ Parrilleros 
✅ Parque Infantil 
✅ Salón de Fiestas 
✅ Jaulas de Secado

Seguridad las 24 horas
Papeles al día.

Agenda tu visita ❗","https://drive.google.com/file/d/10mTbBDTGtmm1zC52o1pHQVkCuuugO-NF/view?usp=drive_link, https://drive.google.com/file/d/1yhtCgE5fZUE5f-y5lzuqBuRUtP2yZGAs/view?usp=drive_link, https://drive.google.com/file/d/1Wuej8Tl1oGsqDSTjZnCiDJed3S8OmKup/view?usp=drive_link, https://drive.google.com/file/d/1840NchLJUiLIjfGGQuJU686IoU0VH0zl/view?usp=drive_link, https://drive.google.com/file/d/17ya64VFi-KWLtbS_Bjxm6tgJH9NLZnP0/view?usp=drive_link, https://drive.google.com/file/d/1GCA9-CM8dk0AOSL6WX896b1jMR4Y0Jeu/view?usp=drive_link, "
PV25,LISTA 3,Jueves,Jazmín Heresi,M. Torrico y Buenos Aires ,Queru Queru,Edificio de Departamentos,"35,319 $us.","DEPARTAMENTOS EN PREVENTA

Excelente oportunidad de inversión en la Queru Queru
💵 Precios desde: 35.319$us 
📐 Superficies desde: 28.95m2

✨MONOAMBIENTES Y DEPARTAMENTOS DE 1, 2 Y 3 DORMITORIOS..
🌇 EXCELENTES AMENIDADES

Reserva con 500$us 
Tipo de cambio: 7Bs. 

MAYOR INFORMACION:
📱

#Inversion #Cochabamba #Bolivia #viralbolivia #Departamento ","🏙️ ¡Invierte hoy al mejor precio de preventa!

📍 Queru Queru 💰 Desde $us 35.319 📐 Desde 28.95 m²
✨ Monoambientes y departamentos de 1, 2 y 3 dormitorios. 🌇 Modernas amenidades. 💵 Reserva con solo $us 500.

📲 Escríbenos y asegura tu departamento.
#Preventa #Inversión #Cochabamba #Bolivia #Noventa","🚨 La oportunidad que estabas esperando ya llegó.

🏡 Departamentos en preventa en Queru Queru.
💰 Desde $us 35.319 📐 Desde 28.95 m² ✨ Monoambientes y departamentos de 1, 2 y 3 dormitorios. 🌇 Áreas comunes pensadas para tu comodidad.
💵 Reserva con solo $us 500. 📲 Solicita toda la información y aprovecha los precios de lanzamiento.
#Preventa #QueruQueru #Cochabamba #Inversión #Noventa","🏢 DEPARTAMENTOS EN PREVENTA

Invierte hoy y asegura tu lugar en un proyecto moderno de 22 pisos, diseñado para vivir o generar ingresos con alta plusvalía 📈

Zona Queru Queru
📍Av. Portales 
💵 35.319$us 
📐 Desde: 28.95m2

✨TIPOS DE DEPARTAMENTOS:
🔸 Monoambientes desde 35.319 $us.
🔸 1 dormitorio desde 62.624 $us.
🔸 2 dormitorios desde 77.100 $us.
🔸 3 dormitorios desde 180.728 $us.

🌇 ÁREAS COMUNES:
• Piscina
• Sauna
• Salón de copropietarios
• Jacuzzi
• Cowork

💰 FORMAS DE PAGO:
🔹 Al contado:
🔹 A cuotas

Reserva con 500$us
Tipo de cambio: 7,00 Bs. 
Entrega JULIO 2027

🚀 Preventa abierta – aprovecha precios de lanzamiento
Asegura hoy el mejor precio y haz crecer tu inversión

 Escríbeme para más información o agendar una visita❗","https://drive.google.com/file/d/1F94_8ISU0AW2ubx_DOfOqxapnzs_3-is/view?usp=drive_link, https://drive.google.com/file/d/1RYtS0-w_lC3ncaYE5y0BZYq8sRRYxAW5/view?usp=drive_link, https://drive.google.com/file/d/1F8zUVfeR-0cywGotJZNY2dbAS3sdaIrF/view?usp=drive_link, https://drive.google.com/file/d/1a-8uludIyvOFs4Fv-d59n8iNR5PBqnx0/view?usp=drive_link, https://drive.google.com/file/d/14gRwTdyEGd0qlFWRWm2rii7gV3mV_ofD/view?usp=drive_link, https://drive.google.com/file/d/11_kZWBV76khyvxrsho-NHulGuJ388KGd/view?usp=drive_link, https://drive.google.com/file/d/16DFtdpwHJ4zj5P4NH-s5fwvWziY5U3pO/view?usp=drive_link, "
VN88,LISTA 1,Viernes,Jazmín Heresi,Avenida Ballivian ,El Prado,Departamento,"435,600 Bs."," 🏢 MONOAMBIENTE EN VENTA AMOBLADO 🏢

💵 La inversión que sí se paga sola!!

📍 Av. Ballivián El Prado
📐 Superficie: 26 m2
💰 Precio: Bs 435.600

📱 Más información 

✨ Totalmente amoblado y listo para Airbnb o inversión

#VN88 #Departamento #Venta #Prado",123,456,"✨ La inversión inteligente que genera ingresos desde el primer día ✨

🏢 MONOAMBIENTE EN VENTA – VÍA ALAMEDA 🏢
📍 Av. Ballivián, El Prado
📐 Superficie: 26 m2
💰 Precio: Bs 435.600


🔑 Totalmente amoblado y equipado, ideal para vivir o generar ingresos con Airbnb desde el primer día.
✔️ Chapa digital
📺 Televisor
🧊 Frigobar
🧺 Lavadora
🛏️ Cama de 2 plazas
🪵 Mesitas de noche
🗂️ Documentación lista para transferencia 
✨ Diseño moderno, funcional y listo para entrega inmediata.

🕋 Amenidades exclusivas
🌳 Terraza de 360°
🧴 Lavanderías y jaulas de secado
💃🏻 Salón de copropietarios 
🥩 Parrilleros 

📍 Ubicado en una de las zonas más exclusivas y cotizadas de Cochabamba, con alta demanda y excelente proyección de valorización.

💼 Perfecto para inversionistas que buscan rentabilidad, seguridad y ubicación premium en un solo lugar.

Agenda tu visita ❗","https://drive.google.com/file/d/1_EatodSHqQnVjY-YcenkFktOL_G9Pdfg/view?usp=drive_link, https://drive.google.com/file/d/1Cdif_ZTiNmsdxA_exwkwATE6ZxuaDN4G/view?usp=drive_link, https://drive.google.com/file/d/1KeZ1KUQJF8J5qvEmKL5SsnW7KZ2zDJL1/view?usp=drive_link, https://drive.google.com/file/d/1EmimCABxaV9YOBWDKYFs9SNsf9XOIZ0Z/view?usp=drive_link, https://drive.google.com/file/d/1HULRkQd52zyvjYTCar7YZ9aN5D411zcZ/view?usp=drive_link, "
VN89,LISTA 2,Sabado,Jazmín Heresi,Aniceto y Villarroel ,Queru Queru,Departamento,"275,000 Bs.","🌟 MONOAMBIENTE EN VENTA 

💎AMOBLADO Y EQUIPADO 

📍ZONA QUERU QUERU 
📏 19.19m² 
💰 Precio: Bs 275.000 
💧 Expensas: Bs 220 (incluye wifi)

📲 Más información al:

✨Ideal para inversión o Airbnb 

#Monoambiente #Inversion #90  #Compra #Noventa #89","🏡  En venta Monoambiente amoblado y equipado

✨ Pequeño en tamaño, grande en rentabilidad.

📍 Zona Queru Queru 📐 19.19 m² 💰 Bs. 275.000 💧 Expensas: Bs. 220 (incluye WiFi)
💎 Listo para habitar o comenzar a generar ingresos desde el primer día. 📈 Ideal para inversión, alquiler o Airbnb.
📲 Envíame un mensaje y descubre por qué este tipo de propiedades se vende tan rápido.
.
#VN89 #airbnb #inversion #alquiler #rentabilidad #Noventa",,"🌟 MONOAMBIENTE EN VENTA AMOBLADO Y EQUIPADO 🌟

💸 Tu próxima inversión rentable está en Queru Queru.
📍  Gualberto Villarroel 
ZONA QUERU QUERU 
📏 19.19 m² 

💰 Precio: Bs 275.000
💡 Luz independiente
🚿 Agua con prorrateo 
💧 Expensas: Bs 220 (incluye WiFi)
☀️ Iluminación cálida 

Distribución funcional y moderna:
🔹 Ropero empotrado
🔹 Cocineta con cajonería alta y baja
🔹 Cocina eléctrica empotrada
🔹 Conexión para lavadora y frigobar

🏢CARACTERISTICAS DEL MONOAMBIENTE:
🛏️ Distribución para una cama y escritorio.
✅ Baño
✅ TV Smart
✅ Microondas 
✅ Vajilla necesaria para dos personas 
✅ Box de baño
✅ Frigobar
✅ Mesita de diario y sillas 

⬅️ Orientación Oeste 

🌿 ÁREAS COMUNES:
🌳 Terraza panorámica 
🎊 Salón de copropietarios
🔥 Churrasqueros
🧺 Lavandería y jaulas de secado
🚻 Baños compartidos

📌 ¡Ideal para estudiantes o inversionistas 
 📈 Alta demanda en alquiler y Airbnb.
🔑 Inversión segura en una de las zonas más buscadas.

Agenda tu visita ❗❗","https://drive.google.com/file/d/1Dagsa_6uBIWc0YccyPcaCuAW8Bb18wBS/view?usp=drive_link, https://drive.google.com/file/d/12w2BMhh5SFrPrMrlwcE8HWlTuMgO8c1T/view?usp=drive_link, https://drive.google.com/file/d/1sknvauw0Zl6Pds49iPiG-hjYmhG5ceqP/view?usp=drive_link, https://drive.google.com/file/d/1BUvaCdjwtr6eQ51mNMecCxecErwSdYAv/view?usp=drive_link, https://drive.google.com/file/d/1ALWWaKIedf-Br3qgXDtMpdfciylOgNIj/view?usp=drive_link, https://drive.google.com/file/d/14OmYSlRAKB9beVTZoUaPu8EPXEujveJn/view?usp=drive_link, "
AL83,LISTA 3,Domingo,Gabriel Cañipa,Av. Julio Rodríguez - Ciclovía,Cala Cala,Casa,"25,000 Bs.","𝐂𝐀𝐒𝐀 𝐄𝐍 𝐀𝐋𝐐𝐔𝐈𝐋𝐄𝐑

𝐙𝐎𝐍𝐀 𝐄𝐗𝐂𝐋𝐔𝐒𝐈𝐕𝐀 𝐘 𝐑𝐄𝐒𝐈𝐃𝐄𝐍𝐂𝐈𝐀𝐋 (Ciclovía)

📍 𝐔𝐛𝐢𝐜𝐚𝐜𝐢ó𝐧: Av. Julio Rodríguez 
📐 𝐒𝐮𝐩𝐞𝐫𝐟𝐢𝐜𝐢𝐞 𝐝𝐞 𝐭𝐞𝐫𝐫𝐞𝐧𝐨: 710,50 m2
🏡 𝐒𝐮𝐩𝐞𝐫𝐟𝐢𝐜𝐢𝐞 𝐜𝐨𝐧𝐬𝐭𝐫𝐮𝐢𝐝𝐚: 420,75 m2
💰𝐏𝐫𝐞𝐜𝐢𝐨 𝐝𝐞 𝐀𝐥𝐪𝐮𝐢𝐥𝐞𝐫: Bs. 25.000.-
🔹4 suites

Agenda tu visita ahora 📲

🏊 Piscina atemperada
🚗 Garaje para 3 movilidades

#AL83 #Casa #Alquiler #Ciclovía","𝐂𝐀𝐒𝐀 𝐄𝐍 𝐀𝐋𝐐𝐔𝐈𝐋𝐄𝐑

 (Ciclovía)

📍 𝐔𝐛𝐢𝐜𝐚𝐜𝐢ó𝐧: Av. Julio Rodríguez 
📐 𝐒𝐮𝐩𝐞𝐫𝐟𝐢𝐜𝐢𝐞 𝐝𝐞 𝐭𝐞𝐫𝐫𝐞𝐧𝐨: 710,50 m2
🏡 𝐒𝐮𝐩𝐞𝐫𝐟𝐢𝐜𝐢𝐞 𝐜𝐨𝐧𝐬𝐭𝐫𝐮𝐢𝐝𝐚: 420,75 m2
💰𝐏𝐫𝐞𝐜𝐢𝐨 𝐝𝐞 𝐀𝐥𝐪𝐮𝐢𝐥𝐞𝐫: Bs. 25.000.-
🔹4 suites

Agenda tu visita ahora 📲

🏊 Piscina atemperada
🚗 Garaje para 3 movilidades

#AL83",,"✨ 𝐇𝐄𝐑𝐌𝐎𝐒𝐀 𝐂𝐀𝐒𝐀 𝐄𝐍 𝐀𝐋𝐐𝐔𝐈𝐋𝐄𝐑 𝐄𝐍 𝐙𝐎𝐍𝐀 𝐄𝐗𝐂𝐋𝐔𝐒𝐈𝐕𝐀 𝐘 𝐑𝐄𝐒𝐈𝐃𝐄𝐍𝐂𝐈𝐀𝐋

📍 𝐔𝐛𝐢𝐜𝐚𝐜𝐢ó𝐧: Av. Julio Rodríguez (Ciclovía)
📐 𝐒𝐮𝐩𝐞𝐫𝐟𝐢𝐜𝐢𝐞 𝐝𝐞 𝐭𝐞𝐫𝐫𝐞𝐧𝐨: 710,50 m2
🏡 𝐒𝐮𝐩𝐞𝐫𝐟𝐢𝐜𝐢𝐞 𝐜𝐨𝐧𝐬𝐭𝐫𝐮𝐢𝐝𝐚: 420,75 m2

Descubre el equilibrio perfecto entre confort, privacidad y estilo en esta espectacular casa diseñada para disfrutar cada espacio.

𝐃𝐢𝐬𝐭𝐫𝐢𝐛𝐮𝐜𝐢ó𝐧:
🔹 𝐏𝐥𝐚𝐧𝐭𝐚 𝐁𝐚𝐣𝐚:
* Cocina independiente
* Amplio living – comedor 
* Galería 
* Escritorio
* Suite principal

🔹 𝐏𝐥𝐚𝐧𝐭𝐚 𝐀𝐥𝐭𝐚:
* Sala de estar
* 3 suites

𝐄𝐱𝐭𝐞𝐫𝐢𝐨𝐫:
🌿 Jardín amplio
🏊 Piscina atemperada
🔥 Churrasquero y fogonera
🚗 Garaje para 3 movilidades
🧺 Área de lavado
🛏️ Dependencias de servicio

💰𝐏𝐫𝐞𝐜𝐢𝐨 𝐝𝐞 𝐀𝐥𝐪𝐮𝐢𝐥𝐞𝐫: Bs. 25.000.-
Comisión inmobiliaria 50% del canon de alquiler

Un hogar pensado para vivir con comodidad, privacidad y momentos inolvidables.

📲 Agenda tu visita:","https://drive.google.com/file/d/1O5as4VdpmoLtVh-mZdNb3dHCMlSid8U4/view?usp=drive_link, https://drive.google.com/file/d/1v6zUjCgKmRHi9qaEOS2anzx9nvLBXwWk/view?usp=drive_link, https://drive.google.com/file/d/1lD2s7N0VX8B420XIwMJ2ySJGhOE78xuJ/view?usp=drive_link, https://drive.google.com/file/d/1SXKBjQfDomMjQ3eejIFWBDheTHb9w8Do/view?usp=drive_link, https://drive.google.com/file/d/1lLw6jd-Hig5KK3FxNhDt7ijgg9awv-r0/view?usp=drive_link, https://drive.google.com/file/d/1slX06QYYuC3uSCKugqkpkvn0PCiUjR3s/view?usp=drive_link, https://drive.google.com/file/d/160JrxZRZFmO-lwjTSSMmQsuTNFTQzjOx/view?usp=drive_link, https://drive.google.com/file/d/1W-qpWXevOCTwi1JsWai7aWXfx5koLgMB/view?usp=drive_link, "
AL84,LISTA 1,Lunes,Gabriel Cañipa,Ciudad del niño,Tiquipaya,Casa,"10,500 Bs.","𝐂𝐀𝐒𝐀 𝐄𝐍 𝐀𝐋𝐐𝐔𝐈𝐋𝐄𝐑

Comodidad en una zona residencial

📍 𝐔𝐛𝐢𝐜𝐚𝐜𝐢ó𝐧:  Zona Ciudad del Niño, Tiquipaya
📐 𝐒𝐮𝐩𝐞𝐫𝐟𝐢𝐜𝐢𝐞 𝐝𝐞 𝐓𝐞𝐫𝐫𝐞𝐧𝐨: 302 m2
📐 𝐒𝐮𝐩𝐞𝐫𝐟𝐢𝐜𝐢𝐞 𝐂𝐨𝐧𝐬𝐭𝐫𝐮𝐢𝐝𝐚: 270 m2
4 Dormitorios y dormitorio de servicio

Agenda ahora tu visita 📲 

🔥 Parrillero
🚗 Garaje para 3 vehículos
🛏️ Depósito o dormitorio de servicio

#AL84 #Alquiler #Casa #CiudadDelNiño #ViralCochabamba","𝐂𝐀𝐒𝐀 𝐄𝐍 𝐀𝐋𝐐𝐔𝐈𝐋𝐄𝐑

🔥 Parrillero
🚗 Garaje para 3 vehículos
🛏️ Depósito o dormitorio de servicio

📍 𝐔𝐛𝐢𝐜𝐚𝐜𝐢ó𝐧:  Zona Ciudad del Niño, Tiquipaya
📐 𝐒𝐮𝐩𝐞𝐫𝐟𝐢𝐜𝐢𝐞 𝐝𝐞 𝐓𝐞𝐫𝐫𝐞𝐧𝐨: 302 m2
📐 𝐒𝐮𝐩𝐞𝐫𝐟𝐢𝐜𝐢𝐞 𝐂𝐨𝐧𝐬𝐭𝐫𝐮𝐢𝐝𝐚: 270 m2
4 Dormitorios y dormitorio de servicio

Agenda ahora tu visita 📲 

Comodidad en una zona residencial

#AL84",,"✨ 𝐇𝐄𝐑𝐌𝐎𝐒𝐀 𝐂𝐀𝐒𝐀 𝐄𝐍 𝐀𝐋𝐐𝐔𝐈𝐋𝐄𝐑 𝐎 𝐕𝐄𝐍𝐓𝐀 – 𝐙𝐎𝐍𝐀 𝐓𝐈𝐐𝐔𝐈𝐏𝐀𝐘𝐀✨

📍 𝐔𝐛𝐢𝐜𝐚𝐜𝐢ó𝐧:  Zona Ciudad del Niño, Tiquipaya
📐 𝐒𝐮𝐩𝐞𝐫𝐟𝐢𝐜𝐢𝐞 𝐝𝐞 𝐓𝐞𝐫𝐫𝐞𝐧𝐨: 302 m2
📐 𝐒𝐮𝐩𝐞𝐫𝐟𝐢𝐜𝐢𝐞 𝐂𝐨𝐧𝐬𝐭𝐫𝐮𝐢𝐝𝐚: 270 m2

Una propiedad que combina amplitud, funcionalidad y comodidad en una zona residencial 🌿 Ideal para familias que buscan espacios bien distribuidos o para quienes desean invertir con visión.

𝐂𝐚𝐫𝐚𝐜𝐭𝐞𝐫í𝐬𝐭𝐢𝐜𝐚𝐬:

🟡 𝐏𝐥𝐚𝐧𝐭𝐚 𝐁𝐚𝐣𝐚:
🛋️ Living comedor amplio y acogedor
🍽️ Cocina independiente
💼 Escritorio amplio 
🚽 Baño de visitas
🧺 Área de lavandería
🛏️ Depósito o dormitorio de servicio
🌳 Jardín privado
🔥 Parrillero
🚗 Garaje para 3 vehículos

🟡 𝐏𝐥𝐚𝐧𝐭𝐚 𝐀𝐥𝐭𝐚:
🛋️ Sala de estar
🛏️ 1 Suite amplia con vestidor y baño privado
🛏️ 3 Dormitorios
🛁 Baño compartido

🟡 𝐎𝐭𝐫𝐨𝐬:
🧺Tanque de agua de 10.000 litros 
✅ Todos los servicios básicos

Espacios cómodos, bien iluminados y pensados para el día a día de una familia que valora la tranquilidad y la ubicación 📍✨

💰 𝐏𝐫𝐞𝐜𝐢𝐨 𝐝𝐞 𝐀𝐥𝐪𝐮𝐢𝐥𝐞𝐫: Bs. 10.500.- (facturado) 
💰 𝐏𝐫𝐞𝐜𝐢𝐨 𝐝𝐞 𝐕𝐞𝐧𝐭𝐚: $us. 300.000.-

Agenda tu visita y descubre la casa donde empieza tu próxima historia 🤝✨","https://drive.google.com/file/d/1-uojsdmouAfyg9CSDKA3Y_yel_Ef4zbq/view?usp=drive_link, https://drive.google.com/file/d/1rZW-Ms2sSQXQjGB_2ow127l5iFrtGVHj/view?usp=drive_link, https://drive.google.com/file/d/1ZGrFXoGbXww4yHJOTKpd914pe6imMnaw/view?usp=drive_link, https://drive.google.com/file/d/1hvJSc8TMdYELLe_V3tyA0AcLY8Xm0rIt/view?usp=drive_link, https://drive.google.com/file/d/1nMXyF-kmup0MQxGi3__pzatBS4LaVdRf/view?usp=drive_link, https://drive.google.com/file/d/19xSgoHex520SBDFtndFUgbsePJaq5VCN/view?usp=drive_link, https://drive.google.com/file/d/18ym3S0_MthxhNtgO6GRQwKxaVwPw9KHz/view?usp=drive_link, https://drive.google.com/file/d/1uDh3KZo_el50CyY6y2iVesDCzcVAkom1/view?usp=drive_link, https://drive.google.com/file/d/10_GfZScWPHIixFsGNKX78CQ0INt-louE/view?usp=drive_link, "
AL85,LISTA 2,Martes,Cecilia Ardaya,Av Circunvalación esquina Av Villarroel,Cala Cala,Departamento,"2,800 Bs.","Departamento de 3 dormitorios en Alquiler

🚨 Zona Cala Cala
Av Circunvalación y Villarroel

📐 140 m2
🚗 Parqueo
💵 2800 Bs alquiler 

Mayor información 📱 

#AL85 #Cochabamba #departamento #alquiler ","Departamento en Alquiler

3 dormitorios 

🚨 Zona Cala Cala
Av Circunvalación y Villarroel

Mayor información 📱 

📐 140 m2
🚗 Parqueo
💵 2800 Bs alquiler 

#AL85",,"Departamento de 3 dormitorios en Alquiler
🚨 Cala Cala
Av Circunvalación y Av Villarroel

🛋️ Living y Comedor 
🚽 Baño de visitas
🛏️ 2 dormitorios 
🛏️ 1 suite 
🚽 Baño compartido 
🍲 Cocina
🚨 Dependencia de empleada 

Incluye parqueo 🚗 

💵 2800 bs alquiler
💵 2800 bs garantía
💵 1900 bs Comisión inmobiliaria

Agenda una visita sin compromiso 🤝 ","https://drive.google.com/file/d/1B2ioJaXLhSJ8t_kEYdU29Vo6nkDBIxKg/view?usp=drive_link, https://drive.google.com/file/d/1Xy0dnkveG0g8JmWR2SLSSceULm1ymjpm/view?usp=drive_link, https://drive.google.com/file/d/1BLObAeAGK8VRzw39_7bJhwoDLzFwX61g/view?usp=drive_link, https://drive.google.com/file/d/1qKRIhYU5EWvpr1RAtVAXOLuClbA1WC-j/view?usp=drive_link, https://drive.google.com/file/d/1Sr86IYIILvnD3v-cEcZlGVS3bfdg6Nmd/view?usp=drive_link, https://drive.google.com/file/d/1nh5lF9IHw9rgutPXv_mEVf2TXEMF0yZJ/view?usp=drive_link, "
PV26,LISTA 3,Miercoles,Jazmín Heresi,Potosí y Uyuni,Queru Queru,Local Comercial,"132,370 $us.","🔥 𝐋𝐎𝐂𝐀𝐋𝐄𝐒 𝐂𝐎𝐌𝐄𝐑𝐂𝐈𝐀𝐋𝐄𝐒 𝐄𝐍 𝐏𝐑𝐄𝐕𝐄𝐍𝐓𝐀 🔥

📍 Zona estratégica de Cochabamba
  📐Desde 75.64 m² 
 💰Desde $us 132.370

¿Buscas una inversión que genere valor desde el primer día?

✅ Alta plusvalía ✅ Excelente visibilidad ✅ Ubicación privilegiada ✅ Ideal para cafeterías, showrooms, oficinas y comercios

📱 Solicita más información
","🕋 LOCALES COMERCIALES EN PREVENTA – INVERSIÓN ESTRATÉGICA EN COCHABAMBA 🕋

📍 Zona estratégica de alta circulación y crecimiento
📐 Desde 75.64 m²
💰 Desde $us 132.370
💡 Invierte en un espacio que genera valor desde el primer día
✨ Ideal para: 
☕ Cafeterías
🏢 Oficinas
🛍️ Showrooms
🏬 Comercios
📈 Alta plusvalía y excelente visibilidad comercial
📲 Solicita más información

⚡ Las mejores ubicaciones se reservan primero.

#Localcomercial #negocios #estrategia #rentabilidad #Novemta

","🏢 LOCALES COMERCIALES EN PREVENTA

Haz crecer tu patrimonio con una inversión en una ubicación de alto potencial.
📍 Zona de alta circulación en Cochabamba 📐 Desde 75.64 m² 💰 Desde $us 132.370
✨ Ideales para cafeterías, oficinas, showrooms y todo tipo de negocios. 📈 Excelente visibilidad y gran proyección de plusvalía.

📲 Solicita información y asegura una de las mejores ubicaciones antes de que se agoten.
#LocalesComerciales #Inversión #Negocios #Cochabamba #Plusvalía #Noventa","𝐋𝐎𝐂𝐀𝐋𝐄𝐒 𝐂𝐎𝐌𝐄𝐑𝐂𝐈𝐀𝐋𝐄𝐒 𝐄𝐍 𝐏𝐑𝐄𝐕𝐄𝐍𝐓𝐀❗

📍 Av. Uyuni esq. Potosí
 💰 Desde $us 132.370
 📐 Desde 75.64 m²

Excelente oportunidad para invertir, alquilar o desarrollar tu negocio en una ubicación estratégica, rodeada de universidades, comercios, restaurantes y zonas residenciales de constante crecimiento.
Ideal para:
☕ Cafeterías y restaurantes 🛍️ Tiendas y showrooms 🏥 Consultorios médicos y laboratorios 💼 Oficinas corporativas 🛒 Micromercados y servicios especializados

🚀 Invierte hoy en una zona con gran proyección y alta demanda comercial.
📝 Puede agendar su visita con 24 horas de anticipación.
🤝 Usted no paga ninguna comisión.

Si tiene alguna consulta o desea agendar una visita, estoy a su servicio. 🫱🏻‍🫲🏼","https://drive.google.com/file/d/1o-zMzh6ZDdSsjMjpJYk1nECuTv9DFhQz/view?usp=drive_link, https://drive.google.com/file/d/1aDeMZBedYQL0rnmq8FsrFd3oT5p762i3/view?usp=drive_link, https://drive.google.com/file/d/1V8s2zBdt2khMAdzLqvXUKsn5eSRBCy2v/view?usp=drive_link, https://drive.google.com/file/d/1SQcTDawElmc0pBa9VTy8TAcAMMxQ8PCm/view?usp=drive_link, https://drive.google.com/file/d/1U7Eag7UDWUWE6R3yAoyZCmHzTWDpbq9U/view?usp=drive_link, https://drive.google.com/file/d/1_57_4g6LhSQLvJOiNVxVK1lDuNWr_cLi/view?usp=drive_link, https://drive.google.com/drive/folders/1Ck_Up9dvKgLu5_4vMTwgh6FV9AEJbHKu?usp=drive_link, "
AL86,LISTA 1,Jueves,Claudia Campos,Calle Pedro Blanco ,Queru Queru,Oficina / Consultorio,"2,600 Bs.","🏤 OFICINA EN ALQUILER 

🪟Espacio amplio con iluminación natural
📍 Av. Santa Cruz. 
QUERU QUERU 
💰2.600 bs (incluye expensas) 
📐 58m2

📞 Contáctanos hoy mismo y agenda una visita.

✨Ideal para consultorios, empresas de administración..

#Noventa#Alquiler #Oficina #centrico#Cochabamba",,,"🏤 OFICINA EN ALQUILER

🟢 OFICINA A ESTRENAR  DE 58 m2
✅ Ambiente amplio
✅ Baño privado
✅ Seguridad 24 horas. Conserjería diurna.
✅ Ascensor 
✅ Cámaras de seguridad


📣 Apto para consultorio medico, despacho aduanero, oficina contable y/o marketing.

📣  El alquiler incluye expensas.

 💰  2.600 bs.
💰Garantía 2.600 Bs. 
💰 Comisión inmobiliaria 1300 Bs

⚡ Medidor de luz independiente
🕒 Disponibilidad inmediata

agenda una visita ❗","https://drive.google.com/file/d/1zKqc4f9WySv9SIE2hOiLqd1eJZIm4CBp/view?usp=drive_link, https://drive.google.com/file/d/1jsUcF83yLlbW_NSuhbgImNJQyBxN9lRe/view?usp=drive_link, https://drive.google.com/file/d/1BSF8c8m-tLxsykHyilyvISLphzIozPz4/view?usp=drive_link, https://drive.google.com/file/d/1odVFTmn8XsVufAJc-zu7sTE9-TBPZwGc/view?usp=drive_link, https://drive.google.com/file/d/1XA8DmicqLhe6R-jvHIyj3aTz1X-b9tYZ/view?usp=drive_link, https://drive.google.com/file/d/1gso_lvg3j-6iWPGnFsabOoleCWPZu-rp/view?usp=drive_link, "
VN90,LISTA 2,Viernes,Carla Tovar,Calle Baptista casi Uzeda ,Temporal Pampa,Lote,"731,250 $us.","LOTE DE TERRENO 1.625M2 EN VENTA

💡Excelente para proyecto de inversión (edificio o condominio de casas).

📍Temporal Pampa altura Hipermaxi
🗃 Documentación al día
📐 Superficie: 1.625 m2
💵 Precio: 450 $us/m2
Sin comisión inmobiliaria.

📲 Información:

#VN #Terreno #Venta #Temporalpampa
","TERRENO EN VENTA

Si buscas un terreno con potencial para construir y generar rentabilidad, esta es una gran alternativa.

📍 Temporal Pampa, altura Hipermaxi Circunvalación.
📐 1.625 m² de superficie
💵 Precio: $us 450 por m²
🗃️ Documentación al día y lista para transferencia

Solicita información y coordina una visita.
📲

🚫 SIN COMISIÓN INMOBILIARIA

#VN90","TERRENO EN VENTA

💰 Una excelente oportunidad para desarrollar un proyecto inmobiliario de alta rentabilidad.

📍 Temporal Pampa, altura Hipermaxi Circunvalación.
📐 Superficie: 1.625 m²
💵 Precio: $us 450/m²
🗃️ Documentación al día

📲 Solicita más información:

🚫 SIN COMISIÓN INMOBILIARIA

#VN #Terreno #Venta #TemporalPampa","LOTE DE TERRENO 1.625M2 EN VENTA

ZONA: Temporal Pampa altura Hipermaxi
📍DIRECCION: Calle Bautista casi Uzeda

🗃 Documentación al día
📐 Superficie: 1.625 m2
💵 Precio: 450 $us/m2
💲 Pago total en dólares
Sin comisión inmobiliaria.

Tiene un desnivel en pendiente hacia la Circunvalación de 3 a 4 metros.
Tiene una pequeña casa y medias aguas como únicas construcciones.
Zona residencial con acceso a todos los servicios.

Agende su visita📝","https://drive.google.com/file/d/1OCegU7kvIFN-ORaoGiLRUhn7hbEuhcT9/view?usp=drive_link, https://drive.google.com/file/d/1AxhAMHm0_RBk5p6y8hcnKft2vzpwtd6p/view?usp=drive_link, https://drive.google.com/file/d/1einuhYopyq3U0GJIBVWsnHyVwEocXcAk/view?usp=drive_link, https://drive.google.com/file/d/15ta3wB8P2VYAa4CXqkUKsgdcekw8pdvh/view?usp=drive_link, "
PV27,LISTA 3,Sabado,Jazmín Heresi,UYUNI Y MIGUEL DE AGUIRRE ,Tupuraya,Local Comercial,"83,862 $us.","🏢 LOCAL COMERCIAL EN PREVENTA 
✨ Excelente oportunidad de inversión para cafetería,boutique o cualquier negocio.

📍 Av. Uyuni
Tupuraya 
📐 Superficie: 46.59 m²
💰 Precio al contado: $us 83,862
💲 Valor por m²: $us 1,800

📅 Entrega: Julio 2029

Un local pensado para negocios que quieren crecer desde el primer día..

📱 Más información 

#inversión #venta #localcomercial #lujo #Noventa #90","💎 LOCAL COMERCIAL EN PREVENTA – INVERSIÓN SEGURA EN TUPURAYA 💎

📍 Av. Uyuni – Tupuraya
🏙️ Zona de alto crecimiento y valorización comercial
🏢 Local comercial en venta
📐 46.59 m²
💰 $us 83,862 (contado)
📊 $us 1,800 por m²
📅 Entrega: Julio 2029
✨ Ideal para cafetería, boutique, oficina o negocio propio
📈 Una inversión pensada para crecer desde el primer día

📲 asegura tu espacio en etapa de preventa contáctame! 

#tiendas #comercial #negocios #rentabilidad #Noventa","🚀 Tu próximo negocio comienza con una buena ubicación.

🏢 Local comercial en preventa en Tupuraya.
📍 Av. Uyuni 📐 46.59 m² 💰 $us 83.862 al contado 📊 $us 1.800/m² 📅 Entrega: Julio 2029
✨ Ideal para cafeterías, boutiques, oficinas o cualquier emprendimiento. 📈 Invierte en una zona con gran proyección de crecimiento y plusvalía.

📲 Contáctame y asegura tu local al mejor precio de preventa.
#LocalesComerciales #Preventa #Tupuraya #Inversión #Negocios #Cochabamba #Noventa","🏢 LOCAL COMERCIAL EN PREVENTA | PROYECTO EXCLUSIVO

📍 Av. Uyuni – Zona Tupuraya 
📐 Superficie: 46.59 m²
🚽 Baño 
🎛️ Cocineta
 
💰 Precio al contado: $us 83,862 💲 Valor por m²: $us 1,800

Invierte hoy en un espacio con visión de futuro. Un local comercial diseñado para formar parte de un moderno proyecto residencial que combinará confort, elegancia y una comunidad de alto nivel.

🚀 Beneficios de invertir en preventa: ✔ Precio preferencial de lanzamiento ✔ Alta proyección de plusvalía ✔ Ubicación de creciente desarrollo ✔ Flujo constante de potenciales clientes ✔ Excelente oportunidad para generar ingresos por alquiler o negocio propio

📅 Entrega estimada: Julio 2029

✨ Ideal para cafetería, boutique, pet shop premium, showroom, estudio profesional o cualquier negocio que busque una ubicación estratégica y una imagen sofisticada.

","https://drive.google.com/file/d/1g7We7Te5nTNjRk1MF5iflsmvYTf7KLxI/view?usp=drive_link, https://drive.google.com/file/d/1u84RWVKMZRKSf0Zuea2X5gvrVRT8nBZ6/view?usp=drive_link, https://drive.google.com/file/d/1D48e4H9TUspl4M29lilwQNBlv7uWaL9K/view?usp=drive_link, https://drive.google.com/file/d/1asiBrJhVBxppwxdUd_rNA2ynSz5TlQMV/view?usp=drive_link, https://drive.google.com/file/d/1ERu1Ets_52dnHp6B0tUiKWcb_BLJFp4l/view?usp=drive_link, https://drive.google.com/file/d/1SsLxvGBh3iLUykyr4-MsSmMehx9dkDuj/view?usp=drive_link, "
AL87,LISTA 1,Domingo,Claudia Campos,Calle Pedro Blanco  ,Queru Queru,Oficina / Consultorio,"6,000 Bs.","🏡 Oficina en alquiler

📍 Av. Santa Cruz, 

✅3 ambientes 
💵 6000Bs  
📐 98m2
 Expensas incluidas 

📲 Más información 

#alquiler #Noventa #oficina #cochabamba",,,"Oficina en alquiler 

📍Av. Santa Cruz, cerca de mercados, farmacias, bancos y transporte público.

📐 98m2
✅3 Ambientes 
✅ Cocineta 
✅ 2 Baños

✅ Expensas incluidas 
✅ Alquiler Facturado 
✅ Baño privado
✅ Seguridad 24 horas. Conserjería diurna. 
✅ Ascensor 
✅ Cámaras de seguridad

📣 Apto para consultorio medico, despacho aduanero, oficina contable y/o marketing.
  
💵 6000 Bs. Alquiler 
💵 6000 Bs. Garantía 
💵 3000 Bs. Comisión inmobiliaria

Agenda tu visita ❗","https://drive.google.com/file/d/1cfqsqxyEKHOsdJ6yjUnfMOEqXlWxnQGg/view?usp=drive_link, https://drive.google.com/file/d/1nLzMUQH8Yl7kqCls6tZOX4dTEeudJ22h/view?usp=drive_link, https://drive.google.com/file/d/1jyfip4y0rbikCx8JVUTP_ouYYVHP7pX5/view?usp=drive_link, https://drive.google.com/file/d/1_e8SjBj80eO8xHBK1qvA-SpspCWiTuuZ/view?usp=drive_link, https://drive.google.com/file/d/1IPDOc5JX94KlRaO2uGB0_QjIfDyamNxS/view?usp=drive_link, https://drive.google.com/file/d/14MrA4Zf0oEz4ZALxLq35bANqNbbq4PXx/view?usp=drive_link, "
VN91,LISTA 2,Lunes,Claudia Salazar,C.Potosi esquina Aniceto Padilla ,Recoleta,"Traspaso de negocio ""Mr. Chicken House""","150,000 Bs.","💥 TRASPASO DE RESTAURANTE: 

Restaurante de pollos a la broaster🐥

📍Zona Recoleta
💰 Precio de traspaso: Bs 150.000
INCLUYE TODO EL EQUIPAMIENTO, MOVILIARIO, RECETA SECRETA Y SOUVENIRS.

Contáctame para más información: 📲

Genera ingresos con este emprendimiento en la mejor ubicación de la ciudad

#VN91 #Venta #Recoleta #Cochabamba",,,"
💥 TRASPASO DE NEGOCIO: 
Mr. Chicken House 🐥

💰 Precio de traspaso: Bs 150.000
📍 Alquiler mensual del local: Bs 3.000 
🔒 Garantía: Bs 1.500

Bs 150.000 es lo que paga para adquirir el negocio, incluye:

✅ Marca y nombre comercial 
✅ Equipamiento y maquinaria
✅ Mobiliario completo 
✅ Recetas y procesos 
✅ Packaging 
✅ Materia prima inicial 
✅ Proveedores establecidos 
✅ Sistema de comandas y facturación ✅ Redes sociales 
✅ Capacitación

Bs 3.000 mensuales es el costo de seguir ocupando el local.

🎁 La persona que compre el negocio se lleva de regalo 12 poleras con el logo del negocio 👕","https://drive.google.com/file/d/1G-K3BteL6T9R8Z46cQTtgiZ5zkADv9tc/view?usp=drive_link, https://drive.google.com/file/d/1XDOi8NM0scb3WP3QVDKnnxCW_l71iPSM/view?usp=drive_link, https://drive.google.com/file/d/1gkFebe8w1UMkSfhCU5OGeQHJRS5xQhef/view?usp=drive_link, https://drive.google.com/file/d/1xdd_pPF3wnB2l-syKCm4cOAYGZ-CrqG5/view?usp=drive_link, https://drive.google.com/file/d/1Oio2OzWzwkaGenKl0LBiJMCvQe1TQApt/view?usp=drive_link, "
AL88,LISTA 3,Martes,Claudia Salazar,Av.Aroma casi 16 de Julio ,Centro,Departamento,"1,900 Bs."," GARZONIER A ESTRENAR EN ALQUILER 

📍Av. Aroma 
 Características: 
📐 54 m2
🔸 Living - comedor espacioso y luminoso.
🔸Cocina equipada con cajonería alta y baja.
🔸Baño con cajonera alta y box de vidrio 

#Garzonier #Alquiler #Departamento #Alquiler 
",,,"✨GARZONIER A ESTRENAR✨

 Zona comercial estratégica 
📍Av.Aroma
🔑 Entrega inmediata 

Características:
📐54 m2
🔸 Living - comedor espacioso y luminoso.
🔸Cocina equipada con cajonería alta y baja.
🔸Baño con cajonera alta y box de vidrio 

PAGOS:
Mes de alquiler 1900 bs.
Mes de garantía 1900 bs.
Comisión inmobiliaria 1330 bs. (70%)

Agenda tu visita ahora mismo!","https://drive.google.com/file/d/1AUJPCAL-sMIhcvdF--aun5i1Q6WndIPZ/view?usp=drive_link, https://drive.google.com/file/d/1xRSwZt-mwbIAz5tMboAsPVsTrjBMTgWZ/view?usp=drive_link, https://drive.google.com/file/d/1xOrS2jiVM6SRDj8egi-tOcBNPcWfVFVc/view?usp=drive_link, https://drive.google.com/file/d/1LS83LC9DBVAXrLTBbqhaoWXyVvOEJ2bm/view?usp=drive_link, https://drive.google.com/file/d/1CmIUdu9pxtM_oCiD2z90PwCgJNUlLhY1/view?usp=drive_link, https://drive.google.com/file/d/1JI5xp1MjqxLg9T1QKnmI-ie6ZX-O0KgQ/view?usp=drive_link, "
AL89,LISTA 1,Miercoles,Cecilia Ardaya,Urbanización El Vergel calle 6 casa 74,Quintanilla,Casa,"3,500 Bs.","Casa en Alquiler en Urbanización

📍 Ubicación Zona Quintanilla

📐 Superficie de terreno 270 m2
📐 Superficie construida 110 m2
💵 Alquiler 3.500. Bs
3 dormitorios y servicio

Agenda ahora tú visita 📱

🌳 Jardín
🚗 Garaje 2 movilidades
🛏️ Deposito o dormitorio de servicio

#AL89 #quintanilla #casa#urbanizacion ","Casa en Alquiler 

En Urbanización privada

📍 Ubicación Zona Quintanilla

📐 Superficie de terreno 270 m2
📐 Superficie construida 110 m2
💵 Alquiler 3.500. Bs
3 dormitorios y servicio

Agenda ahora tú visita 📱

🛏️ Dormitorio trasero adicional

#AL89",,"Casa en Alquiler en Urbanización

📍 Ubicación Zona Quintanilla

📐 Superficie de terreno 270 m2
📐 Superficie construida 110 m2

🛋️ Living comedor 
🛏️ 3 dormitorios
🚽 Baño
🍲 Cocina cerrada y equipada con cocina, extractor y refrigerador 
Los dormitorios NO tienen roperos empotrados, pero hay un ropero que puede quedarse en uno de ellos.
Parte trasera: 2 habitaciones y 1 baño. 
💧 Calefón y lavandería 

🌳 Jardín 
🚗 Garaje 2 movilidades

Mes de Alquiler: 3500 bs.
Mes de Garantía: 3500 bs.
Comisión Inmobiliaria 1750 bs. (50%)
Agenda tu visita","https://drive.google.com/file/d/1V4dfgeVNPUAuVDGFlVjEhMFuoVy_mQMV/view?usp=drive_link, https://drive.google.com/file/d/12rEVx4waEKLW30WE5UtuccSd2Myn_F45/view?usp=drive_link, https://drive.google.com/file/d/12n8geI9wrQVsEpn9Cr_HFArYFF4ntBQa/view?usp=drive_link, https://drive.google.com/file/d/10vih1KNGWjeSQbp3C2Y_uwZ0Cbn3fw5x/view?usp=drive_link, https://drive.google.com/file/d/1ysTCYxZPckoIIbHYtA4LZhblIeDnobHp/view?usp=drive_link, https://drive.google.com/file/d/1DJwufZ5O8d7WxEHwsWmFfAHal0Ha2-39/view?usp=drive_link, "
AL90,LISTA 2,Jueves,Claudia Salazar,C.Venezuela,Centro,Local Comercial,"3,200 Bs.","Facebook 

✨🏢 ¡LOCAL COMERCIAL U OFICINA EN ALQUILER ✨🏢 

💡 Perfecta para abogados, notarios peluquería, salón de uñas y cafetería exprés 

📍 Inmediaciones de la Alcaldía 
Precio Alquiler : 3200Bs.

✅  Local comercial independiente 
✅  1 Ambiente luminoso
✅  Baño propio 


📲 Más información
 
#AL90 #LocalAlquiler #oficina#Local #Comercial #prado","✨🏢OFICINA EN ALQUILER ✨🏢 

💡 Perfecta para abogados, notarios peluquería, salón de uñas y cafetería exprés 

📍 Inmediaciones de la Alcaldía 
Precio Alquiler : 3200Bs.

📲 Más información
 
✅  Local comercial independiente 
✅  1 Ambiente luminoso
✅  Baño propio 

#AL90",,"✨🏢 ¡LOCAL COMERCIAL U OFICINA EN ALQUILER ✨🏢 
 
​📍 Centro inmediaciones de la Alcaldía 
Ubicación Premium: En el corazón estratégico de la ciudad.
 
✨ Características:
✅  Local/oficina  vista a la calle 
✅ Ambientes independiente 
✅ 1 Baño
✅ Incluye  luz y agua
​
🚗 Facilidad de Acceso: Cerca de Avenidas principales y transporte público y zonas comerciales.
​📏 Distribución Funcional: Lista para adaptarse a tus necesidades

💡 Perfecta para  estudios jurídicos, estéticas, fisioterapeutas, salón de belleza y uñas 

💰 Alquiler:
– Bs 3200 mensual 
- Bs 3200 mes de Garantía
- Bs 1600 Comisión Inmobiliaria 

Agenda tu visita ❗","https://drive.google.com/file/d/1WV9rQQGYEgJFgK5DWGo-sUCaWqEqz8S1/view?usp=drive_link, https://drive.google.com/file/d/1dhygEQfbD33BmGn-wsa8pBQ4241jqlKa/view?usp=drive_link, https://drive.google.com/file/d/1ryEAsqrEb1NgHiFn127c7czDZDZG7EIn/view?usp=drive_link, https://drive.google.com/file/d/1neznw7AnqXShGYeuBAnVxA1uxS7u2OWk/view?usp=drive_link, https://drive.google.com/file/d/1pTv86OMoc3iIkrZxwvHTra98tq9Trzld/view?usp=drive_link, "
AL91,LISTA 3,Viernes,Claudia Campos,Pedro Blanco ,Queru Queru,Oficina / Consultorio,"3,000 Bs.","🏡 Oficina en alquiler 

A una cuadra de la Av. Santa Cruz, cerca de mercados, farmacias, bancos y transporte público.

📍3 Ambientes 
📍 Sala de reuniones 
📍 Cocineta 
📍 2 Baños
  
💵 3000 Bs Alquiler 
✅ Expensas incluidas 

Consultas y visitas al:
📲

#AL91 #Cochabamba #alquiler #Oficina #viralbolivia ","🏡 Oficina en alquiler 

A una cuadra de la Av. Santa Cruz, 

📍3 Ambientes 
📍 Sala de reuniones 
📍 Cocineta 
📍 2 Baños
  💵 3000 Bs Alquiler 
✅ Expensas incluidas 

Consultas y visitas al:
📲

cerca de mercados, farmacias, bancos y transporte público.

#AL91 ",,"🏡 Oficina en alquiler 

A una cuadra de la Av. Santa Cruz, cerca de mercados, farmacias, bancos y transporte público.

📍Superficie: 89 m2
📍3 Ambientes 
📍 Sala de reuniones 
📍 Cocineta 
📍 2 Baños
  
✅ Expensas incluidas 
✅ Baño privado
✅ Seguridad 24 horas. Conserjería diurna. 
✅ Ascensor 
✅ Cámaras de seguridad

📣 Apto para consultorio medico, despacho aduanero, oficina contable y/o marketing.
📣  El alquiler incluye expensas.

💵 3000 Bs. Alquiler 
💵 3000 Bs. Garantía 
💵 1500 Bs. Comisión inmobiliaria ","https://drive.google.com/file/d/1jiHy5pZBNiO9BuGDXs1cn9VIp6lHmJF2/view?usp=drive_link, https://drive.google.com/file/d/1FUI_tiSQuFe_jrMcDj2wPYkhnGOhrrhk/view?usp=drive_link, https://drive.google.com/file/d/1rmNOkFm96x41SwL8pN19lQL7cOf9g4Ce/view?usp=drive_link, https://drive.google.com/file/d/1VeSWuFc8-2n8lXzE7aH1-A4MaW1kK32W/view?usp=drive_link, https://drive.google.com/file/d/1Bw4WS8Fk2K7Cpvziv1_ZKBRGJtZhLKHD/view?usp=drive_link, https://drive.google.com/file/d/1TFnskB6q993BWCdQ3lbiIT84Q8hKMbJP/view?usp=drive_link, "
VN92,LISTA 1,Sabado,Claudia Salazar,"Av. américa 
Edif los Sauces ",Cala Cala,Departamento,"171,600 $us.","🏬✨ DEPARTAMENTO EN VENTA✨🏬

📍 Cala Cala (Av. América ) zona de alta plusvalía con bastante movimiento comercial, cerca de farmacias, Colegios Cafeterías, Bancos 

💵 Precio: 171.600$ 
Tipo de cambio al paralelo del día 
📐Superficie: 199 m2 

Más información 📲 

#90 #Cochabamba #Departamento #venta",,,"🏬✨ AMPLIO DEPARTAMENTO EN VENTA✨🏬

📍 Cala Cala (Av. América)
Zona de alta plusvalía, rodeada de comercios, entidades bancarias, farmacias, colegios y una amplia oferta gastronómica.

💵 Precio: 171.600 $ 
Tipo de canbio paralelo del día 

📐Superficie: 199 m2 

🎛️ Cocina cerrada con cajonería alta y baja 
🛌🏻 1 Máster Suite y 2 Suites con roperos empotrados 
🚽 4 baños 
🛑 Área de servicio 
🐶 Pet Friendly 
✅ Vista a la calle
☀️ Orientación Norte
🚗 Opción de compra de parqueo $us 10.000
🛗 2 Ascensores 
✨ 2 departamentos por piso.

Amenidades:
💃🏻🕺🏻Salón de eventos capacidad para 100 personas
🏊 Piscina 
🥩 Parrilleros

🚀 ¡No pierdas esta oportunidad! Agenda tu visita y conoce personalmente todo el potencial de esta propiedad. 🏡✨","https://drive.google.com/file/d/1Gr5XJGL8mwziFtN8tihlORwbCMnAISs0/view?usp=drive_link, https://drive.google.com/file/d/1vvwWls9_8qghBYm_bMTv9maHDg0gaWu1/view?usp=drive_link, https://drive.google.com/file/d/105aj2pHB6L4VI3Nf9DJUnBcHGxfXKLlJ/view?usp=drive_link, https://drive.google.com/file/d/1-JeU3MtTfPHWK4eaqDElyxKQPk84kg5l/view?usp=drive_link, https://drive.google.com/file/d/1LClSRSv4cZMbqPweEdbiXLgdez7SFgpj/view?usp=drive_link, https://drive.google.com/file/d/12yVcqPgHeopn_5Q7LKDybQZYU5X__gw9/view?usp=drive_link, "
VN93,LISTA 2,Domingo,Claudia Salazar,Av América edificio los Sauces ,Cala Cala,Departamento,"165,000 $us.","🏬✨ AMPLIO DEPARTAMENTO EN VENTA✨🏬

📍 Cala Cala (Av. América)
📐Superficie: 196 m2 
🎛️ Cocina cerrada con cajonería alta y baja 
🛌🏻 1 Máster Suite y 2 Suites con roperos empotrados 
🚽 4 baños 
🚗 Parqueo y baulera 
💵 Precio: 165.000 $ 
Tipo de cambio paralelo del día.

Más información 📱

🚀 ¡No pierdas esta oportunidad! Agenda tu visita y conoce personalmente todo el potencial de esta propiedad. 🏡✨",,,"🏬✨ AMPLIO DEPARTAMENTO EN VENTA✨🏬

📍 Cala Cala (Av. América)
Zona de alta plusvalía, rodeada de comercios, entidades bancarias, farmacias, colegios y una amplia oferta gastronómica.

💵 Precio: 165.000 $us
Tipo de cambio paralelo del día 

📐Superficie: 196 m2 
🎛️ cocina cerrada con cajonería alta y baja 
🛌🏻 1 Máster Suite y 2 Suites con roperos empotrados 
🚽 4 baños (1 con bañera y la Master suite con jacuzzi)
🛑 Área de servicio 
🚾 Área de lavandería 
🔶 2 balcones 
🐶 Pet Friendly 
✅ Vista a la calle
☀️ Orientación Norte
🚗 Precio incluye parqueo y baulera 
🛗 2 Ascensores 
✨ Son 2 departamentos por piso.

Amenidades:
💃🏻🕺🏻Salón de eventos capacidad para 100 personas
🏊 Piscina 
🥩 Parrilleros

🚀 ¡No pierdas esta oportunidad! Agenda tu visita y conoce personalmente todo el potencial de esta propiedad. 🏡✨","https://drive.google.com/file/d/1-R-q2_MufY0Z9fRVhFOgBu8miY01gaHD/view?usp=drive_link, https://drive.google.com/file/d/1tcqfzQdgFFlF8xaZL9a9YGDCQ7Vbqe2v/view?usp=drive_link, https://drive.google.com/file/d/1m5qVzkLwiAOX5eKyLgXpcvZFjF4Aka3W/view?usp=drive_link, https://drive.google.com/file/d/18Ot-0emwBC5WykBBZ7kVjei_0k2tkyMX/view?usp=drive_link, https://drive.google.com/file/d/11CSdXrBXAskD05G0hyES9Sqp-XIw3vmI/view?usp=drive_link, https://drive.google.com/file/d/1I19IDL47CAXvVFycdWTY5y31B6EVup7c/view?usp=drive_link, "
AN18,LISTA 3,Lunes,Jazmín Heresi,Avenida Ballivian El Prado ,El Prado,Departamento,"180,000 Bs.","MONOAMBIENTE AMOBLADO Y EQUIPADO EN ANTICRETICO 🏙️

🌳 Vista a la calle pleno prado

📍 Ubicación TOP: Zona El Prado – Cochabamba 
💰 Precio: Bs. 180.000
📐 23.5 m² bien distribuidos
✅ Comisión inmobiliaria 3%

✨ Completamente amoblado y equipado

💸 IDEAL PARA INVERSIÓN
Perfecto para alquiler inmediato o Airbnb 📈

📱Más información 

#Airbnb #alquiler #prado #monoambiente #Noventa","✨ MONOAMBIENTE AMOBLADO Y EQUIPADO EN ANTICRÉTICO – EL PRADO ✨

🏙️ Ubicación TOP en pleno corazón de la ciudad
📍 Zona El Prado – Cochabamba
🌳 Vista a la calle
📐 23.5 m² bien distribuidos
💰 Bs. 180.000
📊 Comisión inmobiliaria: 3%
✨ Totalmente amoblado y equipado, listo para usar

📈 Ideal para inversión inteligente Perfecto para alquiler inmediato o Airbnb con alta demanda
💼 Genera ingresos desde el

📲 Solicita información 

#alquiler #prado #rentabilidad #Noventa #inversion "," MONOAMBIENTE AMOBLADO Y EQUIPADO EN ANTICRÉTICO – EL PRADO ✨

🏙️  En pleno corazón de la ciudad
📍 Zona El Prado – Cochabamba
🌳 Vista a la calle
📐 23.5 m² 
💰 Bs. 180.000
📊 Comisión inmobiliaria 3%

📈 Ideal para inversión inteligente Perfecto para alquiler inmediato o Airbnb con alta demanda
💼 Genera ingresos desde el día 1

📲 Solicita información 

#alquiler #prado #rentabilidad #Noventa #inversion","¡MONOAMBIENTE AMOBLADO Y EQUIPADO EN ANTICRETICO 🏙️

📍 Ubicación TOP: Zona El Prado – Cochabamba 

🏢 Vista a la calle pleno prado 
💰 Precio: Bs. 180.000
💼 Expensas: Bs. 160
💻 WiFi Bs. 50
✅ Comisión inmobiliaria 3%
✨ Características del monoambiente:

📐 23.5 m² bien distribuidos
🛏️ Cama de 2 plazas
🍳 Cocina equipada
🚿 Baño privado con Box
👕 Ropero empotrado
📺 TV Smart 
🛋️ Sofa cama 
🍽️ Vajilla para 2 pax
🧊 Frigobar 
🔥 jarra eléctrica
📹 Horno eléctrico 
🛋️ Totalmente amoblado (¡listo para vivir o alquilar!)

🏢 Áreas comunes:

🧺 Lavanderías
☀️ Jaulas de secado
🏢 Salón de copropietarios en terraza
🌇 Espacios funcionales para mayor comodidad

💸 IDEAL PARA INVERSIÓN
Perfecto para alquiler inmediato o Airbnb 📈

🔥 Ubicación estratégica = alta demanda todo el año
 
Escríbeme para agendar visita ","https://drive.google.com/file/d/1lMQJc5BNnb0ZLMoOyJF2IXtgh-q0Dka6/view?usp=drive_link, https://drive.google.com/file/d/1y_KmqF6tXiMcoVpn5uU50Tib6DLtkzxz/view?usp=drive_link, https://drive.google.com/file/d/1ImW8g6JuqfOlxHUvDWCTpf7Avq0kJJsV/view?usp=drive_link, https://drive.google.com/file/d/1ExvXe-AE4wWpQ2yD2vtm2dHTYebC69XX/view?usp=drive_link, https://drive.google.com/file/d/1ZDvoq0uqIAB-Kmoc9yqPXMLx1dDnD5YE/view?usp=drive_link, https://drive.google.com/file/d/1Fvml0MG_5w_5m-Y3IwHkGPlSvM5eUt2O/view?usp=drive_link, "
VN94,LISTA 1,Martes,Jazmín Heresi,Avenida Ballivian,El Prado,Monoambiente,"410,000 Bs.","✨ MONOAMBIENTE AMOBLADO Y EQUIPADO EN VENTA – PRADO, COCHABAMBA ✨

⚡ La ubicación que todos buscan, la inversión que pocos encuentran

📍 Prado Cochabamba 🏙️ 
✨Monoambiente totalmente amoblado y equipado 
💰 Bs. 410.000

✨ Ideal para alquiler ejecutivo o Airbnb ✨ Genera ingresos desde el primer día

📲 Solicita información.

#Monoambiente #PradoCochabamba #Inversión #Airbnb #Noventa","💎 MONOAMBIENTE PREMIUM 
AMOBLADO Y EQUIPADO EN VENTA 💎

📍 El Prado – Cochabamba 🏙️

✨ Zona estratégica, de alta demanda y plusvalía constante
🏡 Monoambiente completamente amoblado y equipado
💰 Bs. 410.000
📐 26m2 
📈 Ideal para inversión segura, alquiler ejecutivo o Airbnb
💼 Genera rentabilidad desde el primer día
✨ Diseño moderno, listo para habitar o rentabilizar sin inversión adicional

📲 Solicita información y accede a una oportunidad exclusiva en una de las zonas más cotizadas de la ciudad.

#airbnb #alquiler #universidad #ejecutivo #monoambiente #Noventa",,"✨ MONOAMBIENTE AMOBLADO Y EQUIPADO EN VENTA – PRADO, COCHABAMBA ✨

🏙️ Invierte en una de las zonas más cotizadas de la ciudad, ideal para alquiler temporal, Airbnb o vivienda propia.

📍 Ubicación privilegiada en pleno Prado
📐 Superficie: 26 m²
🏡 Características: 
✅ Excelente iluminación natural con 2 amplias ventanas
✅ 2 camas de dos plazas y plaza y media 
✅ Chapa digital de seguridad
✅ Lavadora incluida
✅ Frigobar
✅ TV de 50 pulgadas
✅ Cajonería alta y baja
✅ Box de ducha
✅ Espejos instalados
✅ Totalmente equipado y listo para generar ingresos desde el primer día

💰 Precio: 410.000 Bs
💵 Equivalente: $us 58.908

📈 Excelente opción de inversión con alta demanda para alquileres de corta estancia.

Agenda tu visita ❗","https://drive.google.com/file/d/1iC1NDSonisenqE4rd6_-Mb7KwXpAJON3/view?usp=drive_link, https://drive.google.com/file/d/1hnC0YfvXgwZGZqxdQzMG8NjJP4_DhgUW/view?usp=drive_link, https://drive.google.com/file/d/1rX41HDBoxF4XrmddCPSqAFX5fkI8VZ0K/view?usp=drive_link, https://drive.google.com/file/d/1OeToG56DAT4PeMfBLzyDspPJFT7yDXCv/view?usp=drive_link, https://drive.google.com/file/d/1CoFowW-dC09C9Ahc11hnosPqFfxQ6q9W/view?usp=drive_link, https://drive.google.com/file/d/1jETsyuKiAy6WF9afaiX0JzHJDwAXkV9b/view?usp=drive_link, "
PV28,LISTA 2,Miercoles,Jazmín Heresi,C. José Quintin Mendoza entre Juan de la Rosa y Obispo Anaya,Cala Cala,Edificio de Departamentos,"40,500 $us.","DEPARTAMENTOS EN PREVENTA 1 DORMITORIO

💸 Haz que tu dinero trabaje para ti

📍 Inmediaciones surtidor El Cristo
Cala cala 

💰Desde 40.500$us.  
📐Desde 30m²  
🪙𝐓𝐢𝐩𝐨 𝐝𝐞 𝐂𝐚𝐦𝐛𝐢𝐨: 7𝐁𝐬.

⚡ La ubicación que todos buscan, la inversión que pocos encuentran

📲 Más información 

#1dormitorio #preventa #entrega2027 #inversion #Noventa","💎 PREVENTA EXCLUSIVA – DEPARTAMENTOS DE 1 DORMITORIO 💎
📍 Inmediaciones Surtidor El Cristo – Cala Cala
🏙️ Ubicación estratégica con alta proyección de valorización
💰 Desde $us 40.500
📐 Desde 30 m²
💸 Tipo de cambio: 7 Bs.
✨ Diseño moderno, ideal para vivir o invertir con visión a futuro
📈 Excelente oportunidad en una de las zonas más demandadas de la ciudad

📲 Solicita más información y accede a disponibilidad

#Departamentos #inversionsegura #plusvalia #calacala #airbnb #sofisticacion","🏡 Tu próximo departamento puede comenzar hoy.

✨ Departamentos de 1 dormitorio en preventa en una de las mejores zonas de Cala Cala.
📍 Inmediaciones del Surtidor El Cristo 💰 Desde $us 40.500 📐 Desde 30 m²
💎 Diseño moderno, excelente ubicación y gran proyección de plusvalía. 📈 Ideal para vivir, invertir o generar ingresos con alquiler.

📲 Escríbeme y conoce todos los detalles antes de que suban los precios.
#Preventa #Departamentos #CalaCala #Inversión #Plusvalía #Airbnb #Cochabamba #Noventa","DEPARTAMENTOS EN PREVENTA 1 DORMITORIO

🚨 ¿Buscas una inversión rentable en Cochabamba?

📍 Inmediaciones surtidor El Cristo
CALA CALA 

💰Desde 40.500$us.  
📐Desde 30m²  
🪙𝐓𝐢𝐩𝐨 𝐝𝐞 𝐂𝐚𝐦𝐛𝐢𝐨: 7𝐁𝐬.

✨ÁREAS COMUNES
🛀 Jacuzzi
🧖 Fogón
⛳Terraza miradores
💃 Lobby 
🫕Parrilleros 
📈 Genera ingresos pensando en tu futuro 

𝐀𝐠𝐞𝐧𝐝𝐚 𝐭𝐮 𝐯𝐢𝐬𝐢𝐭𝐚❗
 
","https://drive.google.com/file/d/1vkwJkig5X8TqVE00nifad1lyHJ_8iwPs/view?usp=drive_link, https://drive.google.com/file/d/1kNfNFs_M0hDhXDHog_Fzlv9AVL4LlxQ0/view?usp=drive_link, https://drive.google.com/file/d/1rjzGdmLM4cSTYCzlo9RYaKsN-V7WzX29/view?usp=drive_link, https://drive.google.com/file/d/1HrX5EIQu6P7mrv3D2BJBOcQW7Q3pPAj7/view?usp=drive_link, https://drive.google.com/file/d/1yUg1ho6mlPcH2XSoZXOGIb8ke5aJWNA_/view?usp=drive_link, https://drive.google.com/file/d/1FZfazpH7RRi5PAMuXq9O4jKshVMY2HgL/view?usp=drive_link, "
VN95,LISTA 3,Jueves,Carla Tovar,Calle Litoral y Av. Ecologica,Tiquipaya,Departamento,"130,000 $us.","Departamento en Venta a Estrenar!
Condominio de Lujo
2 Dormitorios, 1 en suite

📍Ubicacion: calle Litoral y Av. Ecológica
📐Superficie: el departamento tiene 82.47 m2 y tiene un patio de 32.64 m2
💵 Precio: US$ 130.000.-

Áreas comunes: piscina atemperada, parrilleros, jardin infantil, amplio salon de copropietarios, gimnasio, billar.

Informes y visitas 📲

#condominio #Tiquipaya #venta #departamento","Departamento de Lujo en Venta 

2 Dormitorios, 1 en suite

📍Ubicación: calle Litoral y Av. Ecológica
📐Superficie: 82.47 m2 
patio de 32.64 m2
💵 Precio: US$ 130.000.-

Informes y visitas 📲

Condominio con areas comunes

#condominio #Tiquipaya #venta #departamento","Departamento de 2 Dormitorios en Venta

1 Dormitorio en suite

📍Ubicación: calle Litoral y Av. Ecológica
📐Superficie:82.47 m2  
patio de 32.64 m2

💵 Precio: US$ 130.000.-

Áreas comunes: piscina atemperada, parrilleros, jardín infantil, amplio salón de copropietarios, gimnasio, billar.

Informes y visitas 📲

#condominio #Tiquipaya #venta #departamento","Departamento en Venta a Estrenar!
Condominio de Lujo
2 Dormitorios - 1 en suite
Cuenta con un patio interior

📍Ubicacion: calle Litoral y Av. Ecológica
Condominio Olive Garden
Planta Baja

📐Superficie: el departamento tiene 82.47 m2 y tiene un patio de 32.64 m2
💵 Precio: US$ 130.000.-
El pago puede ser en bolivianos al tipo de cambio paralelo.

Áreas comunes: piscina atemperada, parrilleros, jardin infantil, amplio salon de copropietarios, gimnasio, billar","https://drive.google.com/file/d/1EBjSFaEpH1_HigBc7pHACw-CXkRoo79z/view?usp=drive_link, https://drive.google.com/file/d/1Oowtbf6aPj2C4zjC2IXh2eFzDyzF2_fD/view?usp=drive_link, https://drive.google.com/file/d/1uL8N_8ygCeBMMYG13d7yTUyLu6i6HhR_/view?usp=drive_link, https://drive.google.com/file/d/1JeAbaEzjb3TmNN-sJtIQ9ZTe67ec0yWG/view?usp=drive_link, https://drive.google.com/file/d/1_3eSA0K0I3mz3ZM3XlEjlP4I_LcSwJLn/view?usp=drive_link, https://drive.google.com/file/d/1Fo1S4jcCi-2JT6PSMTnNddTnmB7U6Sgj/view?usp=drive_link, "
AL92,LISTA 1,Viernes,Claudia Salazar,Av.Aroma entre 16 de Julio y Av.Oquendo,Centro,Local Comercial,"6,000 Bs.","🏢 ✨LOCAL COMERCIAL /TIENDA EN ALQUILER ZONA CENTRAL ❗✨

📍Av.Aroma
Zona Comercial de alto flujo peatonal y vehicular 
 
📐  Cuenta con 40 m² de superficie 
🚽  Baño privado 

✨ LOCAL EN ALQUILER – PLANTA BAJA  VISTA A LA CALLE ✨

💰Alquiler 6000 Bs

#90 #Tienda #Local #Alquiler #Centro #Av.Aroma",,,"🏢 ✨LOCAL COMERCIAL /TIENDA EN ALQUILER ZONA CENTRAL ❗✨

📍Av.Aroma
Zona Comercial de alto flujo peatonal y vehicular 
 
📐  Cuenta con 40 m² de suerficie 
🚽  Baño privado 
💡  Medidor independiente de luz 

✨ LOCAL EN ALQUILER – PLANTA BAJA IDEAL PARA:

Tienda de ropa👕👗 Tienda de zapatos 👠| Salón de uñas 💅🏻 | Farmacia 💊|  Tienda de Barrio 🛒| Cafetería al paso DNX🧧| Pet shop 

🚫 Preferentemente no frituras 

💰Alquiler 6000 Bs
💰Garantía 6000 Bs
💰Agua 100 Bs
💰Comisión 50% del canon del alquiler

✅ Espacio versátil y bien ubicado 
Agenda tu visita hoy mismo ❗
📲","https://drive.google.com/file/d/1t1Y19QCaAMXkBOSBxg0h1Xj6rsHBwbuU/view?usp=drive_link, https://drive.google.com/file/d/1VWtTNxWjcvk4wtUSGzjtWPVqELV2cZXc/view?usp=drive_link, https://drive.google.com/file/d/1REbtGUe2h0E4yS_IkxjbFTavJdpW_JWe/view?usp=drive_link, https://drive.google.com/file/d/1ffng7IWgZ7frraKXg7w8sPQ2aN6XvGX9/view?usp=drive_link, https://drive.google.com/file/d/1TDPdzPOClG2k67S6pqat-OqWV7IsPYBI/view?usp=drive_link, https://drive.google.com/file/d/1fB64cZCmm2JqNnF9ddhdd6KiyY8G4V3L/view?usp=drive_link, "
AL93,LISTA 2,Sabado,Jazmín Heresi,Avenida Ballivian ,El Prado,Monoambiente,"2,200 Bs.","🏢MONOAMBIENTE EN ALQUILER 

AMOBLADO Y EQUIPADO ❗

📌 Av. Ballivian ( El Prado)
✨ Ubicación estratégica 

✨AREAS COMUNES:✨

🏢CARACTERISTICAS DEL MONOAMBIENTE:
✅ Cama de dos plazas
✅ Ropero empotrado
✅ Baño 
✅ Cocineta

💰 2.200 Bs facturado (expensas incluidas)
 📐 19m2

Más información 📱

#VN72 #Departamento #alquiler #QueruQueru  #monoambiente #1Dormitorio #Noventa #Prado #Estudiante","🚨 MONOAMBIENTE AMOBLADO Y EQUIPADO EN ALQUILER – EL PRADO 🚨
🏢 Vive en una de las zonas más cotizadas de Cochabamba
📍 Av. Ballivián – El Prado
✨ Ubicación estratégica
📐 19 m²
💰 Bs. 2.200 facturado (expensas incluidas)
🛏️ Cama de dos plazas
🚪 Ropero empotrado
🚿 Baño privado
🍳 Cocineta equipada

📲 Escríbeme y solicita más información.

 ¡Ideal para inversión o renta inmediata!

#VN72 #Departamento #alquiler #QueruQueru  #monoambiente #1Dormitorio #Noventa #Prado #Estudiante","EN ALQUILER – MONOAMBIENTE AMOBLADO Y EQUIPADO 🚨

🏢 Vive en una de las zonas más cotizadas de Cochabamba
📍 Av. Ballivián – El Prado
✨ Ubicación estratégica
📐 19 m²
💰 Bs. 2.200 (expensas incluidas)
🛏️ Cama de dos plazas
🚪 Ropero empotrado
🚿 Baño privado
🍳 Cocineta equipada

📲 Escríbeme y solicita más información.

 ¡Ideal para inversión o renta inmediata!

#VN72 #Departamento #alquiler ","✨MONOAMBIENTE EN ALQUILER AMOBLADO Y EQUIPADO 

📌 Av. Ballivian (El Prado)
📍Ubicación estratégica, a pasos  de restaurantes, heladerías, cafeterías..
💰 Bs. 2.200 (expensas incluidas)

💎AREAS COMUNES:
🌳Terraza Panorámica 360°
🥩Parrilleros 
🧺Jaulas de secado 
🧽Lavanderías

🏢CARACTERISTICAS DEL MONOAMBIENTE:
🛏️ cama de dos plazas 
✅ Ropero empotrado.
✅ Sillón sofa cama 
✅ Baño equipado con box de ducha 
✅ Cocina encimera y lavaplatos con cajonería alta y baja.
✅ lavadora 
Frigobar 
✅ microondas 
✅ Licuadora
✅ Jarra eléctrica 
✅ TV empotrada
✅ Mesita de diario con sillas
 
👉🏻 son 19m²
 🗂️ Expensas incluidas en incluyen wifi

Agenda tu visita ❗","https://drive.google.com/file/d/1fnULp2t3Slh5Dwd3OTCcJ3GoGrPQdnT8/view?usp=drive_link, https://drive.google.com/file/d/1JuRNjQ4t2E_ZGVej7hH8Bb-SVsAIKQig/view?usp=drive_link, https://drive.google.com/file/d/1GNekj21kZwTfyBoR64jFAhHYng4rzK80/view?usp=drive_link, https://drive.google.com/file/d/1x3RHpcrv_gVQug2hWFAbNmSINJcJvdho/view?usp=drive_link, https://drive.google.com/file/d/1RjOoPl7WJ6WwvhVCrUKgskuQE20pZl82/view?usp=drive_link, https://drive.google.com/file/d/1v0mWDVA_zbq5XpnoSKeeDOPTcCrjguQR/view?usp=drive_link, "
PV29,LISTA 3,Domingo,Tatiana Orellana,C/ Héroes de Boquerón entre C/ José Pol y av. Belzu,Muyurina,Edificio de Departamentos,"29,870 $us.","🎓🏡 𝗗𝗘𝗣𝗔𝗥𝗧𝗔𝗠𝗘𝗡𝗧𝗢𝗦 𝗘𝗡 𝗣𝗥𝗘𝗩𝗘𝗡𝗧𝗔 𝗘𝗡 𝗜𝗡𝗠𝗘𝗗𝗜𝗔𝗖𝗜𝗢𝗡𝗘𝗦 𝗗𝗘 𝗟𝗔 𝗨𝗠𝗦𝗦

🔥 Precios de preventa al tipo de cambio oficial por tiempo limitado.
.
📍 Calle José Pol (inmediaciones UMSS)

✨ Home Studios y departamentos de 1, 2 y 3 habitaciones.
📐 Superficie Desde 30.02 m2
💲Precios desde 29.870 $
🔐 Edificio inteligente

📈 Ideal para inversionistas, estudiantes o tu primera vivienda.

📲 Solicita precios, planos y disponibilidad
",,,"🏡💰𝗜𝗡𝗩𝗜𝗘𝗥𝗧𝗘 𝗘𝗡 𝗨𝗡𝗔 𝗨𝗕𝗜𝗖𝗔𝗖𝗜Ó𝗡 𝗤𝗨𝗘 𝗚𝗘𝗡𝗘𝗥𝗔 𝗥𝗘𝗡𝗧𝗔𝗕𝗜𝗟𝗜𝗗𝗔𝗗 𝗧𝗢𝗗𝗢 𝗘𝗟 𝗔Ñ𝗢

🚨 PREVENTA EXCLUSIVA AL TIPO DE CAMBIO OFICIAL 🚨

Ubicado en una de las zonas con mayor demanda de Cochabamba, a pocos minutos de la UMSS

📍 Ubicación estratégica:
Calle José Pol, en inmediaciones de la UMSS,

💲 PRECIOS:
🔸Monoambientes desde 29.870 $us.
🔸 1 dormitorio desde 49.750 $us.
🔸 2 dormitorios desde 86.079 $us.
🔸 3 dormitorios desde 120.525 $us.

✨ Edificio inteligente con:
🔐 Chapas inteligentes
💡 Iluminación domótica
🏢 2 ascensores VIP Pass-Air Zone

💎 Amenidades premium:
🏊 Piscina atemperada
💪 Gimnasio equipado
🔥 3 churrasqueros
🎉 Salón de copropietarios
💼 Business Center
✨ Imponente lobby de doble altura

📈 Ideal para:
✅ Airbnb
✅ Alquileres temporales
✅ Renta estudiantil
✅ Tu primera vivienda
✅ Generar ingresos pasivos
 con acceso rápido a universidades, transporte, comercios y servicios.

⏳ 𝗟𝗮𝘀 𝘂𝗻𝗶𝗱𝗮𝗱𝗲𝘀 𝗲𝗻 𝗽𝗿𝗲𝘃𝗲𝗻𝘁𝗮 𝘀𝗼𝗻 𝗹𝗶𝗺𝗶𝘁𝗮𝗱𝗮𝘀 𝘆 𝗹𝗼𝘀 𝗽𝗿𝗲𝗰𝗶𝗼𝘀 𝗮𝗰𝘁𝘂𝗮𝗹𝗲𝘀 𝗲𝘀𝘁𝗮𝗿á𝗻 𝗱𝗶𝘀𝗽𝗼𝗻𝗶𝗯𝗹𝗲𝘀 𝘀𝗼𝗹𝗼 𝗽𝗼𝗿 𝘁𝗶𝗲𝗺𝗽𝗼 𝗱𝗲𝘁𝗲𝗿𝗺𝗶𝗻𝗮𝗱𝗼.

Agenda tu visita ❗","https://drive.google.com/file/d/1X5QwokyDduQGxikPCrYn4-WxS5T9Iixu/view?usp=drive_link, https://drive.google.com/file/d/1ZKC-GcbYS4eDEgOt7uK4abpwSlYnjT-4/view?usp=drive_link, https://drive.google.com/file/d/1_03Bhh6Pux_bbPAaQsgmxUDFAd53kFKw/view?usp=drive_link, https://drive.google.com/file/d/12w9JgtW3ctkk0O1gftLcz9-PYFuv9tpA/view?usp=drive_link, https://drive.google.com/file/d/1D231Fc8bFWEawMiTULdTxbEJdvaWMjm4/view?usp=drive_link, https://drive.google.com/file/d/1uDO2qO0ugZRE_nfVhzJYvDUwLzVACDHQ/view?usp=drive_link, "
VN96,LISTA 1,Lunes,Jazmín Heresi,Melchor Urquidi y José Antonio rico toro,Parque Fidel Anze,Departamento,"115,000 $us.","🏙️ Departamento Premium en Preventa – Parque Fidel Anze

📍 Melchor Urquidi y Rico Toro
 ✅ 47 m² ✅ Parqueo + baulera ✅ 

Entrega marzo 2028 
💰 $us 115.000

✨ Invierte hoy aprovechando el tipo de cambio a 7.

📱 ¡Escríbeme para más información!

","🏙️ Departamento Premium en Preventa – Parque Fidel Anze

📍 Ubicación estratégica: Melchor Urquidi y Rico Toro
✨ Zona exclusiva y de alta valorización
🏠 Características:
✅ 47 m² de diseño moderno
✅ Parqueo incluido
✅ Baulera incluida
📅 Entrega: marzo 2028
💰 Precio: $us 115.000
💡 Invierte hoy y aprovecha el tipo de cambio a 7.

📱 Contáctame para más información o agendar una visita.","🚨 ¡OPORTUNIDAD DE INVERSIÓN EN COCHABAMBA!

🏙️ Preventa – Parque Fidel Anze
📍 Melchor Urquidi y Rico Toro
💎 Vive o invierte en una de las zonas más cotizadas de la ciudad
✨ 47 m² modernos y funcionales
🚗 Parqueo + baulera incluidos
📅 Entrega: marzo 2028
💰 Precio lanzamiento: $us 115.000
📈 Aprovecha el tipo de cambio 7 y asegura tu patrimonio hoy

📲 Escríbeme ahora y recibe más detalles","🏙️ DEPARTAMENTO PREMIUM EN VENTA PARQUE FIDEL ANZE

📍 Ubicación privilegiada
Melchor Urquidi y Rico Toro, una de las zonas más exclusivas y cotizadas de Cochabamba.

✨ Aprovecha al tipo de cambio Es 7

🏠 Características
✅ Departamento de 47 m²
✅ Parqueo incluido
✅ Baulera incluida
✅ Diseño moderno y funcional
✅ Ideal para vivienda o inversión

📅 Entrega: Marzo 2028

💰 Precio $us 115.000

📈 Excelente oportunidad de inversión en una zona con alta demanda residencial y gran potencial de valorización.

","https://drive.google.com/file/d/1DvJGZNYfEMvwJf6Cn3ieXnc1_R7Vqho4/view?usp=drive_link, https://drive.google.com/file/d/14IGTONrJIRNQkE3xWLiYqmtzwfJudMLf/view?usp=drive_link, https://drive.google.com/file/d/1Wh2JyBKDWIViqA-8_yiyI5M9KX7q7Fv7/view?usp=drive_link, https://drive.google.com/file/d/1p_yPqwOXGS-3TqMHq8ipqfI2N6njG1x6/view?usp=drive_link, https://drive.google.com/file/d/1H2Grwn8jdpEF17TPxcIhZz2IiTZcLFMa/view?usp=drive_link, https://drive.google.com/file/d/1s4mwuVtzeU5TmK9I_uRFMn26ByN8wzlF/view?usp=drive_link, "
VN98,LISTA 2,Martes,Claudia Campos,Av. Chilimarca ,Chilimarca,Lote,"1,008,000 $us.","LOTE DE TERRENO EN VENTA 

📍 Chillimarca
📐2.880 m² + Proyecto Aprobado una gran inversión. 

 🗺️ Zona residencial consolidada.
 💰 $us 1.008.000.- (Abiertos a propuestas).

Más información al 📲 ","🏡 ¡Gran oportunidad de inversión en Chillimarca!

📍 Lote de terreno en venta
📐 Superficie: 2.880 m²
✅ Proyecto aprobado, listo para desarrollar.
✅ Ubicado en una zona residencial consolidada con gran proyección.
💰 $us 1.008.000 (abiertos a propuestas)

📲 Contáctanos para más información y agenda tu visita.","🚨 Invierte donde el crecimiento ya es una realidad.

📍 Chillimarca
📐 2.880 m² de terreno + Proyecto aprobado.
✨ Ideal para un desarrollo inmobiliario o una inversión segura en una de las zonas con mayor demanda.
💰 Precio: $us 1.008.000 (escuchamos propuestas)

📲 Escríbenos y conoce todos los detalles.","LOTE DE TERRENO EN VENTA 

✨ ¡Haz realidad tu próximo proyecto!
📍 Chillimarca

Terreno en venta con proyecto aprobado.

 📏 Superficie: 2.880 m².
 🗺️ Zona residencial consolidada.
 💰 $us 1.008.000.- ( Abiertos a propuestas.) 

Datos del proyecto:
10 casas de dos pisos 
Terrenos de 200 m2
Doble parqueo 

Agenda tu visita ❗ 
","https://drive.google.com/file/d/1Z4gEKGqgLcmE0Xo0hKClposHKJa9IZqP/view?usp=drive_link, https://drive.google.com/file/d/1eT7aEaPJc01Bi8nnmsJ8XBotiIvCy0hf/view?usp=drive_link, https://drive.google.com/file/d/1eT7aEaPJc01Bi8nnmsJ8XBotiIvCy0hf/view?usp=drive_link, https://drive.google.com/file/d/1XJl05MDc2yzoq2aC7IfezmPLI8PqPJyE/view?usp=drive_link, "
VN99,LISTA 3,Miercoles,Carla Tovar,Zona oeste- Calle 4,FEXPOCRUZ (Santa Cruz),Lote,"694,715 $us.","SANTA CRUZ: LOTE DE TERRENO 992.45 M2 EN VENTA

💡Excelente para proyecto de inversión (edificio o condominio de casas).

📍Calle 4 - Zona Fexpocruz

🗃 Documentación al día
📐 Superficie: 992.45 m2
💵 Precio: 700 $us/m2
Sin comisión inmobiliaria.

📲 Información:

#VN #Terreno #Venta #Santa Cruz","LOTE DE TERRENO 992.45 M2 EN VENTA - SANTA CRUZ

💡 proyecto de inversión (edificio o condominio de casas).

📍Calle 4 - Zona Fexpocruz

🗃 Documentación al día
📐 Superficie: 992.45 m2
💵 Precio: 700 $us/m2
Sin comisión inmobiliaria.

📲 Información:

#VN #Terreno #Venta #Santa Cruz","SANTA CRUZ - ZONA FEXPOCRUZ LOTE DE TERRENO EN VENTA

💡Excelente para proyecto de inversión (edificio o condominio de casas).

¡ 22 metros de frente!

📍Calle 4 - Zona Fexpocruz

🗃 Documentación al día
📐 Superficie: 992.45 m2
💵 Precio: 700 $us/m2
Sin comisión inmobiliaria.

📲 Información:

#VN #Terreno #Venta #Santa Cruz","Santa Cruz: Lote de Terreno en Venta 992.45 M2 - amurallado
Zona FrexpoCruz

Zona: oeste - Barrio Calle 4
📍Dirección: Calle Casiano Vaca Pereira

🗃️Documentación al día
📐Superficie: 992.45 M2
💵Precio: US$700. $us/m2
22 mts. de frente.

Pago en bolivianos al tipo de cambio paralelo

Sin comisión inmobiliaria

Tiene una pequeña casa como medias aguas, al fondo del terreno

Zona urbanizada con acceso a todos los servicios.

Agende su visita📝","https://drive.google.com/file/d/1pig9SxdsEeVnnvOu_Wvfk2NHUdHbJg7_/view?usp=drive_link, https://drive.google.com/file/d/1cPl5LSAffhpyKfEMZU65EKP-t3hwkKWe/view?usp=drive_link, https://drive.google.com/file/d/1FJb_FEAM-2nO2IIunXsAEUdZ3f9UsR50/view?usp=drive_link, https://drive.google.com/file/d/1ElZnlX2CDYkhhnrh4GzYU8C91VlfYVYA/view?usp=drive_link, "
VN97,LISTA 1,Jueves,Jazmín Heresi,Calle 7 este y San Martín ,Equipetrol (Santa Cruz),Departamento,"64,000 $us.","🟩⬜ SANTA CRUZ | EQUIPETROL 🟩⬜

✨ ¡Invierte o vive en una de las mejores zonas de la ciudad!

🏙️ Departamento a estrenar, amoblado y equipado. 
💰 $us 64.000 ✅ 36 m² ✅ Balcón ✅ Dormitorio independiente ✅ Áreas comunes premium

📲 ¡Agenda tu visita hoy!","🟩⬜ ¡OPORTUNIDAD EN EQUIPETROL! 🟩⬜

🏡 Departamento totalmente amoblado - equipado y listo para habitar. 💰 $us 64.000 ✨ Piscina, gimnasio, cine, cowork, churrasquera y mucho más.
📍 Equipetrol 
Av. San Martín 

📲 ¡Escríbeme para más información!","🟩⬜ ¡Tu próximo departamento te espera! 🟩⬜

📍 Equipetrol – Santa Cruz 
💰 $us 64.000 ✅ 36 m² ✅ Amoblado ✅ Balcón con vista ✅ Edificio con amenidades exclusivas

🔥 Ideal para vivir o generar ingresos con alquiler.

📲 ¡Contáctame y agenda tu visita!","🟩⬜SANTA CRUZ 🟩⬜

🏙️ ¡Vive como siempre soñaste! Departamento totalmente amoblado y a estrenar. ✨

📍 Equipetrol – Portobello Green, Calle 7 Este, a pasos de Av. San Martín.
💰 64.000$us
✅ 36 m² 
✅ Piso 5 con balcón y hermosa vista 
✅ Dormitorio independiente
 ✅ Cocina completamente equipada 
✅ TV 
✅ 2 aires acondicionados 
✅ Chapa electrónica

🌟 Disfruta de increíbles áreas comunes: 🏊 Piscina | 🎬 Sala de cine | 💪 Gimnasio | 💻 Cowork | 🔥 Churrasquera | 🎱 Billar

Agenda tu visita hoy mismo❗

¡Ideal para ejecutivos, parejas o quienes buscan comodidad, ubicación y exclusividad en un solo lugar! 🔑✨","https://drive.google.com/file/d/1RiGGaRNc3toh-jMMpmPfa9lgH9FoRjZN/view?usp=drive_link, https://drive.google.com/file/d/1HxhKMi6foVKmpQh_WLewuMUnJASq5q6F/view?usp=drive_link, https://drive.google.com/file/d/1RkQBLaqg4hIwGjoUUu885Vw8rTcnKB27/view?usp=drive_link, https://drive.google.com/file/d/1Xfoa1B29DES1E5wpMQFyxUpcSZAM1qP-/view?usp=drive_link, https://drive.google.com/file/d/1ZaAMpZFP8iKy8_vBnp-s9UQwiN6CTvUK/view?usp=drive_link, https://drive.google.com/file/d/1nNR4VRSxgboq5EDUVh27a24t-zRAkMnw/view?usp=drive_link, "
AL94,LISTA 2,Viernes,Claudia Salazar,Av Aroma entre 16 de Julio y Av Oquendo ,Centro,Local Comercial,"2,500 Bs.","​✨🏢 ¡𝗟𝗢𝗖𝗔𝗟 𝗖𝗢𝗠𝗘𝗥𝗖𝗜𝗔𝗟 𝗘𝗡 𝗔𝗟𝗤𝗨𝗜𝗟𝗘𝗥! 🏢✨

​📍 Av Aroma inmediaciones del mercado Triangular 

​✨ Características Principales

✅ Local en Interior
📐 24.2 m2
🚽1 Baño propio 

​💰 Detalles del Alquiler
​Mensualidad: 2500 Bs
💦 Servicios 100 Bs

📲Contáctame ahora mismo al WhatsApp:

🌿 𝗨𝗯𝗶𝗰𝗮𝗰𝗶ó𝗻 𝗣𝗿𝗲𝗺𝗶𝘂𝗺: 𝗰𝗼𝗻 𝗔𝗹𝘁𝗼 𝗙𝗹𝘂𝗷𝗼 𝗖𝗼𝗺𝗲𝗿𝗰𝗶𝗮𝗹 🌿 

#Local #Alquiler","​✨🏢 ¡𝗟𝗢𝗖𝗔𝗟 𝗖𝗢𝗠𝗘𝗥𝗖𝗜𝗔𝗟 𝗘𝗡 𝗔𝗟𝗤𝗨𝗜𝗟𝗘𝗥! 🏢✨

​📍 Av Aroma inmediaciones del mercado Triangular 

 ⭐  𝗟𝗮 𝗘𝘅𝗰𝗹𝘂𝘀𝗶𝘃𝗶𝗱𝗮𝗱 𝘆 𝗲𝗹 𝗕𝘂𝗲𝗻 𝗦𝗲𝗿𝘃𝗶𝗰𝗶𝗼 𝗻𝗼 𝗻𝗲𝗰𝗲𝘀𝗶𝘁𝗮𝗻 𝘃𝗶𝘁𝗿𝗶𝗻𝗮 𝗮 𝗹𝗮 𝗰𝗮𝗹𝗹e ⭐

​✨ Características Principales

✅ Local en Interior
📐 24.2 m2
🚽1 Baño propio 

​💰 Detalles del Alquiler
​Mensualidad: 2500 Bs
💦 Servicios 100 Bs

📲Llama ahora mismo para reservar tu espacio y comenzar a soñar en grande!""
","
🏢 ¡𝗟𝗢𝗖𝗔𝗟 𝗖𝗢𝗠𝗘𝗥𝗖𝗜𝗔𝗟 𝗘𝗡 𝗔𝗟𝗤𝗨𝗜𝗟𝗘𝗥! 🏢✨
​📍 Av. Aroma, inmediaciones del Mercado Triangular.

​⭐𝗟𝗶𝘀𝘁𝗮 𝗽𝗮𝗿𝗮 𝗹𝗹𝗲𝘃𝗮𝗿 𝘁𝘂 𝗲𝗺𝗽𝗿𝗲𝗻𝗱𝗶𝗺𝗶𝗲𝗻𝘁𝗼 𝗮𝗹 𝘀𝗶𝗴𝘂𝗶𝗲𝗻𝘁𝗲 𝗻𝗶𝘃𝗲𝗹? 🚀

​✨ Características Principales:
✅ Local en Interior (Ideal para privacidad).
📐 24.2 m².
🚽 1 Baño propio.
​💰 Detalles del Alquiler:
Mensualidad: 2500 Bs.
💦 Servicios: 100 Bs.

​¡No dejes que otros se adelanten! Espacios con esta ubicación privilegiada vuelan rápido.

​📲 Llama ahora mismo al 
para reservar tu espacio y comenzar a soñar en grande!
​#LocalComercial #Aroma #Emprendimiento #Showroom #AlquilerCochabamba","
🏢✨ ¡𝗟𝗢𝗖𝗔𝗟 𝗖𝗢𝗠𝗘𝗥𝗖𝗜𝗔𝗟 𝗘𝗡 𝗔𝗟𝗤𝗨𝗜𝗟𝗘𝗥! 🏢✨
​📍 Av. Aroma, inmediaciones del Mercado Triangular.

​⭐𝗟𝗶𝘀𝘁𝗮 𝗽𝗮𝗿𝗮 𝗹𝗹𝗲𝘃𝗮𝗿 𝘁𝘂 𝗲𝗺𝗽𝗿𝗲𝗻𝗱𝗶𝗺𝗶𝗲𝗻𝘁𝗼 𝗮𝗹 𝘀𝗶𝗴𝘂𝗶𝗲𝗻𝘁𝗲 𝗻𝗶𝘃𝗲𝗹? 🚀

​✨ Características Principales:
✅ Local en Interior (Ideal para privacidad).
📐 24.2 m².
🚽 1 Baño propio.

Ideal para: , Estetica de uñas 💅🏻, peluquería 💇, perfumería 🧴 tienda bijuteia 💍
​
Detalles del Alquiler:
🔸2500 Bs.  Mensuale
🔸2500 Bs Garantía
🔸100 Bs. Agua 
🔸 Servicio de luz x prorrateo 
🔸1250 Bs comisión inmobiliaria 

​📲 Llama ahora mismo al",", https://drive.google.com/file/d/1zk9At034ilot0aLuIltITIHiFmjUgsMG/view?usp=drive_link, https://drive.google.com/file/d/16d9JoucdOpa7btNOabf7lcauwLlb4-qG/view?usp=drive_link, https://drive.google.com/file/d/1ELh6Fymmp8cWKNqpkev2bf3hI2dEB-KW/view?usp=drive_link, https://drive.google.com/file/d/1ZvyIcayLHvfFkK2zF5s1xwojz_H3HGxx/view?usp=drive_link, https://drive.google.com/file/d/1AgxRjK-JKX6Oqu8wQoSUcZODJmqNoWXq/view?usp=drive_link, "
VN100,LISTA 3,Sabado,Jazmín Heresi,Santiaguilla,Tiquipaya,Casa,"165,000 $us.","🔥 ¡EXCLUSIVA CASA EN TIQUIPAYA! Solo 14 familias vivirán aquí 🏡✨

¿Buscas el hogar definitivo? Acabados premium en condominio privado. ¡Lista para habitar!
💵 Precio: USD 165.000
📐 192.72 m2 de construcción 
🛏️ 3 Máster Suites + 🛁 Jacuzzi familiar.
🚗 2 Garajes + 🥩 Parrillero propio.
📍 Tiquipaya, Cochabamba.
¡No dejes que te la ganen! Agenda tu visita hoy mismo. 📞📲
","💎 ¡Lujo a tu alcance en Tiquipaya!(Condominio Privado) 💎

🏠La casa que tu familia merece, lista para mudarse hoy mismo.
✅3 Máster Suites exclusivas.
✅Jacuzzi, parrillero y 2 garajes propios.

📌Urbanización cerrada de solo 14 casas.

🌳Ubicación: Cochabamba Tiquipaya 
Para más info o visitas al privado o al WhatsApp: 📞 ","🏡 CASA DE LUJO EN TIQUIPAYA – ¡ENTREGA INMEDIATA! 🏡

¿Buscas estatus, comodidad y seguridad? Esta propiedad en condominio privado tiene todo listo para ti.
📍 Ubicación: Tiquipaya, Cochabamba
💵 Inversión: USD 165.000
🛏️ Dormitorios: 3 Máster Suites (todas con baño privado).
🚗 Parqueo: Espacio para 2 garajes.
🌟 Plus: Jacuzzi familiar y parrillero privado.
🔒 Seguridad: Condominio cerrado exclusivo de solo 14 casas.

.
✨ Acabados premium y excelente iluminación natural. ¡Lista para habitar!

Agenda una visita ❗❗

📲 Contacto Directo / WhatsApp","✨CASA EN VENTA EN CONDOMINIO DE LUJO✨

¡Tu hogar ideal te espera en Tiquipaya! 🏡✨

¿Buscas comodidad, seguridad y exclusividad? Esta hermosa casa en condominio privado lo tiene todo:
💰Precio: USD 165.000
📐 192.72 m2 de construcción 
✅ Expensas 350Bs.
🛏️Espacios: 3 amplias Máster Suites diseñadas para tu descanso.
🚗 2 garajes privados.
🛁Relax: Disfruta de tu propio jacuzzi familiar.
🥩Entretenimiento: Parrillero listo para tus mejores momentos.
Calidad: Urbanización exclusiva de solo 14 casas con acabados premium.
¡Lista para habitar!

📍 Ubicada en una de las mejores zonas de Tiquipaya, Cochabamba.

No dejes pasar esta oportunidad de inversión.

 ¡Contáctame hoy mismo para más información o para programar una visita y conocer tu próximo hogar! 🔑🌳
 Agenda tu visita ❗ ❗ 
","https://drive.google.com/file/d/1ytZSOshw3NW6On5SyURkdbQkzJdLo6UX/view?usp=drive_link, https://drive.google.com/file/d/1l22QnbZWmfTREOcrg5ZybSgz2CULTwVl/view?usp=drive_link, https://drive.google.com/file/d/12HjrZzdoKA6C_op0eg2XdRo58B0pux2B/view?usp=drive_link, https://drive.google.com/file/d/1VX8QLIpUEEPM8qMsupLuE8VrpOmSppdl/view?usp=drive_link, https://drive.google.com/file/d/12Ccj7hZ4Fns8zrb6KZ6Bn6-RADLcGmf8/view?usp=drive_link, https://drive.google.com/file/d/1py5aDMh5Et1URlVXNuKcEzJLA-v_2Rwr/view?usp=drive_link, "
AL95,LISTA 1,Domingo,Claudia Salazar,Av.Balliviana No 560,Centro,Oficina / Consultorio,"4,000 Bs.","🏤 OFICINA AMPLIA EN ALQUILER ✨

🪟 𝗨𝗻𝗶𝗱𝗮𝗱 𝗗𝗼𝗯𝗹𝗲 𝗰𝗼𝗻 𝗗𝗶𝘀𝘁𝗿𝗶𝗯𝘂𝗶𝗱𝗼𝗿 𝗣𝗿𝗶𝘃𝗮𝗱𝗼 𝘆 𝗕𝗮ñ𝗼𝘀 𝗜𝗻𝗱𝗲𝗽𝗲𝗻𝗱𝗶𝗲𝗻𝘁𝗲𝘀 !

Características:
💰 4000 Bs 
📐 67.4m2 de superficie 

✨ Tu oficina en el Prado te espera
Llámanos al 📲

✨Ideal para oficinas,consultorios, abogados, notarios..

#OficinasEnAlquiler
#ConsultoriosCBBA
#EspaciosProfesionales
#AbogadosCochabamba
#NotariaCochabamba
","🏤 𝗢𝗙𝗜𝗖𝗜𝗡𝗔 𝗔𝗠𝗣𝗟𝗜𝗔 𝗘𝗡 𝗔𝗟𝗤𝗨𝗜𝗟𝗘𝗥 ✨

🪟Espacio amplio con iluminación natural.

🌿 𝗧𝘂 𝗼𝗳𝗶𝗰𝗶𝗻𝗮 𝗲𝗻 𝗽𝗹𝗲𝗻𝗼 𝗣𝗿𝗮𝗱𝗼! 𝗘𝘀𝘁𝗿𝗲𝗻𝗮 𝘂𝗯𝗶𝗰𝗮𝗰𝗶ó𝗻 𝗲𝘀𝘁𝗿𝗮𝘁é𝗴𝗶𝗰𝗮  𝗵𝗼𝘆. 🌿

Características:

💰 4000 Bs de Alquiler 
📐 67.4m2 de superficie 
🚽 2 baños 

📲 Contáctanos hoy mismo y agenda tu visita.

✨Ideal para oficinas,consultorios, abogados, notarios..

#Noventa#Alquiler #Oficina #centrico#Cochabamba","🏤 𝐎𝐅𝐈𝐂𝐈𝐍𝐀 𝐀𝐌𝐏𝐋𝐈𝐀 𝐄𝐍 𝐀𝐋𝐐𝐔𝐈𝐋𝐄𝐑 ✨

✨​""𝗧𝘂 é𝘅𝗶𝘁𝗼 𝗲𝗺𝗽𝗶𝗲𝘇𝗮 𝗲𝗻 𝗹𝗮 𝘂𝗯𝗶𝗰𝗮𝗰𝗶ó𝗻 𝗽𝗲𝗿𝗳𝗲𝗰𝘁𝗮: 𝗘𝗹 𝗣𝗿𝗮𝗱𝗼""

 📐 67.4m2 de superficie
🚽 2 baños 

💰 4000 Bs Alquiler mensual 

📲 Escríbeme para más información!""

#90#Alquiler #Oficina #centro#Cochabamba","🏤 𝐎𝐅𝐈𝐂𝐈𝐍𝐀 𝐄𝐍 𝐀𝐋𝐐𝐔𝐈𝐋𝐄𝐑

✨𝗗𝗼𝘀 𝗢𝗳𝗶𝗰𝗶𝗻𝗮𝘀 𝗶𝗻𝗱𝗲𝗽𝗲𝗻𝗱𝗶𝗲𝗻𝘁𝗲𝘀 𝗰𝗼𝗻 𝗗𝗶𝘀𝘁𝗿𝗶𝗯𝘂𝗶𝗱𝗼𝗿 ✨

✅ Ambiente amplio
 📐67.40 m2 de superficie 
🚽 2 Baños privados 
📷 Cámaras exteriores de seguridad

📣Espacio versátil, ideal para consultorios, despachos de abogados y notarios, arquitectos, constructoras, oficinas contables, agencias de marketing, fisioterapias o Spas

💰 Alquiler 4000 bs.
💰 Garantía 2.000 Bs. 
💰 Comisión inmobiliaria 2000 Bs
💰 Expensas 200 Bs 

💡Medidor de luz independiente

 ¡Reserva tu visita! 🗓️","https://drive.google.com/file/d/1dQlvujDqw8nuYzb30lkdr3AuoxXICXtv/view?usp=drive_link, https://drive.google.com/file/d/1M9mIRLFz5w6fvy2IKQL0mAgc8Iqf2YSt/view?usp=drive_link, https://drive.google.com/open?id=1j-sFrpG5BpPuDEQYXA47oIyKMZL3-LVC&usp=drive_copy
https://drive.google.com/open?id=1MOFeUYunFhBQ8cDhGPLfSJzWdPNi36a0&usp=drive_copy
https://drive.google.com/open?id=1oS6mw2aO7XaVmtMuRnluRvthQuRWqs_n&usp=drive_copy, https://drive.google.com/file/d/1eJhllWsary8mDDnWkazV0lqT3EUVwMu0/view?usp=drive_link, "
AL96,LISTA 2,Lunes,Claudia Salazar,C.16 de julio esquina Federico Blanco ,Centro,Oficina / Consultorio,"1,540 Bs.","🏢 𝗢𝗙𝗜𝗖𝗜𝗡𝗔𝗦 𝗘𝗡 𝗔𝗟𝗤𝗨𝗜𝗟𝗘𝗥❗

⭐𝗨𝗯𝗶𝗰𝗮 𝘁𝘂 𝗲𝗺𝗽𝗿𝗲𝘀𝗮 𝗼 𝗰𝗼𝗻𝘀𝘂𝗹𝘁𝗼𝗿𝗶
⭐Ideales para consultorios, eabogadosprofesionales, despachos de abogados, contadores y oficinas administrativas.

Características:  
📐Superficies desde 28 m² hasta 54 m² cada una con su baño privado .

💰 Alquileres desde 1.540 Bs
¡Aprovecha esta excelente ubicación para hacer crecer tu negocio!

📲 Agenda tu visita por WhatsApp o escríbenos por inbox.

#90 #alquileres # ZonaCentral#Oficina
#OficinaComercial","      ✨ 𝗢𝗙𝗜𝗖𝗜𝗡𝗔𝗦 𝗘𝗡 𝗔𝗟𝗤𝗨𝗜𝗟𝗘𝗥✨

🚨 ¡Tu próxima oficina está en el centro de ciudad 
🔸 6 Oficinas 
🔸 Baño privado 
🔸 2 Locales Comerciales  con baño privado 

💰 Desde Bs. 1.540

📲 Agenda tu visita antes de que se ocupen.","✨ 𝗢𝗙𝗜𝗖𝗜𝗡𝗔𝗦 𝗘𝗡 𝗔𝗟𝗤𝗨𝗜𝗟𝗘𝗥✨

La ubicación que tu negocio necesita.
Instala tu oficina en pleno centro de la ciudad, con fácil acceso para tus clientes.
🏢 6 oficinas disponibles /2 Locales 
🚽Baños privados 
📐Superficies desde 28 m² a 54 m² 

💰 Alquileres desde Bs. 1.540
📲 Escríbenos y agenda tu visita hoy mismo.","🏢✨ 𝗢𝗙𝗜𝗖𝗜𝗡𝗔𝗦 𝗬 𝗟𝗢𝗖𝗔𝗟𝗘𝗦 𝗘𝗡 𝗔𝗟𝗤𝗨𝗜𝗟𝗘𝗥 ✨

Proyecta una imagen profesional en un edificio moderno, seguro y estratégicamente ubicado. Espacios ideales para empresas, consultorios, estudios profesionales y emprendimientos que buscan comodidad, accesibilidad y presencia corporativa.

✨ BENEFICIOS DEL EDIFICIO

✅ Excelente iluminación natural
✅ Baño privado en cada oficina
✅ Ascensor
✅ Seguridad y accesibilidad
✅ Ambientes modernos y funcionales

━━━━━━━━━━━━━━━
Alquileres:
🔹 Oficina 1 c/ Balcón 
📐 54,46 m²
💰 Bs. 2.870

🔹 Oficina 2
📐 46 m2
💰 Bs. 2.450

Oficina 3
📐 28,11 m²
💰 Bs. 1.540

🔹 Oficina 5
📐 53,33 m²
💰 Bs. 2.800

🔹 Local Comercial 1
📐 45 m²
💰 Bs. 2.380

🔹 Local Comercial 2
📐 31,62 m²
💰 Bs. 1.680

🔹 Oficina 6
📐 38,73 m²
💰 Bs. 2.100

🔹 Oficina 7 c/Balcón
📐 48,65 m²
💰 Bs. 2.600

🪙 Expensas Bs 200
💡Cada oficina cuenta con medidor independiente.
🪙 Comisión Inmobiliaria 70%del Canon de alquiler 
━━━━━━━━━━━━━━━

🚀 Ideales para:

✅ Oficinas Administrativas 
✅ Estudios Jurídicos y Contables
✅ Consultorios médicos y Odontologicos
✅ Gabinetes fisioterapia y Estéticos 

📲 Agenda tu visita y encuentra el espacio ideal para impulsar tu negocio.

🔥 Oficinas listas para ocupar en una ubicación estratégica y de alta visibilidad.","https://drive.google.com/file/d/14WCf7ETecVnrhd4e_ubf37GY8h9CW_Wn/view?usp=drive_link, https://drive.google.com/file/d/1UcgB6a2S6L3XO-0Zi-5wQxzDfkbc0nut/view?usp=drive_link, https://drive.google.com/file/d/1lKYkIih5lK0sLdt0_NqG4eghH19c_4pe/view?usp=drive_link, https://drive.google.com/file/d/1Oiatm9k-knhfQ8es8aLZQcm8eEma1dv2/view?usp=drive_link, https://drive.google.com/file/d/17_GliS5GK6Djt-Q5lUTQzccP3PNTcaiR/view?usp=drive_link, https://drive.google.com/file/d/1QAEV63pNrPYw-qKXUCwbw6Zi_JlaZ-Tn/view?usp=drive_link, "
AL97,LISTA 3,Martes,Jazmín Heresi,Beijing casi america ,Sarco,Local Comercial,"8,000 Bs.","🏢 ¡POTENCIA TU NEGOCIO EN LA MEJOR UBICACIÓN DE COCHABAMBA! 🏢

Si buscas expandir tu empresa, este amplio local comercial sobre la Av. América (Zona Sarco) es tu oportunidad ideal.
Superficie: 192m2
 (Ideal para repuestos, showroom o atención al cliente)
Comodidades: Baño privado y ambientes amplios.
Ubicación Estratégica: Avenida de altísimo tráfico vehicular y peatonal, garantizando visibilidad 24/7.
💵 Precio: 8.000 Bs.
Invierte en una ubicación que trabaja por ti. Agenda tu visita corporativa hoy mismo.

📲 Contáctanos aqui","🚀 ¡EL LOCAL QUE TU MARCA NECESITA PARA CRECER! 🚀

Deja de pagar por publicidad y posiciónate donde están tus clientes. Alquilamos amplio local comercial en plena Av. América, Zona Sarco.
📐 192m2 de espacio versátil para inventario y exhibición.
🚽 Baño privado incluido.
🚗 Alto flujo vehicular: ¡Más miradas significan más ventas!
💵 Alquiler: 8.000 Bs.
Trato serio y directo. Visitas exclusivamente previa cita.

📲 Escríbeme ahora para coordinar: ","🔥 ¡OPORTUNIDAD ÚNICA EN AV. AMÉRICA! 🔥

¿Buscando el lugar perfecto para tu negocio de repuestos o comercio? ¡Ya lo encontraste! 
📍 Zona Sarco
Lo que te ofrece este local:
✨ Espacio gigante: 192m2 para acomodarte a tu gusto.
🚽 Comodidad: Baño propio para ti y tus clientes.
📈 Ubicación premium: En avenida principal, con tráfico masivo asegurado.
💵 Inversión: 8.000 Bs.
No dejes que te lo ganen. Solo para interesados serios.

📲 Dale clic aquí y agendemos tu visita: ","🏢 Detalles del Local Comercial en Alquiler

📌Ubicación Premium: Sobre la Av. América, Zona Sarco(Cochabamba). 
Una ubicación estratégica con altísimo tráfico vehicular🚗 y peatonal,🧍🏻‍♀️ ideal para garantizar la máxima visibilidad de tu marca o negocio.
Superficie: 192 m2 espacio cubierto y versátil. Es un área ideal para almacenamiento de repuestos, distribución, showroom o atención al cliente.
Características:
Amplios portones de ingreso independientes que facilitan la carga y descarga de mercadería.
Cuenta con baño privado para mayor comodidad del personal y clientes.
Espacio interno totalmente despejado y limpio, listo para que lo adecúes según el rubro de tu empresa.
💵 Condiciones Comerciales
Precio de Alquiler: 8.000 Bs. al mes.
Las visitas se coordinan exclusivamente con hora agendada previa para brindarte una atención personalizada.

Si deseas programar una cita para conocer el lugar o tienes alguna consulta adicional, quedo a tu total disposición. ¡Me avisas qué día y hora te queda mejor! 
","https://drive.google.com/file/d/1_0Fa9xW19mwEqW28wUniUNyA4BfBlnIB/view?usp=drive_link, https://drive.google.com/file/d/1XXjq_zuJTYnrRIrrTu4WVKavYpK8rb1N/view?usp=drive_link, https://drive.google.com/file/d/1iBHbOJRE_QT8YVB1-KK7EaVZCB9Bupx8/view?usp=drive_link, https://drive.google.com/file/d/1KUqiSuASbu_OzCeI8UOgnnERzEHPTK62/view?usp=drive_link, https://drive.google.com/file/d/1uZjKMNCu10RLK9grd0f19WVuuC97B0QL/view?usp=drive_link, https://drive.google.com/file/d/1KVZc0B3YinIuNKnGmdEnM41FWnYEwdYw/view?usp=drive_link, "
VN101,LISTA 1,Miercoles,Jazmín Heresi,Calle innominada ,Linde,Casa,"699,000 $us.","🏡 Mansión de Lujo en Tiquipaya✨
🚗 Garaje para 8 vehículos

📐 1.124 m² de terreno | 🏠 400 m² construidos
🛏️ 4 dormitorios

🌿 Si buscas privacidad, amplitud y un estilo de vida exclusivo, esta propiedad es para ti.

📲 Solicita más información.","🏡 Mansión de lujo en Tiquipaya. 

✨ No compres solo una casa... invierte en la vida que siempre soñaste.
 🚗 Garaje para 8 vehículos.

🌟 Ideal para quienes valoran el confort, la privacidad y los espacios únicos.

📩 Solicita información y agenda tu visita.","🏡 Exclusiva mansión en Tiquipaya.
 📐 1.124 m² de terreno |
 🏠 400 m² construidos. 
💦 Piscina de 18 metros. 
 🚗 Garaje para 8 vehículos.

💎 Las propiedades de este nivel son escasas. Conócela antes de que salga del mercado.

📲 Contáctanos hoy mismo.","✨ MANSIÓN DE LUJO EN TIQUIPAYA ✨

🏡 Exclusividad, confort y naturaleza en un solo lugar.
Esta espectacular residencia 📌ubicada en una de las zonas con el mejor clima de Tiquipaya, diseñada para quienes buscan vivir con amplitud, privacidad y acabados de primer nivel.

📐 Terreno: 1.124 m²
🏠 Construcción: 400 m²

🌿 PLANTA BAJA
 ✨ Amplio living y comedor con excelente iluminación natural. 🍽️ Cocina de lujo con elegante cajonería de diseño y mesones de granito de alta calidad. 🛏️ Dormitorio adicional. 💪 Gimnasio privado con opción de convertirse en una quinta habitación. 🚿 Baño de visitas.
🛌 PLANTA ALTA 
👑 Espectacular Suite Master con: ✔️ Walk-in closet. 🛁 Baño privado con hidromasaje. 🌅 Balcón con hermosa vista a la piscina.
🛏️ Dos dormitorios adicionales, ambos con walk-in closet. 🛁 Elegante baño compartido con hidromasaje.

🌴 EXTERIORES
 💦 Impresionante piscina atemperada de 18 metros (100.000 litros) con cascada. 🔥 Área de churrasquero profesional, ideal para reuniones y eventos. 🧖 Sauna privada. 🪴 Amplios jardines tropicales con vegetación madura que brindan privacidad y un entorno único.
🚗 Garaje para hasta 8 vehículos. 🧺 Área de lavandería independiente. 🧹 Dependencias completas para personal de servicio.

✨ Una propiedad que combina elegancia, comodidad y espacios pensados para disfrutar cada momento en familia.

Con gusto podemos coordinar una visita para que conozca esta magnífica residencia❗","https://drive.google.com/file/d/1xhvG1BbqjftLUDFl3l8hBs3lcnQ0pgvP/view?usp=drive_link, https://drive.google.com/file/d/1WDZZlb_y2VoASt2kL1IyNtC4VAmyT7md/view?usp=drive_link, https://drive.google.com/file/d/1K0vdb1CJNhQhcgRFWDie6rYWq1tMrYuq/view?usp=drive_link, https://drive.google.com/file/d/1oTOWPtoKufCX3VD_IsvL0r700Q0QDlw-/view?usp=drive_link, https://drive.google.com/file/d/1-ZtuPLq6_m07EMIgzFnkOXWfeYTqNBeS/view?usp=drive_link, https://drive.google.com/file/d/1H7-795m2vdaEyTw-wg-2W0YZzr31P6aG/view?usp=drive_link, "
VN102,LISTA 2,Jueves,Gabriel Cañipa,Av. Tercera Km. 7,Huayllani,Edificio comercial y multifamiliar,"4,500,000 Bs.","𝗘𝗗𝗜𝗙𝗜𝗖𝗜𝗢 𝗠𝗨𝗟𝗧𝗜𝗙𝗔𝗠𝗜𝗟𝗜𝗔𝗥 𝗬 𝗖𝗢𝗠𝗘𝗥𝗖𝗜𝗔𝗟 𝗘𝗡 𝗩𝗘𝗡𝗧𝗔

𝗭𝗢𝗡𝗔 𝗛𝗨𝗔𝗬𝗟𝗟𝗔𝗡𝗜 🎯 
📍 Avenida Tercera 
(Próximo a los chicharrones originales km7, Av. Villazón)
📐 Terreno: 370.50 m²
🏗️ Construcción: 684.16 m²
💰 Precio: 4.500.000 Bs

📲 Mayores informes y visitas:

Vivir, emprender, alquilar o expandir tu negocio, tú decides","𝗘𝗗𝗜𝗙𝗜𝗖𝗜𝗢 𝗠𝗨𝗟𝗧𝗜𝗙𝗔𝗠𝗜𝗟𝗜𝗔𝗥 𝗬 𝗖𝗢𝗠𝗘𝗥𝗖𝗜𝗔𝗟 𝗘𝗡 𝗩𝗘𝗡𝗧𝗔 

✨ Vivir, emprender e invertir… todo en un solo lugar.

📍 Avenida Tercera | Zona Huayllani
(Próximo a los chicharrones originales km7, Av. Villazón)
📐 Terreno: 370.50 m²
🏗️ Construcción: 684.16 m²
💰 Precio: 4.500.000 Bs

📲Escríbenos directamente o comunícate al:

💫 Espacios cómodos para vivienda, comerciales y logísticos. ","𝗘𝗗𝗜𝗙𝗜𝗖𝗜𝗢 𝗠𝗨𝗟𝗧𝗜𝗙𝗔𝗠𝗜𝗟𝗜𝗔𝗥 𝗬 𝗖𝗢𝗠𝗘𝗥𝗖𝗜𝗔𝗟 𝗘𝗡 𝗩𝗘𝗡𝗧𝗔 

una oportunidad para transformar tu vida y tu patrimonio.

📍 Avenida Tercera | Zona Huayllani
(Próximo a los chicharrones originales km7, Av. Villazón)
📐 Terreno: 370.50 m²
🏗️ Construcción: 684.16 m²
💰 Precio: 4.500.000 Bs

📲 ¿Querés agendar una visita? Escríbenos 

perfecto para tu familia, tu negocio y tus sueños.","𝗘𝗗𝗜𝗙𝗜𝗖𝗜𝗢 𝗠𝗨𝗟𝗧𝗜𝗙𝗔𝗠𝗜𝗟𝗜𝗔𝗥 𝗬 𝗖𝗢𝗠𝗘𝗥𝗖𝗜𝗔𝗟 𝗘𝗡 𝗩𝗘𝗡𝗧𝗔 - 𝗭𝗢𝗡𝗔 𝗛𝗨𝗔𝗬𝗟𝗟𝗔𝗡𝗜 🎯

✨ Vivir, emprender e invertir… todo en un solo lugar.
Este edificio multifamiliar y comercial no es solo una propiedad, es una oportunidad para transformar tu vida y tu patrimonio. Comodidad, amplitud y ubicación estratégica, se unen para ofrecerte el espacio perfecto para tu familia, tu negocio y tus sueños.

📍 Avenida Tercera | Zona Huayllani
(Próximo a los chicharrones originales km7, Av. Villazón)
!Sobre avenida principal!

📐 Terreno: 370.50 m²
🏗️ Construcción: 684.16 m²

💫 Espacios cómodos para vivienda, comerciales y logísticos. 

▪️Planta Baja:
Cuenta con un amplio depósito, un excelente espacio comercial tipo galpón, garaje para 3 movilidades (con rampa para 5), cuarto y baño de servicio, dormitorio adicional y churrasquera, ideal para momentos inolvidables en familia y con amigos.

▪️Mezzanine:
Garzonier independiente con dormitorio, living-comedor, cocina y baño — perfecto para alquilar o recibir visitas sin perder privacidad. Apto también para oficinas y espacios administrativos. 

▪️Primer Nivel:
3 dormitorios, 4 baños, living-comedor, cocina, zona de lavado y una pequeña terraza donde el sol y la vista se convierten en tu refugio diario.

▪️Segundo Nivel:
3 dormitorios, 2 baños, living-comedor y cocina — espacios amplios para vivir con comodidad y tranquilidad.

▪️Terraza:
Un rincón especial con vista panorámica de 360°, dormitorio, baño y área de lavado, ideal para relajarte, celebrar o contemplar tu crecimiento.

💰 Precio: 4.500.000 Bs

🌟 Un edificio que lo tiene todo:
Vivir, emprender, alquilar o expandir tu negocio, tú decides cómo aprovechar esta gran inversión.
Porque algunas oportunidades no solo se compran… se sienten, se disfrutan y se viven. 💛

​📲 ¿Querés agendar una visita? Escríbenos directamente o comunícate al....... ¡Las grandes oportunidades no esperan! 🚀","https://drive.google.com/file/d/1Rdz7jW9iP9IfZrnVQsLmqG6XRK5OXeYU/view?usp=drive_link, https://drive.google.com/file/d/1aUfPe6Tsm_LgE0DAGY13J00c1tg3yDbI/view?usp=drive_link, https://drive.google.com/file/d/1pytM4gzM1XR4F3mjaxALSiJySraonLsH/view?usp=drive_link, https://drive.google.com/file/d/1qsb0dZxyc73NOD-V6EzaSnt2TOxQWoRg/view?usp=drive_link, https://drive.google.com/file/d/1cgPGld8T8Ag876CcXhr3TBveCvJMvQqW/view?usp=drive_link, https://drive.google.com/file/d/1EJOOXAAYe6DLDnQ6T__qWHy5_BJsu7me/view?usp=drive_link, "
AL98,LISTA 3,Viernes,Claudia Salazar,Av.Aroma entre 16 de Julio y Av Oquendo ,Centro,Local Comercial,"1,700 Bs.","✨ LOCALES Y OFICINAS EN ALQUILER ✨
 
🏤 A ESTRENAR

Desde 20,40 m² hasta 43.50 m2
✅ Ambientes amplios y cómodos
✅ Baño privado
✅ Sistema de cámaras de seguridad
✅ Medidor de luz independiente
 
🏪 LOCALES COMERCIALES
Aptos para:
• Tienda de ropa 👚
• Salón de belleza / uñas 💅🏻
• Oficinas
• Consultorios y más
 
💰 PRECIOS
Desde 1 700 Bs hasta 3 200 Bs
 
⚡ Listos para ocupar
⚡ Luz independiente
⚡ Disponibilidad inmediata
 
📅 ¡AGENDA TU VISITA YA! ❗
📞 / 📲 

 #Noventa #AlquilerCochabamba  #OficinasNuevas #LocalesComerciales #AvenidaAroma #Cercado #EspaciosAEstrenar","✨LOCALES EN ALQUILER ✨
🏤 OFICINA EN ALQUILER

🟢 Ambientes desde 20.40 m2 

 
✅ Ambientes cómodos 
✅ Baño privado
✅ Cámaras de seguridad


📣 Locales comerciales aptos para venta de ropa👚 zapatos 👠 uñas💅🏻  venta de celulares y repuestos 📳oficinas👩🏻‍💻, consultorios👩🏻‍🔬

📣 Alquiler 

 💰 Desde  1.700 bs. Hasta 3.200 Bs
 💡 Medidor de luz independiente 

📍 Ubicación privilegiada: avenida con alto tráfico y paso constante

 📲 Agenda una visita ❗
","- ¡ALQUILER! ESPACIOS NUEVOS EN AVENIDA AROMA

✨ ¡Encuentra el Espacio Perfecto para Tu Negocio! ✨
 
🏢 Edificio totalmente nuevo, para locales y oficinas

¿Buscas un lugar profesional y cómodo? Tenemos locales desde      20, 40 m2 con todo lo que necesitas:

🏢 Ambientes cómodos a elegir 
🚽 Baño privado6
📷 Cámaras de seguridad
 
🏪 LOCALES COMERCIALES
¡Da el salto y abre tu propio local! Espacios ideales para tu empresa 

💰 Precios accesible
Desde 1 700 Bs hasta 3 200 Bs
 
⚡ Listos para ocupar INMEDIATAMENTE ✨
 
📅 ¡Agenda tu visita hoy mismo!
Ven a ver el espacio y visualiza cómo sería tu nuevo lugar de trabajo.
 
📞 Teléfono 
 
#AlquilerCochabamba #no#EspaciosParaNegocios #OficinasNuevas  #LocalesComerciales","🏪 LOCALES COMERCIALES EN ALQUILER 
🔸11 Locales a Estrenar ❗

Zona de alto movimiento comercial, cerca del mercado Triangular, ideal para boutiques, tiendas de ropa, calzado, accesorios de celulares, cosméticos, perfumeríal9, oficinas, estéticas y consultorios.

📍 Excelente ubicación.✨ Espacio amplio y versátil.🚶‍♀️ Alto flujo de potenciales😊 clientes. 

🏢 Locales / Oficinas PB

💰2.500 Bs 📐30.50 m2
💰2.400 Bs 📐27.50 m2
💰2.400 Bs 📐30.10 m2
💰1. 800 Bs 📐20.10 m2

🏢 Locales / 1 er piso 
💰2.250 Bs 📐 30.60 m2
💰1.900 Bs  📐 26.80 m2
💰1.700 Bs  📐 20.40 m2
💰2.000 Bs 📐 26.70 m2
💰1.900 Bs  📐 24.00 m2
💰2.200 Bs 📐 29.60 m2
💰3.200 Bs 📐 43.50 m2

Canon de Alquiler
🪙 1 mensualidad de Alquiler 
🪙 1 mes de garantía 
🪙 Expensas 300 Bs Incluye agua 
🪙 Comisión inmobiliaria 60%

🔸Agenda una visita ❗
","https://drive.google.com/file/d/1uIiSGVPTwQKjkaTK9X_y6shPTkaPbevV/view?usp=drive_link, https://drive.google.com/file/d/1RtVbHpjwxyuCtzmY5VRvwBPl6-HteRD-/view?usp=drive_link, https://drive.google.com/file/d/15M-yyobOzvuZnZP15-NkY6xkAA8NxAZS/view?usp=drive_link, https://drive.google.com/file/d/1lrlajn_j6fzFH9f0eyViOAmP_jTzgPP4/view?usp=drive_link, https://drive.google.com/file/d/12TLe-K30ADINN85SAb8gXMZY7pwsmAIg/view?usp=drive_link, https://drive.google.com/file/d/1uTeikBRo8b14kvzyN4smmE06pAYp-xWM/view?usp=drive_link, "
VN103,LISTA 1,Sabado,Claudia Campos,Santivañez ,Santivañez,Lote,"400,000 $us."," Enfoque de estilo de vida, descanso y naturaleza🌿 

¡TU PROPIO PARAÍSO PRIVADO EN COCHABAMBA! 🌿

 LOTE DE 9.945 m² EN VENTA¿Te imaginas despertar rodeado de naturaleza, aire puro y total tranquilidad?

 Esta impresionante propiedad combina la paz del campo con todas las comodidades listas para disfrutar. 
¡Ideal para fines de semana en familia o para vivir en un entorno natural!

📐 Superficie total: ¡Casi una hectárea! 9.945 m² de terreno plano y productivo.
🏡 Infraestructura: Acogedora casa estilo cabaña.
🍖 Diversión: Churrasquero completo para tus reuniones y fines de semana.
🌴 Producción propia: Huerto frutal en producción.
🐔🐇 Espacio listo: Criadero acondicionado para animales.
🌽🫑 Tierra fértil: Amplia área de sembradío lista para tus cultivos.
💵 Precio: 400.000 $us

📞 ¡Haz realidad tu sueño de vivir en el campo! Agenda tu visita al [Ingresa tu número de WhatsApp].","​🏡 CASA A PRECIO DE LOTE EN VENTA – ( SANTIVÁÑEZ ) 
📍
✅ Una inversión segura para cuidar tu patrimonio🌱 

​📐 CARACTERÍSTICAS DEL TERRENO 
​Superficie: 9945 m² 
​
Precio  $US 400000$
​⚡ SERVICIOS E INFRAESTRUCTURA:
​
​🌟 ¿POR QUÉ INVERTIR AQUÍ?
✔️ Ubicación clave: Estratégica para personas que trabajan en el parque industrial o cerca a la plaza principal. 

✔️ Alto potencial de plusvalía: Ideal para asegurar tu capital. 
​
Para coordinar una visita al proyecto o revisar la documentación, contáctame:
📞 WhatsApp:","🏡 EN VENTA: HERMOSA CASA / TERRENO DE 9.945 m² 

🏡¡Espacio, producción y descanso en un solo lugar! Perfecta para proyecto familiar o comercial.
📐 9.945 m² de terreno.
🏡 Casa tipo cabaña.
🍖 Churrasquero.
🌴 Huerto frutal + 🌽🫑 Área de sembradío.🐔 Criadero de animales.
💵 Precio: 400.000 $us
¡Ubicación privilegiada y lista para transferir!
📞 Contacto directo aquí:","🏡 ¡EN VENTA: HERMOSA CASA/ PROPIEDAD DE 9.945 m² EN SANTIVAÑEZ! 

✅ Una inversión segura para cuidar tu patrimonio🌱 

​📐 CARACTERÍSTICAS DEL TERRENO 
​Superficie: 9945 m² 

Precio  $US 400000$
​⚡ SERVICIOS E INFRAESTRUCTURA:
​
​🌟 ¿POR QUÉ INVERTIR AQUÍ?
✔️ Ubicación clave: Estratégica para personas que trabajan en el parque industrial o cerca a la plaza principal. 

✔️ Alto potencial de plusvalía: Ideal para asegurar tu capital. 

🏡 Vivienda: Acogedora casa tipo cabaña.
🍖 Área social: Churrasquero ideal para fines de semana.
🌴 Naturaleza: Huerto frutal + 🌽🫑 Amplia área de sembradío.🐔 Producción: Criadero listo para animales.
📍 Ubicación atractiva: En el corazón de Santivañez, una zona tranquila, segura, de fácil acceso y con gran proyección de desarrollo ecológico e industrial.

NO PAGA Comision Inmobiliaria

📞 ¡Ven a conocer tu próxima inversión! Contacto directo aquí","https://drive.google.com/file/d/139i_h7AHJSSFhgkbf_LnoyOVKB2pftdT/view?usp=drive_link, https://drive.google.com/file/d/16f84iSNPVSyprRDiFsV7z3KuWxYOVjZi/view?usp=drive_link, https://drive.google.com/file/d/1xZNWx31fHW9uocmWlxYREv3vFcX-G6mn/view?usp=drive_link, https://drive.google.com/file/d/1SFfjAzWtLWqCBl_evMCFu3aoLnrRr-4g/view?usp=drive_link, https://drive.google.com/file/d/1lZHizCDynzTYZh1cEw1lvPUVX_GKk7e_/view?usp=drive_link, "
AL99,LISTA 2,Domingo,Claudia Salazar,Av.Aroma 831 entre 16 de Julio y Av Oquendo ,Centro,Departamento,"2,700 Bs."," DEPARTAMENTOS DE 2 DORMITORIOS EN ALQUILER ❗ 
📍 Zona central de alto trafico vehicular y peatonal 
Características 

💰2700 Bs
🔸Cocina equipada con cajonería alta y baja.
🔸2 Baños con cajonera alta y box de vidrio 

""¿Buscas comodidad sin complicaciones? Aprovecha este espacio de 90 m² diseñado para tu practicidad. Estrena hoy, vive mejor. 🏠💫""

Más información 📲

#Garzonier #Alquiler #Departamento #Alquiler","
🏢✨ DEPARTAMENTOS A ESTRENAR EN ALQUILER ✨🏢

📍 Edificio comercial sobre Av. Aroma
Características:

📐 90 m² 
💰2700 Bs. alquiler / mensual
👩🏻‍💻 Espacio ideal para área de trabajo

Vive con amplitud, comodidad y acabados modernos en un espacio completamente nuevo, listo para estrenar.

💬 ¡Agenda tu visita y conoce tu próximo hogar!

📲 Más información ","🏡 El espacio que tu familia estaba buscando.

Estrena un espacio donde cada ambiente suma comodidad, estilo y bienestar.

✨ Características:
💰 2700 Bs Alquiler 
✨ 90 m ²
🛏️ 2 dormitorios
🛋️ Living-comedor 
🍽️ Cocina equipada
🚿 2 baños
🧺 Área de lavado cerrada

📍 Av. Aroma

📲 Contáctanos para más información y agenda tu visita.","AMPLIO Y MODERNO DEPARTAMENTO DE 2 DORMITORIOS EN ALQUILER

🏡 El espacio que tu familia estaba buscando.

📍 Av. Aroma/zona Central 
Características 
✨ 90 m²
🛏️ 2 dormitorios con roperos empotrados 
🛋️ Living-comedor amplio
🍽️ Cocina equipada
🚿 2 baños con box de vidrio 
🧺 Área de lavado cerrada
👩🏻‍💻 Área de trabajo 
💡 Medidor de luz independiente 
🐕Pet friendly (mascotas pequeñas)
🚗 Parqueo opcional con costo adicional (400Bs/mes)

Canon de alquiler:
💰2700 Bs
💰2700 Bs garantía
💰300 Bs Expensas (incluye agua)
🪙 4590 Bs comisión inmobiliaria ","https://drive.google.com/file/d/1yXInMN5Sw3qU-ImgdGMHkSyewp3E8S0t/view?usp=drive_link, https://drive.google.com/file/d/1W-Bp-P_jLmav94UKo4Kcq51KXi9U2Q-r/view?usp=drive_link, https://drive.google.com/file/d/12LWhT8KtHv9xG82YHQj9qDP2pwKxopfy/view?usp=drive_link, https://drive.google.com/file/d/13S-LmzJ9-L6W0jIvGi8C4Ux5lmmFwUGX/view?usp=drive_link, https://drive.google.com/file/d/1VrhIdo514H6JwEF_kkqvAnaJEN2dfMVP/view?usp=drive_link, https://drive.google.com/file/d/1_OlFMUGnm9NcHfJ2F8Ieh_jCJBdkUp2F/view?usp=drive_link, "
AL100,LISTA 3,Lunes,Jazmín Heresi,Calle Santiesteban y A. Paredes ,Pacata Baja,Departamento,"1,950 Bs.","🏡 ¡Departamento en alquiler en Pacata Baja! ✨ 

🛵 Incluye parqueo moto
📏110 m² | 2 dormitorios (1 en suite) | Cocina americana | Living comedor | Lavandería | Expensas y agua incluidas. 
💰 Bs. 1.950/mes 
🚗 Parqueo opcional. 📩 

📱¡Escríbeme para agendar tu visita❗","ALQUILER DEPARTAMENTO 2D✨

🔑 ¡Tu próximo hogar te espera! 

📍 Pacata Baja – Circunvalación 
✅ 2 dormitorios 
✅ Suite con baño privado 
✅ Cocina americana
 ✅ Expensas incluidas 
💰 Alquiler: Bs. 1.950 

📲 Contáctame y agenda una visita antes de que se alquile.","✨ Amplio departamento de 110 m² en Pacata Baja Circunvalación 

🛏️ 2 dormitorios 
🛋️ Living comedor
 🍽️ Cocina americana 🧺 Lavandería 
💰 Bs. 1.950/mes 
Ideal para una pareja o familia pequeña. 

¡No dejes pasar esta oportunidad! Escríbeme para más información y visita.","✨ DEPARTAMENTO EN ALQUILER PACATA BAJA✨

📍 𝐔𝐛𝐢𝐜𝐚𝐜𝐢ó𝐧:  Zona Pacata Baja
Circunvalación una cuadra al sud
📐 𝐒𝐮𝐩𝐞𝐫𝐟𝐢𝐜𝐢𝐞 110 m2

Una propiedad que combina amplitud, funcionalidad y comodidad 🌿 Ideal para familias pequeñas que buscan espacios bien distribuidos.

𝐂𝐚𝐫𝐚𝐜𝐭𝐞𝐫í𝐬𝐭𝐢𝐜𝐚𝐬:

🛏️ 1 Suite amplia con baño privado
🛏️ 1 Dormitorio
🛋️ Living comedor iluminado y acogedor
🍽️ Cocina americana
🚽 Baño de visitas y compartido
🧺 Área de lavandería
🛵 Garaje para motos gratis
🚗 Parqueo adicional 150 Bs.

🌳 Terraza:
🧺 Lavanderías y jaulas de secado

🟡 𝐎𝐭𝐫𝐨𝐬:
🧺Área de lavandería Planta Baja
✅ Todos los servicios básicos independientes luz
📥 Expensas incluidas y agua
🚫 No mascotas
🚫 No cuenta con gas domiciliario
🚫 No tiene roperos empotrados 

💰 𝐏𝐫𝐞𝐜𝐢𝐨 𝐝𝐞 𝐀𝐥𝐪𝐮𝐢𝐥𝐞𝐫: Bs. 1.950 (incluye expensas)
💰 Garantía Bs. 1.950
💰 Comisión inmobiliaria Bs. 1.170

Agenda tu visita y descubre donde empieza tu próxima historia 🤝✨

","https://drive.google.com/file/d/1hgjYdPfNYRQpmWPX_sqHL6Rzlb2N6WEQ/view?usp=drive_link, https://drive.google.com/file/d/1oYSZPaAx81Pbs2v_vmh__CL4U4viYwOi/view?usp=drive_link, https://drive.google.com/file/d/1ToQ8Ay5VFX9HumPHKM3G-o9z5sIvUqW6/view?usp=drive_link, https://drive.google.com/file/d/1F4cKNcdVzxfTB-9o3Jrzzzwu6juu8Kqe/view?usp=drive_link, https://drive.google.com/file/d/19H-DnrKZ8pH8crs24ijTJEm_r3kShxaI/view?usp=drive_link, https://drive.google.com/file/d/1fdCW_BOLaXdSfiACgObIvlcsoLHB_Nxs/view?usp=drive_link, "
PE10,LISTA 1,Martes,Jazmín Heresi,Avenida La floresta y Avenida Reducto,Tiquipaya,Casas en Condominio,"1,520,000 Bs.","🏡 ¡Casa Townhouse a estrenar en Tiquipaya! ✨ 

📏175 m² construidos | 3 dormitorios | Jardín | Garaje para 2 autos. 🏖️ Piscina atemperada, salón gourmet, parque infantil y seguridad 24/7. 💰 Desde Bs. 1.520.000 con financiamiento bancario. 

📲 Agenda tu visita antes de que se vendan las mejores unidades.","🔥 Vive como siempre soñaste. Townhouses de lujo en Av. Reducto – Tiquipaya. 

✅ Suite con walking closet y terraza. ✅ Acabados premium (cuarzo, porcelanato importado). ✅ Áreas comunes de primer nivel. 💰 Desde Bs. 1.520.000. 📩 

📱Escríbeme y conoce este exclusivo proyecto.","✨ La casa ideal para tu familia ya está lista. 

📍 Tiquipaya – Av. Reducto.
 🛏️ 3 dormitorios | 🌿 Jardín privado | 🚗 Garaje para 2 autos. 🏖️ Piscina tropical, salón gourmet y seguridad 24 horas. 💳 Financiamiento bancario disponible. 

📲 No esperes a que suban de precio o se agoten. Agenda tu visita hoy.","✨Casas Townhouse a estrenar en venta.✨

📌Ubicación: avenida Reducto(Tiquipaya)

🔷 Superficie Construida: 175 m2
📏 Superficie del terreno: 157 m2
💰Desde Precio:  1.520.000 bs
🪙 Financiamiento bancario 

🔷PLANTA BAJA:
🛋️ Living y comedor
🎛️Cocina con cajonería alta y baja
🚽 Baño de visitas
 🧺Área de lavado
🪴 Jardín 

🔷 PLANTA ALTA
🛏️ Suite con walking closet y terraza.
🛏️ 2 habitaciones con roperos empotrados.
🛁  Baño compartido 
🛋️ Estar familiar 
 
🚗 Garaje para 2 autos
 Moderna y elegante puerta principal 

🧱 Datos técnicos 
- Mesones de cuarzo
- Toda la casa cuenta con porcelanato y piso flotante importado
- Espejos con iluminación 
- Ventanas y puertas con aluminio de alta calidad.

🔷 AREAS COMUNES:
🏖️ Piscina atemperada
🕋 Salón copropietarios. 
🎡 Parque infantil
👲🏻 Seguridad las 24 horas.

Agenda tu visita ❗","https://drive.google.com/file/d/17Y6igJHRnK5jAUppuTBwGdxLf4RtHql8/view?usp=drive_link, https://drive.google.com/file/d/1v_XUzjhUphlwBbcFgY75Yu4yNNxiwNzA/view?usp=drive_link, https://drive.google.com/file/d/1BzQO-Y870tWi3Zqgjxf16PFXkTpr1pQm/view?usp=drive_link, https://drive.google.com/file/d/1asyaSXysVBKWLvzWkGhRpQ9z7o7MsfGc/view?usp=drive_link, https://drive.google.com/file/d/1G-eMJYB6VQFWtC13ZVkI2yR1RJcZoHuu/view?usp=drive_link, https://drive.google.com/file/d/1Ck57VQcLVo60TJlh-Wz3jwIOQuUV3CUE/view?usp=drive_link, "
AL101,LISTA 2,Miercoles,Jazmín Heresi,Inka Roq'a ,Condebamba,Monoambiente,"1,650 Bs.","🏡 ¡Deja de pagar de más!
Monoambiente en alquiler en Condebamba – Zona Norte.
✨ 25 m² | Bs 1.650 (expensas incluidas) 🏊 Piscina | 🏋️ Gimnasio | 🌇 Terraza panorámica | 🔒 Seguridad 24/7
📍Ubicación estratégica cerca de Av. Simón López y Av. Beijing.

📲 Escríbeme antes de que se alquile.","🔥 ¡Ideal para estudiantes o profesionales!
Monoambiente moderno en Zona Norte – Condebamba.
✅ Cocina americana ✅ Ropero empotrado ✅ Expensas incluidas ✅ Piscina, gimnasio y ascensor
💰 Bs 1.650/mes
⚠️ Las mejores opciones duran muy poco. 

Agenda tu visita hoy❗","✨ Tu próximo hogar te está esperando.
📍 Condebamba – Zona Norte 💰 Bs 1.650 (expensas incluidas)
🏡 Monoambiente de 25 m² con excelente iluminación. 🏊 Piscina | 🏋️ Gimnasio | 🌇 Terraza | 🔒 Seguridad 24/7
🛵 Garaje disponible para moto para alquilar. 🚫 No pet friendly.

📱 Envíame un mensaje y agenda tu visita antes de que alguien más lo reserve.","MONOAMBIENTE EN ALQUILER – ZONA NORTE 

📍Calle Inka Roq'a
 Condebamba


 ✨ Superficie: 25 m²
💰 Precio: Bs 1650
💵 Expensas incluidas 

 Características: 
🛏️ 1 dormitorio con ropero empotrado, luminoso.
🚿 1 baño completo con ducha y box moderno.
🍽️ Cocineta con cajonería alta y baja.
☀️ Ambiente iluminado, con ventanales amplios. Orientación norte 
🧾 Expensas incluidas 

🏢 Áreas comunes: 
🏊‍♂️ Piscina
👥 Sala de copropietarios
🏋️ Gimnasio en planta baja
🌇 Terraza panorámica en el último piso con:
🔥 Fogonero
🍖 Churrasquero
👕 Jaulas de secado
⬆️ Ascensor
🔒 Seguridad 24/7 con cámaras
🛵 garaje para moto para alquilar 
🚫 No pet frendly 

💡 Servicios Básicos: 
💧 Agua
💡 Luz


📍 Cercanías: 
📏 A tres cuadras al norte de Av. Simón López
🏥 Cerca de la posta médica Santa Ana
🛍️ Mercado 10 de febrero
🚶‍♂️ A dos cuadras de Av. Beiging

No dejes de pasar esta oportunidad! 

Mes adelantado 1650Bs.
Garantía 1650Bs.
Comisión inmobiliaria 990Bs.
  
Contactame 📞 para agendar una visita ❗
","https://drive.google.com/file/d/1sn3s-ygy0MfNo7U9nnWGGO9b2x6MHPU_/view?usp=drive_link, https://drive.google.com/file/d/1esVtiusWUCOCJpLXiXGLaLhBBShKX081/view?usp=drive_link, https://drive.google.com/file/d/1J-87MKcnkrouedmzbm1W0EHVubb-O78G/view?usp=drive_link, https://drive.google.com/file/d/1KCWLYzrHj5ambZyx5gR1GwCmZ6mIgiK-/view?usp=drive_link, https://drive.google.com/file/d/1KXF9_iao37oYtNzbuiYIPM8nssvg28Jb/view?usp=drive_link, https://drive.google.com/file/d/1tfnANTZYWqP0x9Y2_0HoTd5SwnQqgOml/view?usp=drive_link, "
AN19,LISTA 3,Jueves,Jazmín Heresi,Avenida Linde,Chiquicollo,Casa,"40,000 $us.","🏡 Casa dúplex en anticrético

Espacios amplios, excelente iluminación y la comodidad que tu familia merece.

📍 Chiquicollo – Av. Linde

🛏️ 2 suites | 🚗 Garaje | 🐕 Pet friendly

💰 Anticrético: USD 40.000 o al cambio del día 
💸 Comisión inmobiliaria 3% 

📩 Agenda tu visita.","🔑 Tu próximo hogar está aquí.

Casa dúplex en anticrético, moderna, funcional y pet friendly.

📍 Chiquicollo – Av. Linde 
🛏️ 2 suites | 🚗 Garaje

💰 USD 40.000 ó al cambio del día 
💸 Comisión inmobiliaria 3%
 
📩 Contáctanos y agenda tu visita.","🏡 Más que una casa, el espacio donde comenzarás una nueva etapa.

Descubre esta hermosa casa dúplex en anticrético, con ambientes amplios, excelente iluminación y todo lo que necesitas para vivir cómodamente.

📍 Chiquicollo – Av. Linde
💰 Anticrético: USD 40.000 o al cambio del día.
💸 Comisión inmobiliaria 3%

📲 Escríbenos y agenda tu visita antes de que alguien más la reserve.","🏡 Casa dúplex en anticrético 

Disfruta de la comodidad y amplitud que buscas en una vivienda ubicada en Chiquicollo, Cochabamba. 📍av. Linde

🛏️ 2 suites amplias con baño privado y roperos empotrados
🚽Baño de visitas en planta baja.
🎛️ Cocina con cajonería.
☀️ Ambientes con excelente iluminación natural gracias a sus amplios ventanales.
🧱 Acabados en ladrillo visto, que brindan un estilo cálido y moderno.
🚗Garaje incluido.
🎚️ Medidor independiente.
🔋Intercomunicador y timbre.
🐕¡Pet friendly! Se aceptan mascotas.

💰 Anticrético: USD 40.000. o al cambio del día 
💸 Comisión inmobiliaria 3%

📩 Contáctanos agendar tu visita. ¡Esta puede ser tu próxima casa","https://drive.google.com/file/d/1ISsN895YyeTRTHo3nx8eK4SXrG5S5CZ6/view?usp=drive_link, https://drive.google.com/file/d/1E9UnNW8Xkicy-9sBmgXQumnz8sMHOizE/view?usp=drive_link, https://drive.google.com/file/d/1v3CGtOK5dRDIksm3bDRCObKZsMt4H_57/view?usp=drive_link, https://drive.google.com/file/d/1njDKfFkfDZWzGmqi6ZYPQBt1DLcDk2Bg/view?usp=drive_link, https://drive.google.com/file/d/1ca8bm4WNbeNiF9fPGSNUJw31Att9S97W/view?usp=drive_link, https://drive.google.com/file/d/1bIsb0C0n-IAOnovl_RfXXpwxrU8EqLjc/view?usp=drive_link, "
VN104,LISTA 1,Viernes,Jazmín Heresi,Melchor Urquidi entre Buenos Aires y portales,Queru Queru,Departamento,"450,000 Bs.","🏢 ¡Tu nuevo departamento te espera en la zona norte! ✨

📍 Melchor Urquidi – Sombrero de Chola

🛏️ 1 dormitorio
📐 40.57m2
🏊 Piscina atemperada + áreas comunes
🐶 PET frendly 
💰 450.000 Bs

📲 Agenda tu visita.","🏢 Departamento en venta – Melchor Urquidi

🛏️ 1 dormitorio
📐 40.57m2
🍳 Cocina americana
🏊 Piscina • Churrasquero • Salón de copropietarios
🐾 Pet friendly (mascota pequeña)
💰 450.000 Bs

📩 Escríbenos para más información.","🔑 ¡Oportunidad en la Zona Norte!

🏢 Departamento de 1 dormitorio en la Melchor Urquidi.
✔️ Living-comedor amplio
✔️ Cocina americana
✔️ 40.57m2
✔️ Áreas comunes con piscina atemperada

💰 450.000 Bs

📲 Agenda tu visita hoy.","🏢 DEPARTAMENTO 1 D EN VENTA MELCHOR URQUIDI

📍 Ubicación: Sombrero de Chola (Zona Norte).

🛏️ 1 Dormitorio
📐 40.57m2
🛋️ Living y comedor amplio en iluminado
🍳 Cocina americana con cajonería alta y baja (calefón)
🛁 Baño con tina
🧺 Área de lavado
🌞 Totalmente iluminado 

🌟 ÁREAS COMUNES
🏊🏼‍♀️ Piscina atemperada
🕋 Salón de copropietarios
🥩 Churrasquero

💰 450.000 Bs

🐕Se permite mascota Pequeñita

Agende su visita ❗
","https://drive.google.com/file/d/1xvAbZPpEyngiWfL8PsJJ_P1oiUWE8GE9/view?usp=drive_link, https://drive.google.com/file/d/1JP890Q2WbTU7aFtjLnNPEmzhVrclOLnF/view?usp=drive_link, https://drive.google.com/file/d/1czfQn6uHmdR8LdOtV3tDKh-L1hHMFTHb/view?usp=drive_link, https://drive.google.com/file/d/1FzZrFxzXJ6b5JaiVYE7EgJoiqMNSYro1/view?usp=drive_link, https://drive.google.com/file/d/1ffZPTkNfNYGb7mWK8auCfw0iKiZISYjX/view?usp=drive_link, https://drive.google.com/file/d/1jMk0789568mriOOe8i18xu81VdQL8uTE/view?usp=drive_link, "
PE11,LISTA 2,Sabado,Jazmín Heresi,Avenida Linde,Chiquicollo,Casas en Condominio,"57,500 $us.","🏡🍀 ¡Haz realidad el sueño de tu casa propia!

Vive con seguridad, comodidad y aire fresco en un Condominio exclusivo 
🛏️ 2 dormitorios 🚗 Parqueo 📐 51,20 m²
💰 Desde Solo $us 57.500 

📍 Chiquicollo
Avenida Linde 

📱Más información ","🚨 ¡Oportunidad de inversión!

🏡 Casas en condominio cerrado, ideal para vivir o invertir.

✅ 2 dormitorios 
🚿 Calefón 
🚗 Parqueo
💵 Desde $us 57.500 

📍 Chiquicollo 
Avenida Linde 

✨ ¡Agenda tu visita!","🏡✨ ¡Deja de pagar alquiler y estrena tu hogar!

🍀 Casas en Condominio exclusivo 
🛏️ 2 dormitorios 
🚗 Parqueo
 📐Desde 51,20 m²
💰 $us 57.500 

📍 Chiquicollo

📱Más información ","🏡✨CASAS EN CONDOMINIO PRIVADO Y EXCLUSIVO ✨🏡

🍀 Disfruta de vivir con tranquilidad, seguridad y aire fresco en un exclusivo condominio cerrado, ubicado en una de las zonas con mayor proyección de crecimiento de Cochabamba.
🏠 Casa de 51,20 m² y de 103.67m2 de construcción, distribuidas en: 
🛏️ 2 dormitorios (en suite casa duplex) con roperos empotrados 
🛁 Baño compartido 
🍽️ Cocineta 
🪑 Comedor
 🛋️ Pequeño estar 
🚿 Calefón 
🚗 Parqueo incluido 
💰 Precio: $us 57.500
💰 Precio: $us 92.600

📍 Ubicación: Chiquicollo, una zona en constante expansión y con gran potencial de valorización.

✨ ¡Una excelente oportunidad para vivir o invertir! Contáctanos y agenda tu visita.","https://drive.google.com/file/d/1bdS1W7XzM-xc_-Xjri0m4IsQRJ8xPVw4/view?usp=drive_link, https://drive.google.com/file/d/1eck-2ymqyZTs3Oj9LZudDbRfYXHXNiQP/view?usp=drive_link, , https://drive.google.com/file/d/1MJ7wkB01pnq2hUcBeya5k8FAk0nunblP/view?usp=drive_link, https://drive.google.com/file/d/1pRqLlUDQKFFsrnVp9NtM5q6ulHFVmzxT/view?usp=drive_link, 
https://drive.google.com/file/d/1Y41fFXkd9EIPgQujKzU2qaS8TtXEQIId/view?usp=drive_link,, "
VN105,LISTA 3,Domingo,Jazmín Heresi,Simeón Roncal y América ,Cala Cala,Departamento,"185,000 $us.","✨ ¡Departamento en Venta – Parque Lincoln! ✨

📍 Parque Lincoln – Simeón Roncal
🏡 110 m² 
🛏️ 3 dormitorios (1 suite) 
🍽️ Cocina americana 
🚗 Garaje
💰 USD 185.000

📲 ¡Agenda tu visita y descubre tu próximo hogar","✨Departamento en venta parque Lincoln ✨

📍 parque Lincoln Simeón Roncal 

🕋 Departamento de 110 m²
 🛏️ 3 dormitorios (1 suite)
 🍽️ Cocina americana 
🚗 Garaje
💰 USD 185.000

📩 ¡Escríbeme para más información o agenda tu visita!","🔑 ¡Vive en una de las mejores zonas de la ciudad! ✨

📍 Parque Lincoln – Simeón Roncal
🏢 Departamento de 110 m²
 🛏️ 3 dormitorios (1 suite) 
🍽️ Cocina americana 
🚗 Garaje
💵 USD 185.000

📩 ¡Escríbeme para más información y agenda tu visita!","🏢✨ DEPARTAMENTO EN VENTA –CALA CALA✨🏢

💰 Precio: USD 185.000
📐 Superficie: 110 m²
🛏️ 1 Suite principal 
🛏️ 2 Dormitorios 
🛋️ Living – comedor 
🍽️ Cocina estilo americana 
🚗 Garaje

🌟 Áreas comunes de primer nivel: 🏊 Piscina atemperada 
🧖 Sauna 
💦 Jacuzzi 
🎉 Salón de eventos 
💪 Gimnasio 
🌇 Plazuela panorámica

✨ Un departamento moderno, elegante y funcional, ideal para quienes buscan comodidad, exclusividad y una excelente inversión en una de las mejores zonas.

Contáctame y agenda tu visita. ¡Conoce tu próximo hogar!
","https://drive.google.com/file/d/13cKqC4AZUd_UID7ixK88u_hj1JbjvvEI/view?usp=drive_link, https://drive.google.com/file/d/1GUMjFkezMatdE6K8MdoqqNroQCOY44Rn/view?usp=drive_link, https://drive.google.com/file/d/14u0R2eOuDK__sfIMT7oeHVfL-Y4qc1ai/view?usp=drive_link, https://drive.google.com/file/d/1raMuNmR9S5wqHHLtbGFjhBUWs8hBsQEi/view?usp=drive_link, https://drive.google.com/file/d/1-ihNtR4ho-JUOp7uvYMQt5As65LRPqR2/view?usp=drive_link, https://drive.google.com/file/d/10a4FT11Hp6UUkry6AbPEy1uQKv8dohn1/view?usp=drive_link, "
VN107,LISTA 1,Lunes,Jazmín Heresi,Avenida Aniceto padilla y Villarroel ,Queru Queru,Monoambiente,"319,000 Bs.","🌟 MONOAMBIENTE EN VENTA AMOBLADO Y EQUIPADO 🌟

📍 Zona Queru Queru
📏 19.38 m²
💰 Precio: Bs 319.000 o USD 29.000
💧 Expensas: Bs 220 incluye wifi

📌 Distribución funcional y moderna:

✨ ¡Ideal para vivir o como inversión 

📱 Más información ","🌟 MONOAMBIENTE EN VENTA AMOBLADO Y EQUIPADO 🌟

📍 Zona Queru Queru
📏 19.38 m²
💰 Bs 319.000 o USD 29.000
💧 Expensas: Bs 220
✨ Funcional, moderno y listo para habitar. 

📌 Una excelente oportunidad para vivir o invertir 

📲 ¡Escríbeme y agenda tu visita!
","🏡 ¡Invierte en una ubicación privilegiada! ✨

📍 Zona Queru Queru
📏 19.38 m²
💰 USD 29.000 (Bs 319.000)

✅ Monoambiente amoblado y equipado 

💼 Ideal para estudiantes, profesionales o como inversión

📲 ¡Solicita más información y agenda tu visita!","🌟 MONOAMBIENTE EN VENTA AMOBLADO Y EQUIPADO 🌟

📍 Calle Gualberto Villarroel – Zona Queru Queru
📏 19.38 m²
💰 Precio: Bs 319.000 ó 29.000$us
💡 Luz independiente
🚿 Agua con prorrateo
💧 Expensas: Bs 220 incluye Wifi

✨ Distribución funcional y moderna: 🔹 Ropero empotrado
🔹 Cocineta con cajonería alta y baja
🔹 Cocina eléctrica empotrada
🔹 Conexión para lavadora y frigobar
🏢 El monoambiente incluye: 🛏️ Espacio para cama y escritorio
🚿 Baño completo con box de baño

📺 TV Smart
🍽️ Microondas
🧊 Frigobar
🧺 Lavadora 
🥣 Vajilla para dos personas
🪑 Mesita de diario

🌿 ÁREAS COMUNES 
🎉 Salón de copropietarios
🔥 Churrasqueros
🌳 Terraza panorámica 360°
🧺 Lavandería y jaulas de secado
🚻 Baños compartidos
📌 Ideal para estudiantes, inversionistas o quienes buscan su primer espacio propio.

 ¡Agenda tu visita y conoce esta excelente oportunidad! ✨","https://drive.google.com/file/d/15cIGwoOBpcNo4PKVUM6jkwww4R8Tp1YF/view?usp=drive_link, https://drive.google.com/file/d/1c4PE5Nd19E_R3F-OxRDhqGVuGPcb88YK/view?usp=drive_link, https://drive.google.com/file/d/143BxTABAnRAUM86ZeQaZMo_JU0udyYrd/view?usp=drive_link, https://drive.google.com/file/d/1ofBg7xfn7aROgAzvlvTy0VEZaKwagJS3/view?usp=drive_link, https://drive.google.com/file/d/178ZuWMpFcA-klSWYNZYVOd0heMD18k_d/view?usp=drive_link, "
AL102,LISTA 2,Martes,Cecilia Ardaya,Colombia esquina Tarapacá ,Centro,Casa,"9,000 Bs.","🏡 CASA COMERCIAL EN ALQUILER

📍 Cerca de Plaza Cobija

Espacio ideal para oficinas, empresas, institutos o negocios.

🔹 9 ambientes/oficinas
🔹 Almacén / depósito
🔹 4 baños
🔹 Garaje para 3 vehículos

📐 420 m² de terreno | 397 m² construidos

💵 Alquiler: Bs 9.000 con factura

📱 Contáctame para conocer más detalles o coordinar una visita.
","🏢 CASACOMERCIAL EN ALQUILER

📍 Zona Plaza Cobija

Casa comercial de 397 m² construidos, con distribución para actividades empresariales y comerciales.

• 9 ambientes/oficinas
• Almacén / depósito
• 4 baños
• Garaje para 3 vehículos

📐 Terreno: 420 m²
💵 Bs 9.000/mes con factura

📲 Agenda una visita y conoce el inmueble.","🏡 CASA COMERCIAL EN ALQUILER – CERCA PLAZA COBIJA

📐 420 m² de terreno
🏗️ 397 m² construidos

✅ 9 ambientes/oficinas
✅ Almacén / depósito
✅ 4 baños
✅ Garaje para 3 vehículos

💵 Bs 9.000 con factura

Ideal para oficinas, empresas, institutos o negocios.

📱 Consultas y visitas por mensaje.","🏡✨ CASA COMERCIAL EN ALQUILER – UBICACIÓN Estratégica 

📍 Cerca Plaza Cobija

Ideal para empresas, oficinas, institutos,  o negocios que buscan amplitud y comodidad

🛋️ 9 ambientes/oficinas 
🔹 Almacén /depósito 
🚽 4 baños en total
🚗 Garaje para 3 vehículos

📐 Superficie:
• 420 m² de terreno
• 397 m² construidos

💼 Perfecta para empresas que buscan presencia, comodidad y versatilidad en un solo lugar.

💵 Alquiler: 9.000Bs con Factura 

📱 Contáctame para más información o agendar una visita.","https://drive.google.com/file/d/1Ior6o39RGzkxHHY2Vm48odbKOyQTHuVG/view?usp=drive_link, https://drive.google.com/file/d/12tpFUv77brL1t0YQPFDoe859LJ4Rl62q/view?usp=drive_link, https://drive.google.com/file/d/1Kfwd_mHt8s5lSnmq-VWv0Y7TK9LwQNKC/view?usp=drive_link, https://drive.google.com/file/d/1ea1OTbutIyMZardVBix4Iz08l6Ob4HVU/view?usp=drive_link, https://drive.google.com/file/d/1Q-gtjedeFO0acoiFFDR-_txqsWwC2neb/view?usp=drive_link, https://drive.google.com/file/d/1zJlfsgsLb6K3Ntw23QnnhAtE5ifGVAIq/view?usp=drive_link, "
VN106,LISTA 3,Miercoles,Jazmín Heresi,Avenida Ballivian ,El Prado,Monoambiente,"420,000 Bs."," 🏢 MONOAMBIENTE EN VENTA AMOBLADO 🏢

💵 La inversión que sí se paga sola!!

📍 Av. Ballivián El Prado
📐 Superficie: 25 m2
💰 Precio: Bs 420.000

📱 Más información 

✨ Totalmente amoblado y listo para Airbnb o inversión"," 🏢 A LA VENTA MONOAMBIENTE AMOBLADO Y EQUIPADO 🏢

💵 Genera desde el primer momento!

📍 Av. Ballivián El Prado
📐 Superficie: 25 m2
💰 Precio: Bs 420.000

📱 Más información 

✨ Listo para Airbnb o inversión"," 🏢 AMOBLADO Y EQUIPADO MONOAMBIENTE EN VENTA 🏢

💰Buscas invertir fácil y sencillo? 

📍 Av. Ballivián El Prado
📐 Superficie: 25 m2
💰 Precio: Bs 420.000

📱 Más información 

💼 Perfecto para inversionistas que buscan rentabilidad..","✨ La inversión inteligente que genera ingresos desde el primer día ✨

🏢 MONOAMBIENTE EN VENTA – VÍA ALAMEDA 🏢
📍 Av. Ballivián, El Prado
📐 Superficie: 25 m2
💰 Precio: Bs 420.000

🔑 Totalmente amoblado y equipado, ideal para vivir o generar ingresos con Airbnb desde el primer día.
📺 Televisor
🧊 Frigobar
🛏️ Cama de 2 plazas
🪵 Mesita de noche
🛋️ Sofa 

🗂️ Documentación lista para transferencia 
✨ Diseño moderno, funcional y listo para entrega inmediata.

🕋 Amenidades exclusivas
🌳 Terraza de 360°
🧴 Lavanderías y jaulas de secado
💃🏻 Salón de copropietarios 
🥩 Parrilleros 

📍 Ubicado en una de las zonas más exclusivas y cotizadas de Cochabamba, con alta demanda y excelente proyección de valorización.

💼 Perfecto para inversionistas que buscan rentabilidad, seguridad y ubicación premium en un solo lugar.

Agenda tu visita ❗","https://drive.google.com/file/d/1U2mRD8XKuOt_XKKvFENoPmUQ6k7SqlW8/view?usp=drive_link, https://drive.google.com/file/d/1bCe6jH-iQmEI77DVYur1GrVO6pYXAYXO/view?usp=drive_link, https://drive.google.com/file/d/1phQh2iGXJL-8u8tdLcBNW_xtR31cIAFY/view?usp=drive_link, https://drive.google.com/file/d/1-3hbd9pC1RquwHEWQfIxSQCEhgxRBuiZ/view?usp=drive_link, https://drive.google.com/file/d/1Et2nI7XnnEHGV4oCP8Lw2piNVbJarMcF/view?usp=drive_link, "
AL103,LISTA 1,Jueves,Claudia Campos,calle Apurimack,Sarco,Departamento,"2,600 Bs.","✨ ¡Tu próximo hogar ! 

🏡Alquila este lindo departamento de 📐 70 m² por solo 💰 Bs 2.600 con expensas incluidas. 

Tiene 🛏️ 2 dormitorios (1 suite 👑)
living 🛋️, cocina americana 🍽️ 
✨áreas comunes 🌅.
🚫 No mascotas 

📲 ¡Escríbeme para coordinar una visita! 🗓️"," 🏡 Alquiler en Zona Sarco – Bs 2.600 💰Cómodo departamento de 📐 70 m².

 Cuenta con 🛏️ 2 dormitorios (1 suite 👑), cocina americana 🍽️. living-comedor 🛋️ y áreas comunes 🌅.
 ¡Expensas ya incluidas!
🚫 No mascotas 

 📲 ¡Contáctame y agenda tu visita!",".🏡 Departamento en Alquiler – Zona Sarco 

💰 Precio: Bs 2.600
 (Expensas incluidas )

📐 Espacio: 70 m²
 | 🛏️ 2 dormitorios (1 en suite 👑)

🛋️ Detalles: Living-comedor, cocina americana 🍽️ y áreas comunes 🌅.
🚫 No mascotas 

📲 ¡Agenda tu visita hoy mismo! ✨"," 🏡En alquiler departamento a estrenar 

✨ ¡Tu próximo hogar en Zona Sarco!

📐 70 m² por solo 💰 Bs 2.600 con expensas incluidas

 🚘.Características principales:

🛏️ 2 dormitorios 1 en suite 
🛋️ Living-comedor amplio
🍽️ Cocina americana moderna

🌅 Acceso a áreas comunes
⛩️ Salón de copropietarios
🌄 Terraza 

Condiciones de ingreso:
💵 1 mes de alquiler adelantado
🔒 1 mes de garantía💼 Comisión inmobiliaria = 1560 bs.
(60% de un mes de alquiler)

📲 ¡Escríbeme para consultar los requisitos completos y coordinar tu visita! 🗓️","https://drive.google.com/file/d/1Kfvi3AsCFwSkvs8haACwnzwuMXehj0WS/view?usp=drive_link, https://drive.google.com/file/d/1d7uVQqYpoY5voudNH2HGsTbntu_dNIdB/view?usp=drive_link, https://drive.google.com/file/d/12qIvxLX0HTgTaOQnx7G9KTsn5_ZNPiI4/view?usp=drive_link, https://drive.google.com/file/d/10AiVQQey0nqQpKdGg4wIx6RHgC6ibhJG/view?usp=drive_link, https://drive.google.com/file/d/1aLQ3b_N_Q16cdnxhkbEfiytgBElw1XvJ/view?usp=drive_link, https://drive.google.com/file/d/1I-AgEq2iYaj9zzX-5FdggZcHbAFa7n98/view?usp=drive_link, "
AL104,LISTA 2,Viernes,Claudia Campos,Calle Apurimak,Sarco,Departamento,"3,500 Bs."," 🏢 Departamento en Alquiler – Zona Sarco

💰 Precio: Bs 3.500 (Incluye expensas y parqueo)

🛏️ Espacios: 3 habitaciones, sala-comedor y cocina equipada
📍 Ubicación: Av. Beijing y Parque Demetrio Canelas

🎓 Entorno: Cerca de universidades, bancos y supermercados

📲 Contacto: Agenda tu visita hoy mismo","🙌 ¡Ideal para compartir! 
Alquiler Zona Sarco

💵 Costo 💳 Total: Bs 3.500 (Expensas y parqueo incluidos)
☀️ Ambientes: 3 dormitorios amplios con excelente luz natural
🌲 Zona: A pasos del Parque Demetrio Canelas y Av. Beijing

🏎️ Plus: Incluye puesto de parqueo vehicular

Más información 📱","🏡 ALQUILER DEPARTAMENTO ZONA BEIJING

📍 Ubicación: Zona Sarco, a pasos del Parque Demetrio Canelas

💰 Precio: Bs 3.500 (Expensas incluidas)

🛏️ Distribución: 3 Habitaciones | 
Sala-Comedor | Cocina equipada

🚗 Parqueo: Incluido

📲 Visitas: Escríbeme ahora mismo para agendar","DEPARTAMENTO 3 DORMITORIOS EN ALQUILER 🏡 

📍 Ubicación: Zona Sarco, a pasos del Parque Demetrio Canelas. 
📐Superficie: 122 m2
🍴Sala - comedor
🍳Cocina abierta con extractor y despensa.
🧼Área de lavado
🏞️Balcón
🛏️ 1 Suite, con vestidor y baño privado
🛏️ 2 Dormitorios 
🚽Baño compartido
🚗 Parqueo: Incluido

Áreas comunes:
🔸Salón de copropietarios
🔸Terraza con cocineta

💵 Alquiler: Bs 3.500 al mes
🏢 Expensas: ¡Ya incluidas en el precio!

🔑 Pagos Iniciales de Ingreso
💰 Mes adelantado Bs 3.500
🛡️ Garantía: Bs 3.500 
🤝 Comisión: 2100 bs. (60% del canon de alquiler) 
 
Escríbeme ahora mismo para agendar❗","https://drive.google.com/file/d/1hEyr2B3NRRFyg13ifugqFTMCwdzc3p5l/view?usp=drive_link, https://drive.google.com/file/d/1TuhCWqU26oUkFrMhycSTs-uHsDUvX7jW/view?usp=drive_link, https://drive.google.com/file/d/1UBxIFuIooVy1aOoO2EbRBbPqjr_SBZtj/view?usp=drive_link, https://drive.google.com/file/d/1l432FCz_GUHfhvyoHnXdLJWe3fueZYj4/view?usp=drive_link, https://drive.google.com/file/d/19PY3sWlwmTMLB69xS7VWkp517nGYMEE4/view?usp=drive_link, https://drive.google.com/file/d/1Y35ljZnwDEprylY8t4DOP2kGNxQyc2mu/view?usp=drive_link, "
AL105,LISTA 3,Sabado,Jazmín Heresi,René Moreno y parque excombatientes ,Hipodromo,Departamento,"3,500 Bs.","🏡 DEPARTAMENTO EN ALQUILER – ✨
📍 Av. Gabriel René Moreno – Parque Excombatientes
💰 Bs 3.500 | 📐 102 m²

🛏️ 3 dormitorios | 1 suite
🛋️ Living-comedor | 🍽️ Cocina cerrada
🛡️ Portería 24 hrs. | 🌅 Áreas comunes 

🚘 Garaje + baulera incluidos

📲 ¡Agenda tu visita!","🏡 ¡VIVÍ EN UNA UBICACIÓN PRIVILEGIADA! ✨

📍 Av. Gabriel René Moreno – Parque Excombatientes
💰 Bs 3.500 | 📐 102 m²
🛏️ 3 dormitorios • 1 suite
🍽️ Cocina cerrada • 🛋️ Living-comedor
🚘 Garaje + baulera
🛡️ Portería 24 hrs.

📲 ¡Agenda tu visita!","✨ TU NUEVO HOGAR TE ESPERA 🏡

📍 Parque Excombatientes – Av. Gabriel René Moreno
💰 Bs 3.500 | 📐 102 m²
✔️ 3 dormitorios
✔️ 1 suite
✔️ Garaje + baulera
✔️ Portería 24 hrs.
✔️ Áreas comunes

📲 Consultas y visitas por WhatsApp.","¡DEPARTAMENTO EN ALQUILER 3D ✨
💰 Alquiler 3500 BS 
🚘 Incluye garaje y baulera

📍 Ubicación privilegiada: Av. Gabriel René Moreno, a pasos del Parque Excombatientes, con supermercados, restaurantes, transporte y todos los servicios que necesitas a pocos minutos.
📐 Superficie: 102 m²

 🛏️ 3 Dormitorios - 1 en Suite
🚿 1 baño compatido
🛋️ Living – comedor
🍽️ Cocina cerrada con cajonería alta y baja y extractor
🧺 Área de lavado

☀️ Orientación Noreste
🛡️ Portería 24 horas
Áreas Comunes:
🌅 Terraza 360°
👕 Jaulas de secado 
🚿 Ducha para mascotas 
🧒🏻👧🏻 Parque Infantil
🥩 Churrasquero 
🏚 Salón copropietario

✨ Vive en un edificio moderno, seguro y con una excelente ubicación, ideal para una familia que busca comodidad y calidad de vida.","https://drive.google.com/file/d/1BNFAesBtvJrdkN5Q_Q-OLGruUiUtzLnH/view?usp=drive_link, https://drive.google.com/file/d/1Mh_kSyyvNAXE5H7rJsvr7ebVbkZ0emKq/view?usp=drive_link, https://drive.google.com/file/d/1WL2H9yVZ0SD1jS9_6QGmYrG2N2E31kE6/view?usp=drive_link, https://drive.google.com/file/d/1LWdEOhQAKivJ7j8rYVgg8yfmq2QjwFnU/view?usp=drive_link, https://drive.google.com/file/d/1DM2Wy0AhvKkRYCtX8UjzFKjgge_s0WSO/view?usp=drive_link, https://drive.google.com/file/d/1BFERYJfkC0EW6gtXmAnbPOnxHFH2iBKg/view?usp=drive_link, "
VN108,LISTA 1,Domingo,Jazmín Heresi,René Moreno y parque excombatientes ,Hipodromo,Departamento,"125,000 $us.","🏡 DEPARTAMENTO EN VENTA – ✨
📍 Av. Gabriel René Moreno – Parque Excombatientes
💰 $us 125.000 | Cambio oficial
📐 102 m²
🛏️ 3 dormitorios | 1 suite
🛋️ Living-comedor | 🍽️ Cocina cerrada
🛡️ Portería 24 hrs. | 🌅 Áreas comunes
🚘 Garaje + baulera incluidos

📲 ¡Agenda tu visita!","✨ ¡DEPARTAMENTO EN VENTA! 🏡
📍 Parque Excombatientes – Av. Gabriel René Moreno
💰 $us 125.000 | Cambio oficial
📐 102 m²
🛏️ 3 dormitorios • 1 suite
🛋️ Living-comedor • Cocina cerrada
🚘 Garaje + baulera
🛡️ Portería 24 hrs.

📲 ¡Consultanos y agenda tu visita!","🏡 ¡OPORTUNIDAD EN VENTA! ✨
📍 Av. Gabriel René Moreno – Parque Excombatientes
💰 $us 125.000 | Cambio oficial
📐 102 m²
🛏️ 3 dormitorios | 1 suite
🛋️ Living-comedor | 🍽️ Cocina cerrada
🚘 Garaje + baulera
🛡️ Portería 24 hrs. | 🌅 Áreas comunes

📲 ¡Conocelo y enamórate de tu próximo hogar!","🏡 ¡DEPARTAMENTO EN VENTA – EDIFICIO ÉBANO! ✨

💰 $us 125.000 | Cambio oficial
📐 102 m²
📍 Av. Gabriel René Moreno – a pasos del Parque Excombatientes
🛏️ 3 dormitorios | 1 suite
🚿 1 baño compartido
🛋️ Living-comedor
🍽️ Cocina cerrada equipada
🧺 Área de lavado
☀️ Orientación noreste
🚘 Garaje + baulera incluidos
🛡️ Portería 24 horas
✨ Áreas comunes:
🌅 Terraza 360° • 🥩 Churrasquero • 🧒 Parque infantil
👕 Jaulas de secado • 🚿 Ducha para mascotas • Salón de copropietarios

📲 ¡Agenda tu visita y hazlo tuyo!","https://drive.google.com/file/d/1ihw8tQcJ5Saxnx7m9_jzDtGSBeyaBtfL/view?usp=drive_link, https://drive.google.com/file/d/1Y0qDUcZqgYaRqHmJtKW7R2EO6DZ34USH/view?usp=drive_link, https://drive.google.com/file/d/1WIUgMD6pfvUgbjcDc36STO1LBasHlLfG/view?usp=drive_link, https://drive.google.com/file/d/1-9xkOiEhsyzpoGDN3VhIP6U-9qCmSQ6s/view?usp=drive_link, https://drive.google.com/file/d/1Nk7XAmviMQsdK4Ina96kGrCxePPdaV0i/view?usp=drive_link, https://drive.google.com/file/d/1usa8_NxL3gFOdzpR8lUiZiDdvFyJzDeU/view?usp=drive_link, "
AL106,LISTA 2,Lunes,Carla Tovar,Calle Santa Cruz esquina Beni Edificio Las Palmas I  departamento 9A,Queru Queru,Departamento,"7,700 Bs.","DEPARTAMENTO AMOBLADO DE 3 DORMITORIOS EN ALQUILER
📍Ubicado en la Av. Santa Cruz
🛏️1 Suite, 2 Dormitorios 
📐224 m2
🚗Parqueo
💵Bs 7.700 mes
Ubicado en esquina, vista inmejorable, transporte publico en la puerta, cerca de restaurantes y supermercados 

Mayor información📲 
","AMPLIO DEPARTAMENTO EN ALQUILER
🛏️3 dormitorios, 1 en suite
🚗Parqueo
👉Completamente amoblado
💵Bs 7.700 mes
📍Queru Queru
Incluye expensas y factura

Mayor información📲 ","DEPARTAMENTO DE 3 DORMITORIOS EN ALQUILER

📍Excelente ubicación, Av. Santa Cruz. 
🪑Completamente amoblado.
🛏️3 dormitorios y parqueo 
💵Bs. 7.700 - incluye expensas y agua
📐224 m2

Mayor información📲 
","DEPARTAMENTO DE 3 DORMITORIOS EN ALQUILER
📍Av. Santa Cruz y Beni
🪑Completamente amoblado

🍴 Amplia Sala Comedor
🍳 Cocina cerrada con comedor de diario
🛏️ 1 Suite con baño privado
🛏️ 2 Dormitorios
🚽 Baño compartido y baño de visitas
🧼 Área de lavado y dependencias de servicio

ÁREAS COMUNES
🔸 Salón de copropietarios
🔸 Piscina
🔸 Parrillero

💧Expensas incluyen el agua
📄Alquiler facturado.

Pagos: 
Mes de alquiler adelantado: 7,700 bs.
Mes de garantía: 7,700 bs.
Comisión inmobiliaria: 3,850 bs.

AGENDA TU VISITA!","https://drive.google.com/file/d/1WwFxbO_EyXKXxCg7QbjZEEVephBh4bRF/view?usp=drive_link, https://drive.google.com/file/d/1Y5wWzJzxDY2cr12_D7743qpIHKQ-H2bF/view?usp=drive_link, https://drive.google.com/file/d/1PMmoX0OO3vepozlrRjPwXLmJTc2Yrm7i/view?usp=drive_link, https://drive.google.com/file/d/1F1SxCmrbv2PIk2gFcU71IrzcsWHUO2tl/view?usp=drive_link, https://drive.google.com/file/d/1oS--evuk7CHOMQKJCIWrehMxahUwQ65p/view?usp=drive_link, https://drive.google.com/file/d/1-JjE9Um5F3S_zItrRckLfvg6lHKfYb4X/view?usp=drive_link, "
VN109,LISTA 3,Martes,Paola Ramirez,"Washington No. 1206 entre Ayacucho y Cochabamba, frente al Mercado Fermin Lopez.",ORURO,Hotel,"1,800,000 $us.","🏨VENTA de Hotel-Shopping en Oruro 🎇

🏨 INCLUIDO TODO EL MOBILIARIO E INVENTARIO COMPLETO 🤑 
 
Superficie del terreno: 500 m2.
Sup. construida aprox:2500 m2.

📍Cerca al Mercado Fermín López.
💸 11 tiendas para comercio 
💰 Venta: USD 1.800.000 o al cambio 10Bs.

Contáctame para mayor información: 📲","🏨🛍️Hotel+Shopping en venta en Oruro

🤑 Con demanda de hospedaje en carnaval y por comercio anual 🤑 
 
Categoría: 4 estrellas
Superficie del terreno: 500 m2.
Superficie construida aprox.: 2500 m2.
Numero de niveles: 6

📍Cerca al Mercado Fermín López.
🛏️ Mobiliario incluido
💸 11 tiendas para comercio 
💰 Venta: USD 1.800.000 o al cambio 10Bs.

Informes y visitas al 📲:","🏨Venta de Hotel / Shopping en Oruro🛍️

🤑 INGRESOS TODO EL AÑO 🤑 
 
Superficie del terreno: 500 m2.
Superficie construida aprox.: 2500 m2.
6 niveles 

📍Cerca al Mercado Fermín López.
🛏️ Mobiliario incluido
💸 11 tiendas para comercio 
💰 Venta: USD 1.800.000 o al cambio 10 Bs.

Visita al numero: 📲","🏨VENTA Shopping Hotel en Oruro 🎇

🤑 Con demanda de hospedaje en carnaval y por comercio anual 🤑 
 
Categoría: 4 estrellas
Superficie del terreno: 500 m2.
Superficie construida aprox.: 2500 m2.
Numero de niveles: 6
P.B. Pre-recepción del hotel, Galería comercial con tiendas y baños para los clientes.

1er. Piso Recepción del hotel, cafetería, gerencia, administración, contabilidad, 2 salas de reuniones (para cursos, seminarios, talleres, etc.).

2do. Piso Habitaciones 301 a 310 incluye suite 308.

3er. Piso Habitaciones 401 a 410 incluye suite 408.

4to. Piso Sala de eventos con capacidad de 120 sillas y 12 mesas, además de la zona de baile.

5to. Piso Lavanderías, baños del personal, sala de termotanques, área de secado cubierta.

La venta del Shopping Hotel🛍️ incluye todo el mobiliario (camas, veladores, roperos, etc), todo fabricado con materiales de la mas alta calidad.

Mas de 10 años de experiencia
Además de estar considerado como el mejor hotel de Oruro, contamos con una base de datos que sobrepasa los 4000 clientes compuesta por un 95% de empresarios de las mas grandes empresas del país, 3% particulares y 2% turistas.

📍Cerca al Mercado Fermín Lopez.
🛏️ Mobiliario incluido
💸 11 tiendas para comercio 
💰 Venta: USD 1.800.000 o al cambio 10Bs.","https://drive.google.com/file/d/1d5bj_dVi7NaY8tdx_2AU0SBStQsifPmH/view?usp=drive_link, https://drive.google.com/file/d/1cV5yBXAj5sRTI9KiQJ9cnb0b609dRg97/view?usp=drive_link, https://drive.google.com/file/d/1XjBvbhCaU6CtegtpriHXuSzE55G31BVs/view?usp=drive_link, https://drive.google.com/file/d/1AzLNA6QDHjdtnVvJPEMQxxARdBtv32y0/view?usp=drive_link, https://drive.google.com/file/d/13e35EoAowYWmbBxQpIt8yTesvVUmP7LT/view?usp=drive_link, https://drive.google.com/file/d/1sEgG5QRrg_V6t8LIWwQy2XZJ3RWKv124/view?usp=drive_link, "
,LISTA 1,Miercoles,Paola Ramirez,Zenon salinas,Muyurina,Departamento,"11,000 Bs.","🌇DUPLEX DE LUJO, ALQUILER 

👀 Descubre este hermoso departamento dúplex en alquiler, Anticretico con opción a venta o venta, con ambientes amplios, excelente iluminación y todo lo que necesitas para vivir cómodamente.

📍 PARQUE DEL ARQUITECTO 
🛋️ Living comedor amplio
🪟 Cocina con cajonería alta y baja 
🎛️ Cocina 
❄️ Refrigerator 
🌀 Estractora
🚘🚘 2 Parqueos 
📥 1 Baulera 
💸 Precio Alquiler Incluyeexpensas 
🛏️ 2 Dormitorios 
🛏️ 1 suit 
🚽 3 baños 
🥩 Churrasquero 
🛁 Jacuzzi 
🍱 Área de despensa 
💧 Área de lavado 
🤖 Chapa inteligente 
👌🏻 Materiales de primera calidad 
+ Áreas comunes 


💰 ALQUILER: BS 11.000 
💸 Comisión inmobiliaria 50% de 1 mes

📲 Más información:
","🌇DEPARTAMENTO DUPLEX ALQUILER 

👀 Buscas comodidad, lujo y buena ubicación? Te presento este departamento dúplex de lujo en alquiler, Anticretico con opción a venta o venta, con ambientes amplios, una excelente vista y un parque de recreación cerca a tu próximo hogar. 

Características 
📍 PARQUE DEL ARQUITECTO 
🛋️ Living comedor amplio
🪟 Cocina con cajonería alta y baja 
🎛️ Cocina 
❄️ Refrigerator 
🌀 Estractora
🚘🚘 2 Parqueos 
📥 1 Baulera 
💸 Precio Alquiler Incluyeexpensas 
🛏️ 2 Dormitorios 
🛏️ 1 suit 
🚽 3 baños 
🥩 Churrasquero 
🛁 Jacuzzi 
🍱 Área de despensa 
💧 Área de lavado 
🤖 Chapa inteligente 
👌🏻 Materiales de primera calidad 
+ Áreas comunes

💰 ALQUILER: BS 11.000 
💸 Comisión inmobiliaria 50% de 1 mes

📲 Más información:
","🏢 LUJOSO DUPLEX, ALQUILER 

👀 Te gustaría vivir en el centro de la ciudad? Este departamento está ubicado cerca a colegios, parques con mucha naturaleza que incluye padel y juegos recreativos. 

Este departamento dúplex esta disponible en alquiler, Anticretico con opción a venta o venta.

Características 
📍 PARQUE DEL ARQUITECTO 
🛋️ Living comedor amplio
🪟 Cocina con cajonería alta y baja 
🎛️ Cocina 
❄️ Refrigerator 
🌀 Estractora
🚘🚘 2 Parqueos 
📥 1 Baulera 
💸 Precio Alquiler Incluyeexpensas 
🛏️ 2 Dormitorios 
🛏️ 1 suit 
🚽 3 baños 
🥩 Churrasquero 
🛁 Jacuzzi 
🍱 Área de despensa 
💧 Área de lavado 
🤖 Chapa inteligente 
👌🏻 Materiales de primera calidad
+ Áreas comunes

💰 ALQUILER: BS 11.000 
💸 Comisión inmobiliaria 50% de 1 mes

📲 Más información:","🏢 LUJOSO DUPLEX, ALQUILER 

😍 Este hermoso departamento dúplex ofrece comodidad, lujo y buena ubicación cerca a colegios, parques con mucha naturaleza que incluye padel y juegos recreativos 
ambientes con excelente iluminación. 

Este departamento dúplex esta disponible en alquiler, Anticretico con opción a venta o venta.

📍 PARQUE DEL ARQUITECTO 
🛋️ Living comedor amplio
🪟 Cocina con cajonería alta y baja 
🎛️ Cocina 
❄️ Refrigerator 
🌀 Estractora
🚘🚘 2 Parqueos 
📥 1 Baulera 
💸 Precio Alquiler Incluyeexpensas 
🛏️ 2 Dormitorios con balcon
🛏️ 1 suit 
🚽 3 baños 
🥩 Churrasquero 
🛁 Jacuzzi 
🍱 Área de despensa 
💧 Área de lavado 
🤖 Chapa inteligente 
👌🏻 Materiales de primera calidad

✨ Areas comunes totalmente equipadas  
💆🏻‍♀️Spa  
🤽🏻‍♀️Piscina  
😮‍💨Sauna  
🏋🏻‍♀️Gym semi profesional  
🏯Salón de copropietarios  
🥩Churrasquero  
💈Ascensores con desinfección UV.  
🕋 Doble sótano  
🧱Materiales de construcción de primera calidad  
✨Lujo.  
👨‍💻👨‍💻👨‍💻Tecnología y Seguridad en todo el edificio.  
🪙detalles de diseño en color dorado  
☀️Incluye luminarias de diseño  

💰 ALQUILER: BS 11.000 
💸 Comisión inmobiliaria 50% de 1 mes.

AGENDAMOS LA VISTA? ☺️ ",
,LISTA 2,Jueves,Paola Ramirez,Zenon Salinas ,Muyurina,Departamento,"80,000 $us.","DUPLEX DE LUJO, ANTICRETICO 

😍 Descubre este hermoso departamento dúplex en Anticretico con ambientes amplios, excelente iluminación y todo lo que necesitas para vivir cómodamente.

Características 
📍 PARQUE DEL ARQUITECTO 
🛋️ Living comedor amplio
🪟 Cocina con cajonería alta y baja 
🎛️ Cocina 
❄️ Refrigerator 
🌀 Estractora
🚘🚘 2 Parqueos 
📥 1 Baulera 
💸 Precio Alquiler Incluyeexpensas 
🛏️ 2 Dormitorios 
🛏️ 1 suit 
🚽 3 baños 
🥩 Churrasquero 
🛁 Jacuzzi 
🍱 Área de despensa 
💧 Área de lavado 
🤖 Chapa inteligente 
👌🏻 Materiales de primera calidad 
+Áreas comunes 

💰 Anticrético opción a Venta:USD 80.000
💸 Comisión inmobiliaria 2%
📲 Más información:
","DEPARTAMENTO DUPLEX anticrético 

🫣 Buscas comodidad, lujo y buena ubicación? Te presento este departamento dúplex de lujo en Anticretico con opción a venta, con ambientes amplios, una excelente vista y un parque de recreación cerca a tu próximo hogar. 

Características 
📍 PARQUE DEL ARQUITECTO 
🛋️ Living comedor amplio
🪟 Cocina con cajonería alta y baja 
🎛️ Cocina 
❄️ Refrigerator 
🌀 Estractora
🚘🚘 2 Parqueos 
📥 1 Baulera 
💸 Precio Alquiler Incluyeexpensas 
🛏️ 2 Dormitorios 
🛏️ 1 suit 
🚽 3 baños 
🥩 Churrasquero 
🛁 Jacuzzi 
🍱 Área de despensa 
💧 Área de lavado 
🤖 Chapa inteligente 
👌🏻 Materiales de primera calidad 
+Áreas comunes 

💰 Anticrético opción a Venta:USD 80.000
💸 Comisión inmobiliaria 2%
📲 Más información:","LUJOSO DUPLEX, ANTICRETICO 🤩 

💥 Te gustaría vivir en el centro de la ciudad? Este departamento está ubicado cerca a colegios, parques con mucha naturaleza que incluye padel, Descubre este hermoso departamento dúplex en Anticretico con opción a venta o venta, ambientes con excelente iluminación y comodidad.

CARACTERISTICAS 
📍 PARQUE DEL ARQUITECTO 
🛋️ Living comedor amplio
🪟 Cocina con cajonería alta y baja 
🎛️ Cocina 
❄️ Refrigerator 
🌀 Estractora
🚘🚘 2 Parqueos 
📥 1 Baulera 
💸 Precio Alquiler Incluyeexpensas 
🛏️ 2 Dormitorios 
🛏️ 1 suit 
🚽 3 baños 
🥩 Churrasquero 
🛁 Jacuzzi 
🍱 Área de despensa 
💧 Área de lavado 
🤖 Chapa inteligente 
👌🏻 Materiales de primera calidad
+ Áreas comunes 

💰 Venta: USD 360.000 
💰 Anticrético opción a Venta:USD 80.000
💸 Comisión inmobiliaria 2%
📲 Más información:","🏢 LUJOSO DUPLEX, ANTICRETICO CON OPCIÓN A VENTA 
😍 Este hermoso departamento dúplex ofrece comodidad, lujo y buena ubicación cerca a colegios, parques con mucha naturaleza que incluye padel y juegos recreativos 
ambientes con excelente iluminación. 
Este departamento dúplex esta disponible en Anticretico con opción a venta o venta directa. 

Características 
📍 PARQUE DEL ARQUITECTO 
🛋️ Living comedor amplio
🪟 Cocina con cajonería alta y baja 
🎛️ Cocina 
❄️ Refrigerator 
🌀 Estractora
🚘🚘 2 Parqueos 
📥 1 Baulera 
💸 Precio Alquiler Incluyeexpensas 
🛏️ 2 Dormitorios con balcon
🛏️ 1 suit 
🚽 3 baños 
🥩 Churrasquero 
🛁 Jacuzzi 
🍱 Área de despensa 
💧 Área de lavado
🤖 Chapa inteligente 
👌🏻 Materiales de primera calidad
✨ Areas comunes totalmente equipadas
💆🏻‍♀️Spa
🤽🏻‍♀️Piscina
😮‍💨Sauna
🏋🏻‍♀️Gym semi profesional
🏯Salón de copropietarios
🥩Churrasquero
💈Ascensores con desinfección UV.
🕋 Doble sótano
🧱Materiales de construcción de primera calidad
✨Lujo.
👨‍💻👨‍💻👨‍💻Tecnología y Seguridad en todo el edificio.
🪙detalles de diseño en color dorado
☀️Incluye luminarias de diseño  

💰 Venta: USD 360.000 
💰 Anticrético opción a Venta:USD 80.000
💸 Comisión inmobiliaria 2%
AGENDAMOS LA VISTA? ☺️ ",
,LISTA 3,Viernes,Paola Ramirez,Zenon Salinas ,Muyurina,Departamento,"360,000 $us.","🌇DUPLEX DE LUJO, VENTA
Este hermoso departamento dúplex en venta, cuenta con ambientes amplios, excelente iluminación y todo lo que necesitas para vivir cómodamente.

📍 PARQUE DEL ARQUITECTO 
🛋️ Living comedor amplio
🪟 Cocina con cajonería alta y baja 
🎛️ Cocina 
❄️ Refrigerator 
🌀 Estractora
🚘🚘 2 Parqueos 
📥 1 Baulera 
💸 Precio Alquiler Incluyeexpensas 
🛏️ 2 Dormitorios 
🛏️ 1 suit 
🚽 3 baños 
🥩 Churrasquero 
🛁 Jacuzzi 
🍱 Área de despensa 
💧 Área de lavado 
🤖 Chapa inteligente 
👌🏻 Materiales de primera calidad 
+Áreas comunes 

💰 Venta: USD 360.000 
📲 Más información:","DEPARTAMENTO DUPLEX VENTA
 
👀 Buscas comodidad, lujo y buena ubicación? Te presento este departamento en venta, con ambientes amplios, una excelente vista y un parque de recreación cerca a tu próximo hogar. 

📍 PARQUE DEL ARQUITECTO 
🛋️ Living comedor amplio
🪟 Cocina con cajonería alta y baja 
🎛️ Cocina 
❄️ Refrigerator 
🌀 Estractora
🚘🚘 2 Parqueos 
📥 1 Baulera 
💸 Precio Alquiler Incluyeexpensas 
🛏️ 2 Dormitorios 
🛏️ 1 suit 
🚽 3 baños 
🥩 Churrasquero 
🛁 Jacuzzi 
🍱 Área de despensa 
💧 Área de lavado 
🤖 Chapa inteligente 
👌🏻 Materiales de primera calidad 
Áreas comunes 
🤿 Piscina y +++

💰 Venta: USD 360.000 
📲 Más información:","🏢 LUJOSO DUPLEX, VENTA 

🤩🤩 Te gustaría vivir en el centro de la ciudad? Este departamento está ubicado cerca a colegios, parques con mucha naturaleza que incluye padel, Descubre este hermoso departamento dúplex en venta, ambientes con excelente iluminación y comodidad.

📍 PARQUE DEL ARQUITECTO 
🛋️ Living comedor amplio
🪟 Cocina con cajonería alta y baja 
🎛️ Cocina 
❄️ Refrigerator 
🌀 Estractora
🚘🚘 2 Parqueos 
📥 1 Baulera 
💸 Precio Alquiler Incluyeexpensas 
🛏️ 2 Dormitorios 
🛏️ 1 suit 
🚽 3 baños 
🥩 Churrasquero 
🛁 Jacuzzi 
🍱 Área de despensa 
💧 Área de lavado 
🤖 Chapa inteligente 
👌🏻 Materiales de primera calidad
Áreas comunes 
🤿 Piscina Y +++++

💰 Venta: USD 360.000 💰 
📲 Más información:","🏢 LUJOSO DUPLEX, VENTA 

😍 Este hermoso departamento dúplex ofrece comodidad, lujo y buena ubicación cerca a colegios, parques con mucha naturaleza que incluye padel y juegos recreativos 
ambientes con excelente iluminación. 

Este departamento dúplex esta disponible también en Anticretico con opción a venta o venta directa.

Características 
📍 PARQUE DEL ARQUITECTO 
🛋️ Living comedor amplio
🪟 Cocina con cajonería alta y baja 
🎛️ Cocina 
❄️ Refrigerator 
🌀 Estractora
🚘🚘 2 Parqueos 
📥 1 Baulera 
💸 Precio Alquiler Incluyeexpensas 
🛏️ 2 Dormitorios con balcon
🛏️ 1 suit 
🚽 3 baños 
🥩 Churrasquero 
🛁 Jacuzzi 
🍱 Área de despensa 
💧 Área de lavado 
🤖 Chapa inteligente 
👌🏻 Materiales de primera calidad

✨ Areas comunes totalmente equipadas
💆🏻‍♀️Spa
🤽🏻‍♀️Piscina
😮‍💨Sauna
🏋🏻‍♀️Gym semi profesional
🏯Salón de copropietarios
🥩Churrasquero
💈Ascensores con desinfección UV.
🕋 Doble sótano
🧱Materiales de construcción de primera calidad
✨Lujo.
👨‍💻👨‍💻👨‍💻Tecnología y Seguridad en todo el edificio.
🪙detalles de diseño en color dorado
☀️Incluye luminarias de diseño  

💰 💰 Venta: USD 360.000 

💰Anticrético opción a Venta:USD 80.000💸 Comisión inmobiliaria 2%
AGENDAMOS LA VISTA? ☺️ ",
,LISTA 1,Sabado,Paola Ramirez,Complejo campestre Urubo 2,Urubó (Santa Cruz),Lote,"500,000 Bs.","LOTE EN VENTA URUBO SANTA CRUZ

🏝️ Un lugar con un clima muy agradable para pasar en familia hermosas vistas ,aire puro sin tanta bulla de la ciudad

📍 Urubó
💵 precio 500,000 bs

✨La mejor inversion para el futuro
💧Servicios basicos

📲 Información 

#VN43 #Terrenoenventa #Terreno #Venta  #Construcion #inversion #urbanizacion #Cochabamba
# SantaCruz #Bolivia #ViralBolivia #plusvalia #Noventa #90 #Oportunidad #Adquiere","VENTA LOTE URUBO SANTA CRUZ

🏞️ Hermoso lugar libre de humo y contaminación. Apto para escapar del ruido de la ciudad

📍 Urubó
💵 precio 500,000 bs

✨La mejor inversion para el futuro
💧Servicios basicos

📲 Información 

#VN43 #Terrenoenventa #Terreno #Venta  #Construcion #inversion #urbanizacion #Cochabamba
# SantaCruz #Bolivia #ViralBolivia #plusvalia #Noventa #90 #Oportunidad #Adquiere","LOTE EN VENTA SANTA CRUZ

💥 Excelentes terrenos para invertir en Santa Cruz bien delimitados y cuidados

📍 Urubó
💵 precio 500000 bs

✨La mejor inversión para el futuro
💧Servicios básicos

📲 Información 

#VN43 #Terrenoenventa #Terreno #Venta  #Construcion #inversion #urbanizacion #Cochabamba
# SantaCruz #Bolivia #ViralBolivia #plusvalia #Noventa #90 #Oportunidad #Adquiere","LOTE EN VENTA URUBO SANTA CRUZ

🏝️ Un lugar con un clima muy agradable para pasar en familia hermosas vistas ,aire puro sin tanta bulla de la ciudad, Excelentes terrenos para invertir en Santa Cruz bien delimitados y cuidados. 

📍 Urubó
💵 precio 500000 bs
Todo precio es charlable 🤩 

La urbanización cuenta con:
💧Servicios basicos
✨ Areas comunes totalmente equipadas
🤽🏻‍♀️Piscina
🚴 Parque para niños con  piscina 
🏯Salón de copropietarios
🥩Churrasquero 
✨Seguridad en todo el edificio.
🪙Diseño campestre 

NO PAGA NINGUNA COMISIÓN 

AGENDAMOS LA VISTA? ☺️",
,LISTA 2,Domingo,Jazmín Heresi,Avenida Pando y Hermógenes sejas,Queru Queru,Oficina / Consultorio,"75,936 $us.","🏢 OFICINA / CONSULTORIO EN VENTA – AV. PANDO

📐 63,28 m² |
 📍 2.º piso
💰 $us 75.936 – NEGOCIABLE

✨ 2 ambientes + cocineta + baño
🚀 Ascensor y escaleras eléctricas
🛡️ Seguridad 24/7 + recepción
🚘 Parqueos internos para alquiler
📄 Documentación al día
💼 Ideal para consultorio, oficina o inversión.

📲 Agenda tu visita: [NÚMERO]","📍 EXCELENTE OFICINA EN VENTA – AV. PANDO

🏢 Centro Comercial Empresarial
📐 63,28 m² | 2.º piso
💰 $us 75.936 NEGOCIABLE
✔️ 2 ambientes
✔️ Cocineta y baño
✔️ Ascensor + escaleras eléctricas
✔️ Recepción y seguridad 24/7
✔️ Documentación al día

🚘 Parqueos internos disponibles para alquiler

✨ Una excelente opción para trabajar o invertir.

📲 Consultas y visitas","🔥 ¡OPORTUNIDAD DE INVERSIÓN EN AV. PANDO!

🏢 Oficina / Consultorio en venta
📐 63,28 m² – 2.º piso
💰 $us 75.936 – PRECIO NEGOCIABLE

✨ 2 ambientes | Cocineta | Baño
🛗 Ascensor | Escaleras eléctricas
🛡️ Seguridad 24/7 | Recepción
🚘 Parqueos internos para alquiler
📄 Documentación al día
💼 Ideal para profesionales, empresas o inversionistas.

📲 Agenda","🏢✨ OFICINA / CONSULTORIO EN VENTA – CENTRO COMERCIAL EMPRESARIAL

📍 Av. Pando | Cochabamba
📐 Superficie: 63,28 m²
💰 Precio: $us 75.936 NEGOCIABLE

📌 Ubicada en 2.º piso, con excelente accesibilidad y servicios pensados para el funcionamiento de empresas y profesionales.

✨ Características: 🏷️ 2 ambientes funcionales
🏷️ Cocineta
🏷️ Baño privado
🏷️ Recepción
🏷️ Ascensor
🏷️ Escaleras eléctricas
🏷️ Seguridad 24/7
🏷️ Documentación al día
🚘 Parqueos internos disponibles para alquiler
💼 Ideal para: ✔️ Consultorio médico
✔️ Oficina profesional
✔️ Estudio jurídico o contable
✔️ Empresas
✔️ Inversionistas

📍 Excelente ubicación sobre Av. Pando, en un entorno empresarial y comercial, con fácil acceso y gran movimiento durante todo el día.

💰 Precio ofertable 
📄 Documentación al día – lista para la venta.

📲 Agenda tu visita y conoce esta excelente oportunidad de inversión.

👉 Mayor información y visitas:",
,LISTA 3,Lunes,Jazmín Heresi,Nataniel Aguirre entre Santibáñez y Jordan,Centro,Oficina / Consultorio,"1,600 Bs.","🏢 LOCAL COMERCIAL EN ALQUILER – CENTRO

📍 Nataniel Aguirre entre Santibáñez y Jordán
💰 Bs 1.600/mes | 📐 14 m²
💡 Expensas Bs 180 (agua y luz incluidas)
🚿 Baño privado
Ideal para oficina, consultorio, tienda o emprendimiento.
🚫 No gastronómico.

📲 ¡Agenda tu visita!","✨ ¡TU NEGOCIO EN EL CENTRO DE COCHABAMBA!

📍 Calle Nataniel Aguirre entre Santibáñez y Jordán
🏢 Local de 14 m²
💰 Bs 1.600/mes
💡 Expensas Bs 180 con agua y luz
✔️ Baño privado
✔️ Galería con 2 locales disponibles
🚫 No rubro gastronómico

📲 Consulta disponibilidad.","📍 LOCAL EN ALQUILER – ZONA CENTRO

A pasos de la Plaza 14 de Septiembre 🏢
📐 14 m² | 💰 Bs 1.600/mes
💡 Expensas Bs 180 (incluye agua y luz)
🚿 Baño privado
Perfecto para oficina, consultorio, tienda o emprendimiento.
🚫 No gastronómico.

📲 ¡Contáctanos y agenda tu visita!","🏢 LOCALES COMERCIALES EN ALQUILER – CENTRO DE COCHABAMBA

📍 Calle Nataniel Aguirre, entre Santibáñez y Jordán, a pasos de la Plaza 14 de Septiembre.
💰 Alquiler Bs 1.600/mes
📐 Superficie 14 m²
💡 Expensas: Bs 180 — incluyen agua y luz.

✨ Características: ✔️ Baño privado
✔️ Diferentes superficies disponibles
✔️ Ideal para tiendas, oficinas, consultorios y emprendimientos
🚫 No se permite rubro gastronómico
🏢 ¡Tenemos 2 locales disponibles en la misma galería!

Encuentra el espacio ideal para tu negocio, en una ubicación estratégica del centro.

Agenda tu visita.",
,LISTA 1,Martes,Gonzalo Fuentes,Aniceto Arce,Queru Queru,Monoambiente,"425,000 Bs.","MONOAMBIENTE EN VENTA, QUERU QUERU 
======================================
Oportunidad de inversión en la zona con una alta plusvalia

🔻Zona: QUERU QUERU, C. Aniceto Padilla
📐Superficie: 40.02 m2 aprox
💵Precio: 425.000 Bs

1 Dormitorio
Cocina abierta (encimera)
Baño Personal

Solicita más Información: 📱
https://wa.me/59171725855

#ventamonoambiente  #queruqueru #cochabamba #Bolivia #viralBolivia #parati 
","No pierdas está oportunidad, tu monombiente te espera!

🔻Próxima al Estadio
📐Superficie: 40.02 m2 aprox
💵Precio: 425.000 Bs

1 Dormitorio, cocineta, baño

Inversión Segura

Solicita más Información: 📱

#ventamonoambiente  #queruqueru #cochabamba #Bolivia #viralBolivia #parati 
","VENTA MONOAMBIENTE 

Ideal para Alquiler Tradicional, Airbnb!

🔻Próxima a Universidades, locales comerciales, restaurantes, transporte público, y más

Invierte: 425.000 Bs

Recupera tu Inversión, Gana y Crece

Solicita más Información: 📱

#ventamonoambiente  #queruqueru #cochabamba #Bolivia #viralBolivia #parati 
","=======================================
MONOAMBIENTE EN VENTA 
📍  Aniceto Padilla entre Santa Cruz y Villarroel, muy cerca del Estadio
✨oportunidad de Invierte  
📐 Superficie 40.20 m² 
💵 425.000,0$us
=======================================
El edificio cuenta con diferentes áreas para el esparcimiento 
✅ Piscina en la terraza 
✅Salón de coopropietarios
✅Gimnasio 
✅ Parrilleros 
✅  Area para niños
✅ Jardines soleados en Terraza 
Características del departamento:
🎛️Cocinera encimera
🎞️Extractor de grasas
🎚️ Calefón a gas
🪟 Box de baños
📟 Chapas Smart digitales en puertas principales.
💡 Medidores independientes de luz, agua y gas
No pierdas está oportunidad.
Agenda tu visita ❗ ❗ 

",
,LISTA 2,Miercoles,Antonio Morales,"C. Rico Toro entre C. Pando y C. Potosí, dos cuadras al norte del Parque Fidel Anze",Parque Fidel Anze,Edificio de Departamentos,"29,542 $us.","𝐃𝐄𝐏𝐀𝐑𝐓𝐀𝐌𝐄𝐍𝐓𝐎𝐒 𝐄𝐍 𝐏𝐑𝐄𝐕𝐄𝐍𝐓𝐀 MONOAMBIENTES, HOME STUDIO 1,  𝐘 2 𝐃𝐎𝐑𝐌𝐈𝐓𝐎𝐑𝐈𝐎𝐒  📍 C. Rico Toro entre C. Pando y C. Potosí, dos cuadras al norte del Parque Fidel Anze  💰 Desde 29.542,05$us Sup. 24.80 m2  🛏 Monoambientes, Home Studio, Departamentos de 1 y 2 dormitorios  ENTREGA OCTUBRE 2027  𝐀́𝐫𝐞𝐚𝐬 𝐜𝐨𝐦𝐮𝐧𝐞𝐬:   🥳 Salón de Copropietarios   🥩 Parrilleros   󰝮 Gimnasio   󰩵 Piscina   🚿 Lavanderías y Jaulas de Secado  🏞 Terraza Verde Panorámica     𝐀𝐠𝐞𝐧𝐝𝐚 𝐭𝐮 𝐯𝐢𝐬𝐢𝐭𝐚❗   📲  #BienesRaices #DepartamentosNuevos #DepartamentosenPreventa #inversionesinmobiliarias #oficinas #preventa #cochabamba #departamentos #venta #1dormitorio #2dormitorios #preventa #condominio  ",,,"𝐃𝐄𝐏𝐀𝐑𝐓𝐀𝐌𝐄𝐍𝐓𝐎𝐒 𝐄𝐍 𝐏𝐑𝐄𝐕𝐄𝐍𝐓𝐀 MONOAMBIENTES, HOME STUDIO 1 𝐘 𝟑 𝐃𝐎𝐑𝐌𝐈𝐓𝐎𝐑𝐈𝐎𝐒  📍 C. Rico Toro entre C. Pando y C. Potosí, dos cuadras al norte del Parque Fidel Anze   Monoambiente Desde 29.542,05$us Sup. 24.80 m2 Home Studio Desde 36.065,00$us Sup. 30.18 m2 Departamento 1 Desde 49.980,00$us Sup. 40.80 m2 Departamento 2 Desde 76.906,40$us Sup. 60.28 m2 
 ENTREGA OCTUBRE 2027  𝐀́𝐫𝐞𝐚𝐬 𝐜𝐨𝐦𝐮𝐧𝐞𝐬:   🥳 Salón de Copropietarios   🥩 Parrilleros   󰝮 Gimnasio   󰩵 Piscina   🚿 Lavanderías y Jaulas de Secado  🏞 Terraza Verde Panorámica    Roperos Empotrados Cocina cajonería alta y bajaMueble para lavadora y Frigobar Acabados de alta calidad Medidores Independientes 
",
,,Jueves,Claudia Campos,C. Fortin Guardia ,Chimba,Departamento,"3,500 Bs.","🔥 DEPARTAMENTO A ESTRENAR EN ALQUILER | ZONA CHIMBA

📍 Zona Chimba

  1 Suite + 2 Dormitorios.

   🚙Parqueo 

    Áreas comunes y seguridad 24/7

💰 Precio: Bs. 3.500 (Incluye expensas).

📲 Información","🌟 ¡Estrena este espectacular departamento a pasos del Parque Mariscal Santa Cruz! 🌟

    🛏️ 1 Suite privada + 2 Dormitorios amplios.

    🥩 Sala con balcón y parrillero propio, ideal para tus fines de semana.

    🍳 Cocina americana 
  🚗 Parqueo privado incluido.

💵 Alquiler: Bs. 3.500 (¡Expensas ya incluidas!)

📍 Ubicación: Zona Chimba.

📲 ¿Quieres coordinar una visita?","🏢 EN ALQUILER: DEPARTAMENTO A ESTRENAR – ZONA CHIMBA

🛏️ 1 Suite principal 
🛏️2 dormitorios
💰 3.500Bs. más expensas 

 ✨   Área Social: Sala de estar conectada a balcón con parrillero.
 🚙    Parqueo 

    Infraestructura: Áreas comunes en condominio y seguridad permanente 24h.
📞 Contactos:","🏢DEPARTAMENTO EN ALQUILER 3 DORMITORIOS🏢

    🛏️ 1 Suite privada + 2 Dormitorios amplios.

🥩 Sala con balcón y parrillero propio, perfecto para reuniones.
 🍳 Cocina americana integrada y moderna.
   🌇 Piso 2 con ascensor, excelente iluminación.
🚗 Parqueo privado incluido.

✨Áreas comunes de lujo en el edificio:
  
🌅 Terraza panorámica para relajarte.
🍷 Salón de copropietarios para tus eventos.
 🍖 Parrillero común adicional.
 🏋️ Gimnasio equipado para tu rutina diaria.
  👮 Seguridad las 24 horas.

💵 Condiciones de pago:

    Mes de alquiler: Bs. 3.500 (¡Expensas ya incluidas!)

    Garantía: Bs. 3.500
    Comisión Inmobiliaria 1750 Bs. (pago único) 

📍 Ubicación: Zona Chimba.

📲 ¿Quieres coordinar una visita? Envíanos un mensaje directo hoy mismo.",
,,Viernes,Tatiana Orellana,Urbanización La Tranquera,COTOCA,Lote,"49,000 $us.","🔥𝟮 𝗟𝗢𝗧𝗘𝗦 𝗘𝗡 𝗩𝗘𝗡𝗧𝗔 – 𝟳𝟮𝟬 𝗠² 𝗘𝗡 𝗖𝗢𝗧𝗢𝗖𝗔

📍 𝗨𝗿𝗯𝗮𝗻𝗶𝘇𝗮𝗰𝗶ó𝗻 𝗟𝗮 𝗧𝗿𝗮𝗻𝗾𝘂𝗲𝗿𝗮

📐𝟕𝟐𝟎 𝐦² 𝐞𝐧 𝐭𝐨𝐭𝐚𝐥
• 2 lotes de 360 m²
• 12 × 30 m cada uno

💰$𝟗𝟑.𝟔𝟎𝟎 𝐋𝐎𝐒 𝐃𝐎𝐒

✅ Muralla perimetral
✅ Luz, agua e internet
✅ Transporte público cercano
✅ Documentación en orden
📄 Avalúo reciente

🔥 𝗦𝗲 𝘃𝗲𝗻𝗱𝗲𝗻 𝗷𝘂𝗻𝘁𝗼𝘀 𝗼 𝗽𝗼𝗿 𝘀𝗲𝗽𝗮𝗿𝗮𝗱𝗼: $𝟰𝟲.𝟴𝟬𝟬 𝗰/𝘂

📲 Más información: 
","🔥¡𝟕𝟐𝟎 𝐌² 𝐄𝐍 𝐕𝐄𝐍𝐓𝐀 𝐄𝐍 𝐂𝐎𝐓𝐎𝐂𝐀!

📍 𝗨𝗿𝗯𝗮𝗻𝗶𝘇𝗮𝗰𝗶ó𝗻 𝗟𝗮 𝗧𝗿𝗮𝗻𝗾𝘂𝗲𝗿𝗮

📐 𝟐 𝐥𝐨𝐭𝐞𝐬 𝐝𝐞 𝟑𝟔𝟎 𝐦²
12 × 30 m cada uno

💰 $𝟗𝟑.𝟔𝟎𝟎 𝐋𝐎𝐒 𝐃𝐎𝐒
👉 También puedes comprar 𝟏 𝐥𝐨𝐭𝐞 𝐩𝐨𝐫 $𝟒𝟔.𝟖𝟎𝟎

✅ Muralla perimetral
✅ Luz, agua e internet
✅ Transporte público cercano
✅ Documentación en orden
📄 Avalúo reciente

🏡 𝐈𝐝𝐞𝐚𝐥 𝐩𝐚𝐫𝐚 𝐜𝐨𝐧𝐬𝐭𝐫𝐮𝐢𝐫 𝐨 𝐢𝐧𝐯𝐞𝐫𝐭𝐢𝐫.

📲 Información y ubicación por mensaje:
","🏡 𝐎𝐏𝐎𝐑𝐓𝐔𝐍𝐈𝐃𝐀𝐃 𝐄𝐍 𝐂𝐎𝐓𝐎𝐂𝐀 | 𝟕𝟐𝟎 𝐌²

📍 𝗨𝗿𝗯𝗮𝗻𝗶𝘇𝗮𝗰𝗶ó𝗻 𝗟𝗮 𝗧𝗿𝗮𝗻𝗾𝘂𝗲𝗿𝗮

🔥 𝟐 𝐋𝐎𝐓𝐄𝐒 𝐂𝐎𝐋𝐈𝐍𝐃𝐀𝐍𝐓𝐄𝐒
📐 360 m² cada uno | 12 × 30 m

💰 $𝟗𝟑.𝟔𝟎𝟎 𝐋𝐎𝐒 𝐃𝐎𝐒
• $46.800 cada lote
• 𝐒𝐞 𝐯𝐞𝐧𝐝𝐞𝐧 𝐣𝐮𝐧𝐭𝐨𝐬 𝐨 𝐩𝐨𝐫 𝐬𝐞𝐩𝐚𝐫𝐚𝐝𝐨

✅ Muralla
✅ Luz + agua + internet
✅ Transporte cercano
✅ Documentación en orden
📄 Avalúo reciente

📲 Escríbeme para ubicación y visita.
","  🔥 𝟳𝟮𝟬 𝗠² 𝗘𝗡 𝗩𝗘𝗡𝗧𝗔 – 𝗨𝗥𝗕𝗔𝗡𝗜𝗭𝗔𝗖𝗜Ó𝗡 𝗟𝗔 𝗧𝗥𝗔𝗡𝗤𝗨𝗘𝗥𝗔-𝗖𝗢𝗧𝗢𝗖𝗔🔥

📐 𝗨𝗡𝗔 𝗚𝗥𝗔𝗡 𝗦𝗨𝗣𝗘𝗥𝗙𝗜𝗖𝗜𝗘 𝗣𝗔𝗥𝗔 𝗤𝗨𝗜𝗘𝗡 𝗕𝗨𝗦𝗖𝗔 𝗘𝗦𝗣𝗔𝗖𝗜𝗢 𝗬 𝗣𝗥𝗢𝗬𝗘𝗖𝗖𝗜Ó𝗡

Dos lotes 𝐜𝐨𝐥𝐢𝐧𝐝𝐚𝐧𝐭𝐞𝐬 𝐝𝐞 𝟑𝟔𝟎 𝐦² 𝐜𝐚𝐝𝐚 𝐮𝐧𝐨, que puedes adquirir 𝐩𝐨𝐫 𝐬𝐞𝐩𝐚𝐫𝐚𝐝𝐨 𝐨 𝐣𝐮𝐧𝐭𝐨𝐬.

📍 𝐔𝐁𝐈𝐂𝐀𝐂𝐈Ó𝐍
Urbanización 𝐋𝐚 𝐓𝐫𝐚𝐧𝐪𝐮𝐞𝐫𝐚 – 𝐂𝐨𝐭𝐨𝐜𝐚

📐 𝐒𝐔𝐏𝐄𝐑𝐅𝐈𝐂𝐈𝐄
• 360 m² por lote
• 12 m de frente × 30 m de fondo
• 𝟕𝟐𝟎 𝐦² 𝐞𝐧 𝐜𝐨𝐧𝐣𝐮𝐧𝐭𝐨

💰 𝐏𝐑𝐄𝐂𝐈𝐎
• $𝟒𝟔.𝟖𝟎𝟎 𝐩𝐨𝐫 𝐥𝐨𝐭𝐞
• $𝟗𝟑.𝟔𝟎𝟎 𝐥𝐨𝐬 𝐝𝐨𝐬 𝐥𝐨𝐭𝐞𝐬

⚡ 𝐒𝐄𝐑𝐕𝐈𝐂𝐈𝐎𝐒 𝐘 𝐂𝐀𝐑𝐀𝐂𝐓𝐄𝐑Í𝐒𝐓𝐈𝐂𝐀𝐒
✅ Luz
✅ Agua
✅ Internet
✅ Transporte público cercano
✅ Muro perimetral
✅ Zona residencial
✅ Documentación en orden
✅ Avalúo reciente

𝐓ú 𝐭𝐢𝐞𝐧𝐞𝐬 𝐞𝐥 𝐩𝐫𝐨𝐲𝐞𝐜𝐭𝐨. !𝐄𝐥 𝐞𝐬𝐩𝐚𝐜𝐢𝐨 𝐩𝐮𝐞𝐝𝐞 𝐞𝐬𝐭𝐚𝐫 𝐚𝐪𝐮í!

Agenda tu visita ❗ 
",
